ع/ر المندوبية;المندوبية الجهوية للتربية;المعتمدية;إسم المؤسّسة;نوع المؤسسة;خط العرض;خط الطول
1;تونس 1;تونس المدينة;م.إ.  نهج المر;ابتدائي;36.8231896;10.2053473
1;تونس 1;تونس المدينة;م.إ.  عبد العزيز الأصرم;ابتدائي;36.79685;10.17402
1;تونس 1;تونس المدينة;م.إ.  نهج الحكيم كسار;ابتدائي;36.80274;10.16990
1;تونس 1;تونس المدينة;م.إ.  الصادقية نهج سنان باشا;ابتدائي;36.79883;10.16600
1;تونس 1;تونس المدينة;م.إ.  ساحة معقل الزعيم;ابتدائي;36.79269;10.16491
1;تونس 1;تونس باب بحر;م.إ.  نهج شارل ديقول;ابتدائي;36.79470;10.17813
1;تونس 1;تونس باب بحر;م.إ.  نهج روسيا عدد17;ابتدائي;36.79455;10.17734
1;تونس 1;تونس باب بحر;م.إ.  نهج الإدريسي;ابتدائي;36.8032107;10.2301377
1;تونس 1;تونس باب بحر;م.إ.  12 نهج علي الجليلي;ابتدائي;36.80799;10.17900
1;تونس 1;تونس باب بحر;م.إ.  18 نهج الهند;ابتدائي;36.81146;10.18236
1;تونس 1;تونس باب بحر;م.إ.  29 نهج مرسيليا;ابتدائي;36.80346;10.18168
1;تونس 1;تونس باب بحر;م.إ.  80 نهج عبد الرزاق الشرايبي;ابتدائي;36.79534;10.18627
1;تونس 1;تونس باب بحر;م.إ.  16 نهج روسيا;ابتدائي;36.79525;10.17729
1;تونس 1;الخضراء;م.إ.  الحي الاولمبي المنجي سليم;ابتدائي;36.83806;10.19615
1;تونس 1;الخضراء;م.إ. 34/3/2 حي الخضراء 6;ابتدائي;36.82868;10.19649
1;تونس 1;الخضراء;م.إ.  محمود بن شبعان 14-1;ابتدائي;36.83345;10.19487
1;تونس 1;الخضراء;م.إ.  نهج كلود برنار;ابتدائي;36.82316;10.18182
1;تونس 1;الخضراء;م.إ.  ضفاف البحيرة;ابتدائي;36.83639;10.24652
1;تونس 1;الخضراء;م.إ. البحيرة 2;ابتدائي;36.83251;10.23216
1;تونس 1;باب سويقة;م.إ.  55 نهج باب سويقة;ابتدائي;36.80548;10.17032
1;تونس 1;باب سويقة;م.إ. ساحة سيدي العلوي;ابتدائي;36.80779;10.16498
1;تونس 1;باب سويقة;م.إ.  نهج الأقواس;ابتدائي;36.80614;10.16318
1;تونس 1;باب سويقة;م.إ. حسان بلخوجة;ابتدائي;36.81141;10.17305
1;تونس 1;الكبارية;م.إ.  الكبارية 1;ابتدائي;36.74705;10.18988
1;تونس 1;الكبارية;م.إ.  الكبارية 3;ابتدائي;36.76262;10.19185
1;تونس 1;الكبارية;م.إ. الكبارية 4;ابتدائي;36.76361;10.19356
1;تونس 1;الكبارية;م.إ.  الكبارية 5;ابتدائي;36.76028;10.18450
1;تونس 1;الكبارية;م.إ.  الوردية 2;ابتدائي;36.75655;10.19674
1;تونس 1;الكبارية;م.إ.  الوردية 6;ابتدائي;36.75325;10.19848
1;تونس 1;الكبارية;م.إ.  المروج 2 الحي البلدي;ابتدائي;36.75969;10.19014
1;تونس 1;الكبارية;م.إ.  ابن سينا 1;ابتدائي;36.75402;10.19360
1;تونس 1;الكبارية;م.إ.  حي النور 1;ابتدائي;36.74836;10.20346
1;تونس 1;الكبارية;م.إ.  ابن سينا 2;ابتدائي;36.75476;10.18911
1;تونس 1;الكبارية;م.إ.  المروج 2-ابن خلدون;ابتدائي;36.74054;10.19865
1;تونس 1;الكبارية;م.إ.  حي النور 2;ابتدائي;36.75185;10.20132
1;تونس 1;الكبارية;م.إ.  الامتياز ( ابن سينا 6-1 );ابتدائي;36.74755;10.17898
1;تونس 1;الكبارية;م.إ.  محمود المسعدي( ابن سينا 6-2 );ابتدائي;36.75129;10.17675
1;تونس 1;الكبارية;م.إ.  المروج 2 الغزالي;ابتدائي;36.74272;10.20404
1;تونس 1;الكبارية;م.إ.  المنارة ( ابن سينا 6-3 );ابتدائي;36.75170;10.17968
1;تونس 1;الكبارية;م.إ.  النجمة الزهراء الكبارية;ابتدائي;36.74509;10.18177
1;تونس 1;الكبارية;م.إ. الهناء المروج2;ابتدائي;36.74179;10.19302
1;تونس 1;تونس سيدي البشير;م.إ.  نهج علي الدوعاجي مونفلوري;ابتدائي;36.78438;10.17692
1;تونس 1;تونس سيدي البشير;م.إ.  نهج كرباكة مونفلوري;ابتدائي;36.78365;10.17529
1;تونس 1;تونس سيدي البشير;م.إ.  نهج الساحل;ابتدائي;36.78273;10.17423
1;تونس 1;تونس سيدي البشير;م.إ.  نهج العلماء;ابتدائي;36.78967;10.17293
1;تونس 1;تونس سيدي البشير;م.إ.  حي هلال1;ابتدائي;36.78206;10.16842
1;تونس 1;تونس سيدي البشير;م.إ.  حي هلال 2;ابتدائي;36.77839;10.16982
1;تونس 1;الوردية;م.إ.  نهج الخروبة;ابتدائي;36.77685;10.19150
1;تونس 1;الوردية;م.إ.  نهج لاصوم;ابتدائي;36.77880;10.18873
1;تونس 1;الوردية;م.إ.  الوردية 1;ابتدائي;36.76803;10.18611
1;تونس 1;الوردية;م.إ.  الوفاء نهج صالح المالقي;ابتدائي;36.76961;10.17926
1;تونس 1;الوردية;م.إ.  حي الازدهار الوردية;ابتدائي;36.77037;10.18276
1;تونس 1;الوردية;م.إ.  2 مارس لاكانيا;ابتدائي;36.77252;10.18137
1;تونس 1;الوردية;م.إ.  حي محمد علي الوردية;ابتدائي;36.76772;10.18585
1;تونس 1;حلق الوادي;م.إ.  9 نهج 2 مارس حلق الواد;ابتدائي;36.81771;10.30380
1;تونس 1;حلق الوادي;م.إ. خير الدين الكرم;ابتدائي;36.82720;10.31150
1;تونس 1;حلق الوادي;م.إ. العوينة طريق سكرة;ابتدائي;36.85160;10.25823
1;تونس 1;حلق الوادي;م.إ. العوينة حي المهيري;ابتدائي;36.85073;10.26422
1;تونس 1;حلق الوادي;م.إ. حي العمارات العوينة;ابتدائي;36.85235;10.25955
1;تونس 1;حلق الوادي;م.إ.حدائق العوينة;ابتدائي;36.7600466;10.2509454
1;تونس 1;جبل الجلود;م.إ.  نهج حمام الأنف;ابتدائي;36.76469;10.20398
1;تونس 1;جبل الجلود;م.إ.  طريق لاكانيا ;ابتدائي;36.76699;10.19520
1;تونس 1;جبل الجلود;م.إ.  نهج فليب فيل ;ابتدائي;36.77011;10.19798
1;تونس 1;جبل الجلود;م.إ.  سيدي فتح الله 1;ابتدائي;36.76471;10.20446
1;تونس 1;جبل الجلود;م.إ.  سيدي فتح الله 2 ;ابتدائي;36.76509;10.20445
1;تونس 1;جبل الجلود;م.إ.  حي ثامر ;ابتدائي;36.75969;10.21179
1;تونس 1;المرسى;م.إ.  نهج الورد ;ابتدائي;36.88631;10.32527
1;تونس 1;المرسى;م.إ.  شارع بورقيبة ;ابتدائي;36.88179;10.32637
1;تونس 1;المرسى;م.إ.  حي الرياض;ابتدائي;36.88437;10.31241
1;تونس 1;المرسى;م.إ.  المرسى شارع الطيب المهيري;ابتدائي;36.88070;10.32734
1;تونس 1;المرسى;م.إ. قمرت;ابتدائي;36.90536;10.30006
1;تونس 1;المرسى;م.إ.  سيدي داود;ابتدائي;36.86486;10.30298
1;تونس 1;المرسى;م.إ.  فرحات حشاد;ابتدائي;36.89012;10.30926
1;تونس 1;المرسى;م.إ.  البحر الأزرق ;ابتدائي;36.87539;10.29100
1;تونس 1;المرسى;م.إ.  نهج محمد علي;ابتدائي;36.87801;10.31153
1;تونس 1;المرسى;م.إ.  الحي الجديد ;ابتدائي;36.88666;10.30498
1;تونس 1;المرسى;م.إ.  حروش ;ابتدائي;36.90905;10.29091
1;تونس 1;المرسى;م.إ.  حي الخليل;ابتدائي;36.7890132;10.2167931
1;تونس 1;المرسى;م.إ.  بحر الازرق;ابتدائي;36.946752;10.19655
1;تونس 1;قرطاج;م.إ.  صلامبو نهج بلوتارك;ابتدائي;36.84318;10.32299
1;تونس 1;قرطاج;م.إ.  32 حي عقبة ابن نافع قرطاج بيرصة;ابتدائي;36.84860;10.32120
1;تونس 1;قرطاج;م.إ.  2 نهج تانيت ;ابتدائي;36.85406;10.32886
1;تونس 1;قرطاج;م.إ.  نهج ابن خلدون أميلكار;ابتدائي;36.86900;10.33715
1;تونس 1;قرطاج;م.إ.  6 نهج 2 مارس سيدي بوسعيد;ابتدائي;36.87065;10.34498
1;تونس 1;قرطاج;م.إ.   قرطاج الياسمينة نهج طارق ابن;ابتدائي;36.84790;10.31052
1;تونس 1;قرطاج;م.إ.  حي محمد علي;ابتدائي;36.85432;10.31023
1;تونس 1;قرطاج;م.إ. المدرسة الدوليـة تونس;ابتدائي;36.51375;10.181368
1;تونس 1;الكرم;م.إ.  نهج ليبيا صلامبو;ابتدائي;36.84336;10.31511
1;تونس 1;الكرم;م.إ. نهج بوشوشة ;ابتدائي;36.83154;10.31728
1;تونس 1;الكرم;م.إ. شارع بورقيبة ;ابتدائي;36.83248;10.31583
1;تونس 1;الكرم;م.إ.  شريفة المسعدي;ابتدائي;36.85584;10.28164
1;تونس 1;الكرم;م.إ.  سيدي عمر الكرم الغربي;ابتدائي;36.84407;10.30568
1;تونس 1;الكرم;م.إ. المنجي سليم عين زغوان;ابتدائي;36.87795;10.26751
1;تونس 1;الكرم;م.إ. 2 نهج فرحات حشاد صلامبو;ابتدائي;36.83904;10.30884
1;تونس 1;الكرم;م.إ. 1 نهج 5 ديسمبر صلامبو;ابتدائي;36.83898;10.30747
1;تونس 1;#N/A;م.إ.  حدائق قرطاج;ابتدائي;36.8587054;10.2947024
2;تونس 2;المنزه;م.إ.  ساحة منداس فرانس ميتيال فيل;ابتدائي;36.8326161;10.1717522
2;تونس 2;المنزه;م.إ.  الهادي خفشة ;ابتدائي;36.83724;10.17835
2;تونس 2;المنزه;م.إ.  حي المنار 2;ابتدائي;36.8358775;10.1570112
2;تونس 2;المنزه;م.إ.  المنزه التاسع;ابتدائي;36.8472673;10.1559152
2;تونس 2;المنزه;م.إ.  المنار 1;ابتدائي;36.833994;10.1527261
2;تونس 2;المنزه;م.إ. حدائق المنزه;ابتدائي;36.8440099;10.1323342
2;تونس 2;العمران;م.إ.   نهج فاس/رأس الطابية;ابتدائي;36.8198981;10.143015
2;تونس 2;العمران;م.إ.  بئر عتيق جبل الأحمر;ابتدائي;36.8198175;10.1556602
2;تونس 2;العمران;م.إ.   بئر الكرم جبل الأحمر;ابتدائي;36.8182629;10.1592777
2;تونس 2;العمران;م.إ.  الفوز العمران;ابتدائي;36.8221267;10.164694
2;تونس 2;العمران;م.إ.   حي الزياتين 1;ابتدائي;36.8200472;10.1584078
2;تونس 2;العمران;م.إ.  16 نهج بشار ةالخوري;ابتدائي;36.8146479;10.1657594
2;تونس 2;العمران;م.إ.  2 مارس 34 العمران;ابتدائي;36.8205903;10.1647359
2;تونس 2;العمران;م.إ.  نهج بولونيا;ابتدائي;36.8107453;10.1552835
2;تونس 2;العمران;م.إ.  حي الزياتين 2;ابتدائي;36.8199691;10.1577509
2;تونس 2;العمران;م.إ.  حي الرمانة;ابتدائي;36.8231092;10.144574
2;تونس 2;باردو;م.إ.  شارع الحبيب بورقيبة باردو;ابتدائي;36.8086451;10.1376345
2;تونس 2;باردو;م.إ.  نهج الصنوبر باردو;ابتدائي;36.8077622;10.1470787
2;تونس 2;باردو;م.إ.  نهج مدنين  باردو;ابتدائي;36.8079849;10.1285702
2;تونس 2;باردو;م.إ.  نهج تازركة باردو;ابتدائي;36.8100937;10.14135
2;تونس 2;باردو;م.إ.  نهج البرتقال;ابتدائي;36.8107336;10.1463308
2;تونس 2;باردو;م.إ.  السعيدية  باردو;ابتدائي;36.8024959;10.1263206
2;تونس 2;باردو;م.إ.  قصر السعيد 1;ابتدائي;36.8162521;10.1213429
2;تونس 2;باردو;م.إ.  حي الرياض باردو;ابتدائي;36.8143945;10.1315935
2;تونس 2;باردو;م.إ.  حي ضباط الصف باردو;ابتدائي;36.7993635;10.1226625
2;تونس 2;باردو;م.إ.  2 مارس 34 قصر السعيد 2;ابتدائي;36.8214139;10.1224077
2;تونس 2;باردو;م.إ.  قصر السعيد 3;ابتدائي;36.8239313;10.1175792
2;تونس 2;باردو;م.إ.  نهج الهادي شاكر باردو;ابتدائي;36.8008997;10.1350876
2;تونس 2;باردو;م.إ.  ابن سينا باردو;ابتدائي;36.829644;10.1151458
2;تونس 2;السيجومي;م.إ.  النجاح الملاسين;ابتدائي;36.79065;10.16190
2;تونس 2;السيجومي;م.إ.  2 مارس 34 الملاسين;ابتدائي;36.7979454;10.1584831
2;تونس 2;السيجومي;م.إ.  باب خالد الملاسين;ابتدائي;36.79249;10.15870
2;تونس 2;الزهور;م.إ.  العمارية نهج 4157;ابتدائي;36.7998174;10.1453806
2;تونس 2;الزهور;م.إ.  حي الطيران 1 نج 4616;ابتدائي;36.79650;10.14595
2;تونس 2;الزهور;م.إ.  حي الزهور 1 نهج الاكليل;ابتدائي;36.7977313;10.1342283
2;تونس 2;الزهور;م.إ.  حي الزهور 4 نهج 4200;ابتدائي;36.79585;10.12602
2;تونس 2;الزهور;م.إ.  السمران نهج 4137;ابتدائي;36.800101;10.1401415
2;تونس 2;الزهور;م.إ.  حي الطيران 2;ابتدائي;36.79588;10.14049
2;تونس 2;الزهور;م.إ.  حي الطيران 3;ابتدائي;36.79397;10.14297
2;تونس 2;الزهور;م.إ.  باش حامبة2;ابتدائي;36.79135;10.12709
2;تونس 2;الزهور;م.إ.  حي بن سديرة;ابتدائي;36.78925;10.13112
2;تونس 2;التحرير;م.إ.  التحرير 1;ابتدائي;36.8244746;10.1263371
2;تونس 2;التحرير;م.إ.  حي التحرير 2;ابتدائي;36.8239786;10.1255639
2;تونس 2;التحرير;م.إ. حي التحرير 3;ابتدائي;36.8279664;10.1270468
2;تونس 2;التحرير;م.إ.  التحرير العلوي;ابتدائي;36.834924;10.1202915
2;تونس 2;العمران الأعلى;م.إ.  حي ابن خلدون 2;ابتدائي;36.8235256;10.138494
2;تونس 2;العمران الأعلى;م.إ.  حي ابن خلدون 3;ابتدائي;36.8306439;10.1403576
2;تونس 2;العمران الأعلى;م.إ.  حي ابن خلدون 5;ابتدائي;36.832362;10.1292888
2;تونس 2;العمران الأعلى;م.إ.  حي ابن خلدون 6;ابتدائي;36.8357424;10.1294502
2;تونس 2;العمران الأعلى;م.إ.  الانطلاقة 2;ابتدائي;36.8370444;10.1186993
2;تونس 2;العمران الأعلى;م.إ.  حي الانطلاقة 3;ابتدائي;36.8411537;10.1265167
2;تونس 2;العمران الأعلى;م.إ.  حي الانطلاقة 1 -34/3/2;ابتدائي;36.840076;10.1196434
2;تونس 2;العمران الأعلى;م.إ.  الامام بن عرفة;ابتدائي;36.83749;10.13175
2;تونس 2;العمران الأعلى;م.إ.  الشابي - العمران الاعلى34/3/2;ابتدائي;36.840745;10.1304824
2;تونس 2;الحرايرية;م.إ.  حي الزهور 4 الممتدّ;ابتدائي;36.7940011;10.1218727
2;تونس 2;الحرايرية;م.إ.  حي الزهور 5 الممتدّ 1;ابتدائي;36.7888721;10.1100295
2;تونس 2;الحرايرية;م.إ.  حي الزهور 5 الممتدّ 2;ابتدائي;36.78878;10.10943
2;تونس 2;الحرايرية;م.إ.  حي الزهور 1/5;ابتدائي;36.7900234;10.1060499
2;تونس 2;الحرايرية;م.إ.الشهيد محمد ياسين  (2 مارس 34 الحرايرية4);ابتدائي;36.7876552;10.1230974
2;تونس 2;الحرايرية;م.إ.  حي بوزيان الزهور;ابتدائي;36.795715;10.1178818
2;تونس 2;الحرايرية;م.إ.  الحرايرية 3;ابتدائي;36.7904814;10.1220241
2;تونس 2;الحرايرية;م.إ.  حي العنتيت;ابتدائي;36.7951484;10.1084933
2;تونس 2;الحرايرية;م.إ.  عقبة ابن نافع 2 الزهور;ابتدائي;36.7852673;10.1031919
2;تونس 2;الحرايرية;م.إ.  حي الزهور 2/5;ابتدائي;36.7898795;10.1064408
2;تونس 2;الحرايرية;م.إ.  18 جانفي الحرايرية;ابتدائي;36.7902327;10.1187097
2;تونس 2;الحرايرية;م.إ.  الزهروني;ابتدائي;36.7877358;10.1111171
2;تونس 2;الحرايرية;م.إ.  حي السلامة;ابتدائي;36.7848586;10.1155899
2;تونس 2;الحرايرية;م.إ. غدير القلة;ابتدائي;36.7792084;10.0528238
2;تونس 2;الحرايرية;م.إ.  حي الفلة;ابتدائي;36.79716;10.10536
2;تونس 2;الحرايرية;م.إ.  المشتل 1;ابتدائي;36.79373;10.09639
2;تونس 2;الحرايرية;م.إ.  المشتل 2;ابتدائي;36.7931678;10.0959664
2;تونس 2;الحرايرية;م.إ.  عقبة ابن نافع 1;ابتدائي;36.7881206;10.1017148
2;تونس 2;الحرايرية;م.إ.  حي الصحة ;ابتدائي;36.79260;10.08742
2;تونس 2;الحرايرية;م.إ.  حي الواحة;ابتدائي;36.7800896;10.0770042
2;تونس 2;سيدي حسين;م.إ.  العطار;ابتدائي;36.73248;10.06887
2;تونس 2;سيدي حسين;م.إ.  بيرين;ابتدائي;36.7178115;10.1073222
2;تونس 2;سيدي حسين;م.إ.  برج شاكير;ابتدائي;36.764339;10.0766979
2;تونس 2;سيدي حسين;م.إ.  مغيره انزال;ابتدائي;36.71111;10.13410
2;تونس 2;سيدي حسين;م.إ.  السيجومي;ابتدائي;36.7543317;10.1175233
2;تونس 2;سيدي حسين;م.إ.  سيدي حسين 1;ابتدائي;36.7686515;10.1144851
2;تونس 2;سيدي حسين;م.إ.  الشابي حي مراد;ابتدائي;36.7683297;10.0997099
2;تونس 2;سيدي حسين;م.إ.  حي 20 مارس السيجومي;ابتدائي;36.75273;10.11072
2;تونس 2;سيدي حسين;م.إ.  سيدي حسين 2;ابتدائي;36.77240;10.11304
2;تونس 2;سيدي حسين;م.إ.  سيدي عبد الله المعيو;ابتدائي;36.7306781;10.1232539
2;تونس 2;سيدي حسين;م.إ.  حي الفتح ;ابتدائي;36.76160;10.11207
2;تونس 2;سيدي حسين;م.إ.  حي بوقطفة;ابتدائي;36.7768359;10.1051027
2;تونس 2;سيدي حسين;م.إ.  الجيارة 1;ابتدائي;36.76817;10.09344
2;تونس 2;سيدي حسين;م.إ.  سيدي حسين 3;ابتدائي;36.76703;10.11168
2;تونس 2;سيدي حسين;م.إ.  الجيارة 2;ابتدائي;36.7678005;10.088451
2;تونس 2;سيدي حسين;م.إ.  سيدي حسين 4- حي 25 جويلية;ابتدائي;36.74445;10.11940
2;تونس 2;سيدي حسين;م.إ. عمر المختار;ابتدائي;36.7316598;10.1273579
2;تونس 2;سيدي حسين;م.إ. حي المنجي سليم المغيرة إنزال;ابتدائي;36.7102427;10.1428416
2;تونس 2;سيدي حسين;م.إ. تقسيم المعز;ابتدائي;36.74921;10.10223
2;تونس 2;سيدي حسين;م.إ. حي بوقطفة 2;ابتدائي;36.7766125;10.1051468
3;أريانة;قلعة الأندلس;م.إ.  قلعة الأندلس 1 (شارع بورقيبة );ابتدائي;37.05963;10.11174
3;أريانة;قلعة الأندلس;م.إ.  قلعة الأندلس 2;ابتدائي;37.06191;10.12041
3;أريانة;قلعة الأندلس;م.إ.  قنطرة بنزرت;ابتدائي;36.99289;10.06279
3;أريانة;قلعة الأندلس;م.إ.  برج يوسف;ابتدائي;36.94396;10.09876
3;أريانة;قلعة الأندلس;م.إ.  بوحنش;ابتدائي;36.97341;10.13543
3;أريانة;قلعة الأندلس;م.إ. قلعة الأندلس 3;ابتدائي;37.05808;10.11990
3;أريانة;قلعة الأندلس;م.إ.  النحلي;ابتدائي;36.89140;10.13307
3;أريانة;قلعة الأندلس;م.إ.  قلعة الأندلس4  (سيدي عيسى);ابتدائي;37.06072;10.11458
3;أريانة;قلعة الأندلس;م.إ.  المروج;ابتدائي;37.05507;10.11484
3;أريانة;سيدي ثابت;م.إ.  بجاوة 2;ابتدائي;36.86213;10.00705
3;أريانة;سيدي ثابت;م.إ.  سبالة بن عمار;ابتدائي;36.91092;10.10417
3;أريانة;سيدي ثابت;م.إ.  المباركة 2;ابتدائي;36.53469;10.01368
3;أريانة;سيدي ثابت;م.إ.  سيدي ثابت 1;ابتدائي;36.90969;10.04409
3;أريانة;سيدي ثابت;م.إ.  سيدي ثابت 2;ابتدائي;36.89631;10.02638
3;أريانة;سيدي ثابت;م.إ.  المباركة 1;ابتدائي;36.90393;10.02617
3;أريانة;سيدي ثابت;م.إ.  البكري سبالة بن عمار;ابتدائي;36.89453;10.10977
3;أريانة;سيدي ثابت;م.إ.  شرفش 24 ;ابتدائي;36.95841;10.07886
3;أريانة;سيدي ثابت;م.إ.  الجباس;ابتدائي;36.88808;10.08220
3;أريانة;#N/A;م.إ.  أريج;ابتدائي;36.8993581;10.0495282
3;أريانة;سكرة;م.إ.  حي الساحلي طريق سكرة;ابتدائي;36.86777;10.22073
3;أريانة;سكرة;م.إ.  حي الهادي نويرة;ابتدائي;36.87220;10.19686
3;أريانة;سكرة;م.إ.  برج الوزير حي التعمير5;ابتدائي;36.86655;10.20221
3;أريانة;سكرة;م.إ.  شطرانة;ابتدائي;36.88619;10.21865
3;أريانة;سكرة;م.إ.  سكرة البريد;ابتدائي;36.87575;10.24514
3;أريانة;سكرة;م.إ.  سيدي فرج سكرة;ابتدائي;36.87806;10.26766
3;أريانة;سكرة;م.إ.  حي الصحة برج الوزير;ابتدائي;36.87434;10.20589
3;أريانة;سكرة;م.إ.  دار الفاضل 1 سكرة;ابتدائي;36.86364;10.24797
3;أريانة;سكرة;م.إ.  حي النسيم أريانة;ابتدائي;36.87450;10.19426
3;أريانة;سكرة;م.إ.  سيدي سفيان;ابتدائي;36.87248;10.21484
3;أريانة;سكرة;م.إ.  دار فضـال 2;ابتدائي;36.87035;10.24540
3;أريانة;سكرة;م.إ.  النخيلات;ابتدائي;36.87927;10.19145
3;أريانة;سكرة;م.إ.  المنصورة أريانة;ابتدائي;36.88477;10.20043
3;أريانة;سكرة;م.إ. حي الباهي الأدغم;ابتدائي;36.87994;10.20257
3;أريانة;سكرة;م.إ. الزوايدية;ابتدائي;36.86726;10.28590
3;أريانة;سكرة;م.إ. دار فضال 3;ابتدائي;36.86397;10.24345
3;أريانة;رواد;م.إ.  برج الطويل;ابتدائي;36.92611;10.13733
3;أريانة;رواد;م.إ.  حي شاكر قلعة الأندلس;ابتدائي;36.94554;10.16345
3;أريانة;رواد;م.إ.  جعفر الشمالية;ابتدائي;36.91857;10.17874
3;أريانة;رواد;م.إ.  جعفر 1;ابتدائي;36.90013;10.18082
3;أريانة;رواد;م.إ.  رواد;ابتدائي;36.95254;10.18700
3;أريانة;رواد;م.إ.  الإمام سحنون حي الغزالة;ابتدائي;36.88910;10.17556
3;أريانة;رواد;م.إ.  أبو القاسم الشابي حي الغزالة;ابتدائي;36.89248;10.16410
3;أريانة;رواد;م.إ. حــي اليمامة;ابتدائي;36.93821;10.17824
3;أريانة;رواد;م.إ.  جعفر 2;ابتدائي;36.9103355;10.1832433
3;أريانة;رواد;م.إ.  الفرابي حي الغزالة;ابتدائي;36.88561;10.17480
3;أريانة;رواد;م.إ. اريانة الصغرى;ابتدائي;36.90120;10.18466
3;أريانة;رواد;م.إ.  اليمامة 2;ابتدائي;36.93815;10.17766
3;أريانة;رواد;م.إ. رواد 2;ابتدائي;36.95559;10.20051
3;أريانة;رواد;م.إ. رواد الشاطئ;ابتدائي;"36.8894131	";10.1750787
3;أريانة;رواد;م.إ. نور جعفر;ابتدائي;"36.9106094	";10.1834552
3;أريانة;#N/A;م.إ. النزاهة;ابتدائي;36.967051;10.1952043
3;أريانة;#N/A;م.إ.  نور جعفر 2;ابتدائي;36.929235;10.187549
3;أريانة;أريانة;م.إ.  رياض الأندلس;ابتدائي;36.87903;10.17442
3;أريانة;أريانة;م.إ.  سيدي الجبالي;ابتدائي;36.86163;10.19417
3;أريانة;أريانة;م.إ.  طريق بنزرت ;ابتدائي;36.86406;10.18578
3;أريانة;أريانة;م.إ.  الحبيب ثامر;ابتدائي;36.85709;10.19221
3;أريانة;أريانة;م.إ.  رياض النصر;ابتدائي;36.86144;10.15834
3;أريانة;أريانة;م.إ.  فرحات حشاد ;ابتدائي;36.85603;10.18864
3;أريانة;أريانة;م.إ.  حي النور ;ابتدائي;36.85706;10.19857
3;أريانة;أريانة;م.إ.  شارع الحرية أريانة الجديدة;ابتدائي;36.85103;10.18145
3;أريانة;أريانة;م.إ.  المنزه الخامس 1/5 شارع افريقيا;ابتدائي;36.84726;10.17873
3;أريانة;أريانة;م.إ.  حي التعمير 1 ;ابتدائي;36.86064;10.19925
3;أريانة;أريانة;م.إ.  حي الفردوس ;ابتدائي;36.86570;10.19056
3;أريانة;أريانة;م.إ.  أريانة العليا;ابتدائي;36.86227;10.17792
3;أريانة;أريانة;م.إ.  نهج بلال المنزه السادس;ابتدائي;36.85081;10.16243
3;أريانة;أريانة;م.إ.  المنزه السابع ;ابتدائي;36.84958;10.15828
3;أريانة;أريانة;م.إ.  برج التركي;ابتدائي;36.86944;10.16929
3;أريانة;أريانة;م.إ.  المنزه الثامن;ابتدائي;36.85873;10.17587
3;أريانة;أريانة;م.إ.  حي النصر;ابتدائي;36.86281;10.16994
3;أريانة;حي التضامن;م.إ.  حي التضامن 1;ابتدائي;36.82994;10.11219
3;أريانة;حي التضامن;م.إ. حي التضامن 1 مكرر;ابتدائي;36.83042;10.11149
3;أريانة;حي التضامن;م.إ.  حي التضامن 2;ابتدائي;36.83493;10.10741
3;أريانة;حي التضامن;م.إ.  حي التضامن 2 مارس 34;ابتدائي;36.83465;10.10812
3;أريانة;حي التضامن;م.إ.  حي التضامن 4;ابتدائي;36.83538;10.09621
3;أريانة;حي التضامن;م.إ.  حي التضامن 5 طاق ابن زياد;ابتدائي;36.83304;10.11508
3;أريانة;حي التضامن;م.إ.  18 جانفي 52 حي التضامن;ابتدائي;36.83123;10.09945
3;أريانة;حي التضامن;م.إ. التضامن3;ابتدائي;36.82792;10.10489
3;أريانة;حي التضامن;م.إ. الامل ( حي التضامن 3 مكرر);ابتدائي;36.6944;9.00048
3;أريانة;حي التضامن;م.إ.  حي التضامن 4 مكرر;ابتدائي;36.83561;10.09647
3;أريانة;حي التضامن;م.إ. نهج الطيب المهيري ;ابتدائي;36.83898;10.09574
3;أريانة;المنيهلة;م.إ.  المنيهلة;ابتدائي;36.85758;10.11524
3;أريانة;المنيهلة;م.إ.  حي النصر 1 عن المنيهلة;ابتدائي;36.84590;10.11402
3;أريانة;المنيهلة;م.إ.  حي النصر 2 عن المنيهلة;ابتدائي;36.84155;10.11328
3;أريانة;المنيهلة;م.إ.  واد الرومي 1;ابتدائي;36.84249;10.09691
3;أريانة;المنيهلة;م.إ.  الصنهاجي عن المنيهلة;ابتدائي;36.87908;10.11690
3;أريانة;المنيهلة;م.إ.  ابن سينا;ابتدائي;36.85041;10.12121
3;أريانة;المنيهلة;م.إ.  الجمهورية 2 ;ابتدائي;36.84667;10.10947
3;أريانة;المنيهلة;م.إ.  واد الرومي 2 البساتين;ابتدائي;36.84471;10.09879
3;أريانة;المنيهلة;م.إ.  الجمهورية 1;ابتدائي;36.84685;10.10968
3;أريانة;المنيهلة;م.إ.  النصر 3 ;ابتدائي;36.84261;10.11230
3;أريانة;المنيهلة;م.إ.  حدائق المنيهلة;ابتدائي;36.87320;10.14334
3;أريانة;المنيهلة;م.إ. واد الرومي3;ابتدائي;36.84490;10.09918
3;أريانة;المنيهلة;م.إ.  البساتين;ابتدائي;36.85144;10.08764
3;أريانة;المنيهلة;م.إ. الرفاهة;ابتدائي;36.85200;10.12157
3;أريانة;المنيهلة;م.إ. المنيهلة 2;ابتدائي;36.85758;10.11436
3;أريانة;المنيهلة;م.إ. البساتين 2;ابتدائي;"36.8515232	";10.0879249
3;أريانة;المنيهلة;م.إ. حدائق المنزه;ابتدائي;36.85118;10.11954
3;أريانة;المنيهلة;م.إ. العهد الجديد;ابتدائي;"36.8430181	";10.1063595
4;منوبة;منوبة;م.إ.  العفة الدندان;ابتدائي;36.80528;10.11064
4;منوبة;منوبة;م.إ. خزندار الدندان;ابتدائي;36.80339;10.11799
4;منوبة;منوبة;م.إ.  الطفولة الدندان;ابتدائي;36.80597;10.11006
4;منوبة;منوبة;م.إ.  وادي قريانة الدندان;ابتدائي;36.7989882;10.1062735
4;منوبة;منوبة;م.إ.  الأخوة منوبة;ابتدائي;36.80533;10.08621
4;منوبة;منوبة;م.إ.  نهج البلدية منوبة;ابتدائي;36.80996;10.09210
4;منوبة;منوبة;م.إ. حي البرتقال;ابتدائي;36.81769;10.08276
4;منوبة;منوبة;م.إ.  حشاد منوبة;ابتدائي;36.79988;10.07941
4;منوبة;منوبة;م.إ.  أبو القاسم الشابي;ابتدائي;36.80527;10.10166
4;منوبة;منوبة;م.إ.  حي حسان الدندان;ابتدائي;36.80773;10.11469
4;منوبة;منوبة;م.إ.  الإمام سحنون;ابتدائي;36.80823;10.10084
4;منوبة;منوبة;م.إ.  3 أوت الدندان;ابتدائي;36.7980948;10.1136027
4;منوبة;منوبة;م.إ. الأمل منوبة الوسطى;ابتدائي;36.81210;10.10887
4;منوبة;واد الليل;م.إ.  الشهيد طارق بوستة (الازدهار سابقا);ابتدائي;36.83673;10.01382
4;منوبة;واد الليل;م.إ.  شباو ;ابتدائي;36.84484;10.03239
4;منوبة;واد الليل;م.إ.  الحنايا ;ابتدائي;36.8147913;10.0350706
4;منوبة;واد الليل;م.إ. الهدى ;ابتدائي;36.8344514;10.0415195
4;منوبة;واد الليل;م.إ.  الفتح ;ابتدائي;36.83879;10.04052
4;منوبة;واد الليل;م.إ.  القباعة 1;ابتدائي;36.8245887;10.0635758
4;منوبة;واد الليل;م.إ. الرشاد ;ابتدائي;36.83525;10.03853
4;منوبة;واد الليل;م.إ.  النجاة ;ابتدائي;36.84197;10.03978
4;منوبة;واد الليل;م.إ.   المختار بالاغة (حي الورد 1 سابقا );ابتدائي;36.84303;10.02751
4;منوبة;واد الليل;م.إ.  حي الورد 2 ;ابتدائي;36.84644;10.02638
4;منوبة;واد الليل;م.إ.  القباعة 2 ;ابتدائي;36.82539;10.06252
4;منوبة;واد الليل;م.إ.  السعيدة1 ;ابتدائي;36.82772;9.97120
4;منوبة;واد الليل;م.إ.  الرياض زوناف;ابتدائي;36.83570;9.98612
4;منوبة;واد الليل;م.إ.  حي النسيم ;ابتدائي;36.81876;9.98494
4;منوبة;واد الليل;م.إ.  السعيدة2 ;ابتدائي;36.82854;9.96910
4;منوبة;دوار هيشر;م.إ.  الغزالي ;ابتدائي;36.82454;10.09454
4;منوبة;دوار هيشر;م.إ.  المعرفة1  ;ابتدائي;36.82652;10.08430
4;منوبة;دوار هيشر;م.إ.  شاكر 1 ;ابتدائي;36.82561;10.09224
4;منوبة;دوار هيشر;م.إ.  رياض 1 ابن الوليد;ابتدائي;36.82220;10.08252
4;منوبة;دوار هيشر;م.إ.  التقدم 1;ابتدائي;36.82325;10.08718
4;منوبة;دوار هيشر;م.إ.  الرياض2 ;ابتدائي;36.82208;10.08282
4;منوبة;دوار هيشر;م.إ.  شاكر 2 ;ابتدائي;36.82643;10.09237
4;منوبة;دوار هيشر;م.إ.  المعرفة 2 ;ابتدائي;36.826421;10.0843219
4;منوبة;دوار هيشر;م.إ.  التقدم2 ;ابتدائي;36.82416;10.07653
4;منوبة;دوار هيشر;م.إ.  حي الشباب ;ابتدائي;36.83340;10.08763
4;منوبة;طبربة;م.إ.  الحي الجديد 1 ;ابتدائي;36.8311743;9.8403625
4;منوبة;طبربة;م.إ.  نهج الحبيب ثامر;ابتدائي;36.82681;9.84194
4;منوبة;طبربة;م.إ.  الشويقي ;ابتدائي;36.87843;9.80057
4;منوبة;طبربة;م.إ.  الدخيلة ;ابتدائي;36.86175;9.70900
4;منوبة;طبربة;م.إ.  الهوارية;ابتدائي;36.8247036;9.7138425
4;منوبة;طبربة;م.إ.  عين الكرمة ;ابتدائي;36.8260312;9.6757738
4;منوبة;طبربة;م.إ.  قمريان ;ابتدائي;36.86287;9.85303
4;منوبة;طبربة;م.إ.  الملاّحة;ابتدائي;36.8243684;9.5908375
4;منوبة;طبربة;م.إ.  2 مارس 1934طبربة;ابتدائي;36.83665;9.83582
4;منوبة;طبربة;م.إ.  الشابي ;ابتدائي;36.82860;9.84019
4;منوبة;طبربة;م.إ.  ابن خلدون ;ابتدائي;36.8270247;9.841135
4;منوبة;طبربة;م.إ.  حي الرمال ;ابتدائي;36.82028;9.83936
4;منوبة;طبربة;م.إ. النجاح ;ابتدائي;36.8438951;9.8284697
4;منوبة;طبربة;م.إ.  خيرالدين التونسي ;ابتدائي;36.83090;9.84010
4;منوبة;طبربة;م.إ.  بئر الزيتون ;ابتدائي;36.8395002;9.8411648
4;منوبة;البطان;م.إ.  العروسية ;ابتدائي;36.79986;9.77063
4;منوبة;البطان;م.إ.  2 مارس البطان;ابتدائي;36.80524;9.84736
4;منوبة;البطان;م.إ.  الهدى ;ابتدائي;36.8007297;9.8459001
4;منوبة;البطان;م.إ.  برج التومي ;ابتدائي;36.75420;9.71589
4;منوبة;البطان;م.إ.  طنقار ;ابتدائي;36.77644;9.74381
4;منوبة;البطان;م.إ.  الزويتينة  ;ابتدائي;36.81766;9.81079
4;منوبة;البطان;م.إ.  المحفورة ;ابتدائي;36.740802;9.744937
4;منوبة;البطان;م.إ.  المهرين ;ابتدائي;36.76241;9.85614
4;منوبة;الجديدة;م.إ.  الحبيبية;ابتدائي;36.81369;9.94289
4;منوبة;الجديدة;م.إ.  شواط ;ابتدائي;36.8917283;9.9409253
4;منوبة;الجديدة;م.إ.  الجديدة القديمة;ابتدائي;36.8390713;9.9343361
4;منوبة;الجديدة;م.إ.  الجديدة الحديثة;ابتدائي;36.84904;9.93578
4;منوبة;الجديدة;م.إ.  الذنيبة ;ابتدائي;36.84089;9.88935
4;منوبة;الجديدة;م.إ.  الزاهرة ;ابتدائي;36.81308;9.90913
4;منوبة;الجديدة;م.إ.  المنصورة 1 ;ابتدائي;36.79866;9.90934
4;منوبة;الجديدة;م.إ. المنصورة 2;ابتدائي;36.79550;9.87235
4;منوبة;الجديدة;م.إ.  حي الاذاعة ;ابتدائي;36.84730;9.93353
4;منوبة;الجديدة;م.إ.  حي النجاة (الشهيد نضال الطرابلسي);ابتدائي;36.8339328;9.9390071
4;منوبة;الجديدة;م.إ.  المعافرين ;ابتدائي;36.9267844;9.8875067
4;منوبة;الجديدة;م.إ.  الفوز ;ابتدائي;36.83363;9.93873
4;منوبة;الجديدة;م.إ.  فرحات حشاد;ابتدائي;36.809368;9.884137
4;منوبة;المرناقية;م.إ.  الحميم;ابتدائي;36.7032886;9.9948957
4;منوبة;المرناقية;م.إ.  سيدي علي الحطاب;ابتدائي;36.7610321;9.962657
4;منوبة;المرناقية;م.إ.  فجة خماخم;ابتدائي;36.68231;9.95310
4;منوبة;المرناقية;م.إ.  الغضاونية;ابتدائي;36.6956689;10.0544428
4;منوبة;المرناقية;م.إ.  المنصف الزاهي;ابتدائي;36.75871;10.01575
4;منوبة;المرناقية;م.إ.  طبلتــش;ابتدائي;36.7787374;9.9225834
4;منوبة;المرناقية;م.إ.  2 مارس المرناقية;ابتدائي;36.75478;10.00412
4;منوبة;المرناقية;م.إ.  بورقبة ;ابتدائي;36.73758;10.03731
4;منوبة;المرناقية;م.إ.  حي السعادة ;ابتدائي;36.76153;10.01757
4;منوبة;المرناقية;م.إ.  قصر الحديد;ابتدائي;36.7517658;9.9277805
4;منوبة;المرناقية;م.إ. النصــر ;ابتدائي;36.76603;10.01608
4;منوبة;المرناقية;م.إ.  حي البساتين;ابتدائي;36.78521;9.94855
4;منوبة;#N/A;م.إ.  المرناقية2 ;ابتدائي;36.45445;10.00419
4;منوبة;برج العامري;م.إ.  الجمهورية;ابتدائي;36.7120541;9.8833165
4;منوبة;برج العامري;م.إ.  برج النور ;ابتدائي;36.68845;9.80792
4;منوبة;برج العامري;م.إ. منزل الحبيب;ابتدائي;36.66098;9.89800
4;منوبة;برج العامري;م.إ.  بئر الطويل ;ابتدائي;36.67851;9.83521
4;منوبة;برج العامري;م.إ.  النفيض ;ابتدائي;36.62713;9.95346
4;منوبة;برج العامري;م.إ. المساعدين ;ابتدائي;36.700803;9.843535
4;منوبة;برج العامري;م.إ.  الدريجة ;ابتدائي;36.62403;9.84502
4;منوبة;برج العامري;م.إ.  الإنطلاقة;ابتدائي;36.71646;9.88323
4;منوبة;برج العامري;م.إ. الحفصية ;ابتدائي;36.73414;9.91790
5;بن عروس;المدينة الجديدة;م.إ.  الياسمينات 1;ابتدائي;36.73967;10.23118
5;بن عروس;المدينة الجديدة;م.إ.  2 مارس 34/المدينة الجديدة1;ابتدائي;36.74659;10.25607
5;بن عروس;المدينة الجديدة;م.إ.  المدينة الجديدة 2;ابتدائي;36.75206;10.24830
5;بن عروس;المدينة الجديدة;م.إ. حي مصباح 2 صفاء;ابتدائي;36.74592;10.23803
5;بن عروس;المدينة الجديدة;م.إ.  حي مصباح الجديد;ابتدائي;36.74518;10.24086
5;بن عروس;المدينة الجديدة;م.إ.  الياسمينات 2;ابتدائي;36.74174;10.23067
5;بن عروس;المدينة الجديدة;م.إ.  برج غربال ;ابتدائي;36.73191;10.24430
5;بن عروس;المدينة الجديدة;م.إ.  حي مصباح 1;ابتدائي;36.74564;10.24133
5;بن عروس;المدينة الجديدة;م.إ.  حي الرمانة;ابتدائي;36.73979;10.24664
5;بن عروس;المدينة الجديدة;م.إ.  الياسمينات 3 ;ابتدائي;36.74077;10.23449
5;بن عروس;المدينة الجديدة;م.إ.  الامام سحنون;ابتدائي;36.74159;10.23937
5;بن عروس;المدينة الجديدة;م.إ. المدينة الجديدة 3;ابتدائي;36.74224;10.25278
5;بن عروس;المروج;م.إ.  ابن منظور المروج;ابتدائي;36.73619;10.20713
5;بن عروس;المروج;م.إ.  2 مارس 34  المروج;ابتدائي;36.73246;10.20003
5;بن عروس;المروج;م.إ. شارع فرحات حشاد المروج;ابتدائي;36.73198;10.20749
5;بن عروس;المروج;م.إ.  المروج 3 حي الرياض;ابتدائي;36.71943;10.22138
5;بن عروس;المروج;م.إ.  الأمل البساتين المروج;ابتدائي;36.44960;10.12415
5;بن عروس;المروج;م.إ.  المروج الخامس ابن سينا;ابتدائي;36.71456;10.22078
5;بن عروس;المروج;م.إ.  حي عمر اللواتي;ابتدائي;36.72357;10.23593
5;بن عروس;المروج;م.إ.  خير الدين باشا المروج 3;ابتدائي;36.72529;10.21616
5;بن عروس;المروج;م.إ.  حي بشرى المروج 4;ابتدائي;36.71301;10.21784
5;بن عروس;المروج;م.إ.  الفوز 1 المروج 5;ابتدائي;36.71427;10.21124
5;بن عروس;المروج;م.إ.  حي فيالة;ابتدائي;36.70734;10.23892
5;بن عروس;المروج;م.إ.  حي النصر المروج/الحدائق;ابتدائي;36.72099;10.20950
5;بن عروس;المروج;م.إ.  الطاهر الحداد;ابتدائي;36.71771;10.21384
5;بن عروس;المروج;م.إ.  حي الفل بيرم التونسي;ابتدائي;36.70632;10.20175
5;بن عروس;المروج;م.إ.  ابن رشيق نهج الجزائر;ابتدائي;36.72441;10.21670
5;بن عروس;المروج;م.إ.  الفوز 2 المروج 4;ابتدائي;36.71759;10.20130
5;بن عروس;المروج;م.إ.  الفوز 3;ابتدائي;36.70904;10.20889
5;بن عروس;المروج;م.إ.  المروج 6;ابتدائي;36.70660;10.21011
5;بن عروس;بن عروس;م.إ.   نهج بنزرت ;ابتدائي;36.45360;10.13366
5;بن عروس;بن عروس;م.إ.   نهج شارل نيكول;ابتدائي;36.75248;10.22252
5;بن عروس;بن عروس;م.إ.  نهج التآلف ;ابتدائي;36.75119;10.22336
5;بن عروس;بن عروس;م.إ.   نهج القيروان ;ابتدائي;36.75711;10.22246
5;بن عروس;بن عروس;م.إ.  نهج غرة ماي ;ابتدائي;36.74736;10.21955
5;بن عروس;بن عروس;م.إ.  بئر القصعة حشاد;ابتدائي;36.73942;10.21914
5;بن عروس;بن عروس;م.إ. معهد النور بئر القصعة;ابتدائي;36.73968;10.22002
5;بن عروس;بن عروس;م.إ.  نهج خير الدين ;ابتدائي;36.7500753;10.2145833
5;بن عروس;بن عروس;م.إ.  حي الملعب ;ابتدائي;36.75609;10.22707
5;بن عروس;حمام الأنف;م.إ.  حي محمد علي ;ابتدائي;36.72256;10.34377
5;بن عروس;حمام الأنف;م.إ.  نهج بوشوشة ;ابتدائي;36.72933;10.33715
5;بن عروس;حمام الأنف;م.إ.  ابن رشيق ;ابتدائي;36.71832;10.35345
5;بن عروس;حمام الأنف;م.إ.  حي بوصفارة ;ابتدائي;36.72351;10.35040
5;بن عروس;حمام الأنف;م.إ.  نهج ليبيا ;ابتدائي;36.73531;10.32799
5;بن عروس;حمام الأنف;م.إ.  حي النصر بوقرنين;ابتدائي;36.73738;10.32420
5;بن عروس;حمام الأنف;م.إ.  الطاهر صفر ;ابتدائي;36.72331;10.35541
5;بن عروس;الزهراء;م.إ.  شارع الجمهورية ;ابتدائي;36.74683;10.30931
5;بن عروس;الزهراء;م.إ. شارع فرحات حشاد ;ابتدائي;36.74702;10.30518
5;بن عروس;الزهراء;م.إ.  شارع خزندار;ابتدائي;36.73974;10.31160
5;بن عروس;الزهراء;م.إ.  حي الحبيب ;ابتدائي;36.73761;10.31670
5;بن عروس;الزهراء;م.إ. برج الوزير;ابتدائي;36.74021;10.28462
5;بن عروس;حمام الشط;م.إ.  برج السدرية 1;ابتدائي;36.69666;10.38772
5;بن عروس;حمام الشط;م.إ.  برج السدرية 2;ابتدائي;36.70486;10.37895
5;بن عروس;حمام الشط;م.إ.  2 مارس 34 برج السدرية 3;ابتدائي;36.70733;10.37916
5;بن عروس;حمام الشط;م.إ.  نهج العراق ;ابتدائي;36.72024;10.36366
5;بن عروس;حمام الشط;م.إ.  الأمل بئر الباي;ابتدائي;36.71161;10.36915
5;بن عروس;حمام الشط;م.إ. حي الكعبي;ابتدائي;36.69868;10.40098
5;بن عروس;حمام الشط;م.إ.  حي النزهة السلطان;ابتدائي;36.70538;10.40444
5;بن عروس;رادس;م.إ.  شارع الجمهورية;ابتدائي;36.76358;10.27570
5;بن عروس;رادس;م.إ.  الحي الجديد;ابتدائي;36.75868;10.27675
5;بن عروس;رادس;م.إ.  نهج المدرسة;ابتدائي;36.76462;10.27038
5;بن عروس;رادس;م.إ. نهج المغرب;ابتدائي;36.76507;10.26512
5;بن عروس;رادس;م.إ.  نهج النسيم;ابتدائي;36.76892;10.28010
5;بن عروس;رادس;م.إ.  ساحة الشابي;ابتدائي;36.77361;10.27570
5;بن عروس;رادس;م.إ.  الملاحة;ابتدائي;36.7815223;10.2809433
5;بن عروس;رادس;م.إ.  حي النادي;ابتدائي;36.757802;10.244577
5;بن عروس;رادس;م.إ.  حي محمد علي;ابتدائي;36.77407;10.27776
5;بن عروس;رادس;م.إ. رادس مليان;ابتدائي;36.76177;10.28356
5;بن عروس;رادس;م.إ.  القرية المتوسطية;ابتدائي;36.75494;10.27526
5;بن عروس;رادس;م.إ.  حي المنجي سليم السكك الحديدية;ابتدائي;36.77398;10.27256
5;بن عروس;رادس;م.إ.  الطيب المهيري;ابتدائي;36.77457;10.28236
5;بن عروس;بومهل البساتين;م.إ.  سيدي بومهل 1;ابتدائي;36.69693;10.30098
5;بن عروس;بومهل البساتين;م.إ.  حي الهواء الطلق;ابتدائي;36.72823;10.31028
5;بن عروس;بومهل البساتين;م.إ.  سيدي بومهل 2;ابتدائي;36.71892;10.29668
5;بن عروس;بومهل البساتين;م.إ.  حي السلام;ابتدائي;36.72321;10.30355
5;بن عروس;بومهل البساتين;م.إ.  حي البساتين 1;ابتدائي;36.70561;10.40419
5;بن عروس;بومهل البساتين;م.إ.  البساتين 2;ابتدائي;36.72951;10.28980
5;بن عروس;بومهل البساتين;م.إ.  حي شالة;ابتدائي;36.72014;10.29641
5;بن عروس;بومهل البساتين;م.إ. حي الخليج;ابتدائي;36.71619;10.28380
5;بن عروس;بومهل البساتين;م.إ.البساتين 3;ابتدائي;36.5993736;10.2664339
5;بن عروس;مقرين;م.إ.  مقرين العليا;ابتدائي;36.77258;10.23122
5;بن عروس;مقرين;م.إ.  مقرين الرياض طريق الطيب المهيري;ابتدائي;36.76806;10.22230
5;بن عروس;مقرين;م.إ.  حي الجوهرة ;ابتدائي;36.77813;10.22866
5;بن عروس;مقرين;م.إ.  السهل مقرين;ابتدائي;36.78310;10.23205
5;بن عروس;مقرين;م.إ.  حي شاكر ;ابتدائي;36.78281;10.23072
5;بن عروس;مقرين;م.إ.  نهج ابن سينا سيدي رزيق;ابتدائي;36.77048;10.23579
5;بن عروس;مقرين;م.إ. الربوة سيدي رزيــق3;ابتدائي;36.76691;10.25000
5;بن عروس;مقرين;م.إ.  حي الهناء ;ابتدائي;36.7518986;10.2491882
5;بن عروس;مرناق;م.إ.  الخليدية;ابتدائي;36.5885566;10.1911869
5;بن عروس;مرناق;م.إ.  سيدي سالم القارصي;ابتدائي;36.49498;10.30193
5;بن عروس;مرناق;م.إ.  أوزرة;ابتدائي;36.65104;10.24989
5;بن عروس;مرناق;م.إ.  جبل الرصاص;ابتدائي;36.60977;10.31920
5;بن عروس;مرناق;م.إ.  حي الطيران;ابتدائي;36.59699;10.30447
5;بن عروس;مرناق;م.إ.  زاوية مرناق1;ابتدائي;36.70013;10.27458
5;بن عروس;مرناق;م.إ. شارع بورقيبة سبالة مرناق1;ابتدائي;36.68041;10.29133
5;بن عروس;مرناق;م.إ. البكباكة;ابتدائي;36.55836;10.31205
5;بن عروس;مرناق;م.إ. 2 مارس 34 / سبالة مرناق 2;ابتدائي;36.67415;10.28481
5;بن عروس;مرناق;م.إ.  سيدي سعد;ابتدائي;36.66981;10.26849
5;بن عروس;مرناق;م.إ.  القنة;ابتدائي;36.56958;10.20915
5;بن عروس;مرناق;م.إ.  احمد زايد;ابتدائي;36.5408678;10.2659354
5;بن عروس;مرناق;م.إ.   الرسالة ;ابتدائي;36.66098;10.32490
5;بن عروس;مرناق;م.إ.  فرش العنابي;ابتدائي;36.61659;10.17837
5;بن عروس;مرناق;م.إ.  القصيبي ;ابتدائي;36.62109;10.27311
5;بن عروس;مرناق;م.إ.  الصنداج;ابتدائي;36.63865;10.23083
5;بن عروس;مرناق;م.إ.  عين الرقاد;ابتدائي;36.54430;10.19021
5;بن عروس;مرناق;م.إ. العبابسة;ابتدائي;36.52069;10.30102
5;بن عروس;مرناق;م.إ.  حي الماطري زاوية 2;ابتدائي;36.69788;10.28256
5;بن عروس;مرناق;م.إ.  بئر الجديد;ابتدائي;36.6082688;10.2035193
5;بن عروس;مرناق;م.إ.  مرغنة ;ابتدائي;36.5417405;10.287992
5;بن عروس;مرناق;م.إ.  سيدي مسعود ;ابتدائي;36.60769;10.24902
5;بن عروس;مرناق;م.إ. العلالقة ;ابتدائي;36.66274;10.30095
5;بن عروس;مرناق;م.إ.  الهناء ;ابتدائي;36.67786;10.28527
5;بن عروس;مرناق;م.إ.  حي جابر;ابتدائي;36.68901;10.29092
5;بن عروس;مرناق;م.إ.  برج السوقي;ابتدائي;36.57235;10.24601
5;بن عروس;مرناق;م.إ.  طرهونة;ابتدائي;36.64051;10.33365
5;بن عروس;مرناق;م.إ.  الزواوين;ابتدائي;36.5553971;10.2319059
5;بن عروس;مرناق;م.إ. الخروبة;ابتدائي;36.64403;10.19181
5;بن عروس;مرناق;م.إ.السبالة3;ابتدائي;36.66971;10.29002
5;بن عروس;المحمدية;م.إ.  المحمدية 1;ابتدائي;36.67632;10.15672
5;بن عروس;المحمدية;م.إ.  المحمدية 2;ابتدائي;36.67322;10.15491
5;بن عروس;المحمدية;م.إ. سيدي فرج;ابتدائي;36.65419;10.08182
5;بن عروس;المحمدية;م.إ.  أوذنة ;ابتدائي;36.5493057;10.268358
5;بن عروس;المحمدية;م.إ.  حي السعادة1;ابتدائي;36.67053;10.15904
5;بن عروس;المحمدية;م.إ.  حي حشاد;ابتدائي;36.68939;10.14719
5;بن عروس;المحمدية;م.إ.  حي السعادة 2 ;ابتدائي;36.67491;10.16300
5;بن عروس;المحمدية;م.إ.  حي النصر ;ابتدائي;36.67520;10.14633
5;بن عروس;المحمدية;م.إ.  حي القصر;ابتدائي;36.68210;10.14979
5;بن عروس;المحمدية;م.إ.  حي النسيم 1 ;ابتدائي;36.67937;10.15909
5;بن عروس;المحمدية;م.إ. حي الهناء;ابتدائي;36.68336;10.15316
5;بن عروس;المحمدية;م.إ.  حي السعادة 3;ابتدائي;36.66706;10.15885
5;بن عروس;المحمدية;م.إ.  الطيب المهيري ;ابتدائي;36.69457;10.12724
5;بن عروس;المحمدية;م.إ.  حي المنجي سليم;ابتدائي;36.69135;10.14205
5;بن عروس;المحمدية;م.إ.  حي النسيم 2;ابتدائي;36.68116;10.16079
5;بن عروس;المحمدية;م.إ.  سبالة الشيخ;ابتدائي;36.656972;10.1630936
5;بن عروس;المحمدية;م.إ.  حي العلمي ;ابتدائي;36.66911;10.16849
5;بن عروس;المحمدية;م.إ. الهناء;ابتدائي;36.68135;10.15104
5;بن عروس;المحمدية;م.إ. قرية بدر;ابتدائي;36.5369041;10.2486044
5;بن عروس;فوشانة;م.إ. فوشانة 1;ابتدائي;36.69805;10.17035
5;بن عروس;فوشانة;م.إ.  المغيرة المركز;ابتدائي;36.71733;10.15739
5;بن عروس;فوشانة;م.إ.  نعسان 1;ابتدائي;36.70339;10.23194
5;بن عروس;فوشانة;م.إ.  دوار الحوش ;ابتدائي;36.68212;10.21519
5;بن عروس;فوشانة;م.إ.  شبدة 2 مارس 34;ابتدائي;36.69284;10.20891
5;بن عروس;فوشانة;م.إ.  المعري فوشانة 2;ابتدائي;36.70175;10.17052
5;بن عروس;فوشانة;م.إ.  حي الزيتون;ابتدائي;36.69962;10.16372
5;بن عروس;فوشانة;م.إ. فوشانة 3;ابتدائي;36.69874;10.16075
5;بن عروس;فوشانة;م.إ.  حي بريم فوشانة 4;ابتدائي;36.70192;10.15830
5;بن عروس;فوشانة;م.إ.  نعسان 2;ابتدائي;36.70727;10.23866
5;بن عروس;فوشانة;م.إ.  حي الهضاب;ابتدائي;36.70746;10.18090
5;بن عروس;فوشانة;م.إ.  حي المستقبل;ابتدائي;36.69907;10.15495
5;بن عروس;فوشانة;م.إ.  حي الأمل;ابتدائي;36.70479;10.16320
5;بن عروس;فوشانة;م.إ.  حي الجبالي شبدة 2;ابتدائي;36.68880;10.20136
5;بن عروس;فوشانة;م.إ.  حي المسك;ابتدائي;36.70815;10.16945
5;بن عروس;فوشانة;م.إ. الأمل 2;ابتدائي;36.70538;10.16918
5;بن عروس;فوشانة;م.إ.  حي الهضاب 2;ابتدائي;36.70009;10.17777
5;بن عروس;فوشانة;م.إ.  نعسان 3;ابتدائي;36.69936;10.23503
5;بن عروس;فوشانة;م.إ. الولاء;ابتدائي;36.70660;10.21011
6;زغوان;زغوان;م.إ.  ابن خلدون ;ابتدائي;36.403096;10.140262
6;زغوان;زغوان;م.إ.  نهج الشواشية ;ابتدائي;36.39733;10.14536
6;زغوان;زغوان;م.إ.  حي العرائس;ابتدائي;36.41184;10.13519
6;زغوان;زغوان;م.إ. الحنايا ;ابتدائي;36.39404;10.13112
6;زغوان;زغوان;م.إ.  المقرن;ابتدائي;36.4242621;10.0939956
6;زغوان;زغوان;م.إ. الروايقية ;ابتدائي;36.41648;10.12879
6;زغوان;زغوان;م.إ.  بئر حليمة;ابتدائي;36.39644;10.04655
6;زغوان;زغوان;م.إ. وادي الزيت;ابتدائي;36.41745;10.30111
6;زغوان;زغوان;م.إ.  بوسليم;ابتدائي;36.39760;10.29085
6;زغوان;زغوان;م.إ. وادي الصبايحية;ابتدائي;36.49672;10.20974
6;زغوان;زغوان;م.إ.  مركز علي  الصغير;ابتدائي;36.429935655;10.228481880
6;زغوان;زغوان;م.إ.  الجمال;ابتدائي;36.40279;10.25777
6;زغوان;زغوان;م.إ.  طريق السواني;ابتدائي;36.39966;10.15038
6;زغوان;زغوان;م.إ.  حي النزهة ;ابتدائي;36.40363;10.16026
6;زغوان;زغوان;م.إ.  عين الصابون ;ابتدائي;36.38389;10.32041
6;زغوان;زغوان;م.إ. سيدي مريح;ابتدائي;36.43829;10.16328
6;زغوان;زغوان;م.إ.  وادي الربح;ابتدائي;36.40824;10.19387777
6;زغوان;زغوان;م.إ.  شهدة;ابتدائي;36.45886;10.23396
6;زغوان;زغوان;م.إ.  المحلة;ابتدائي;36.39938;10.14349
6;زغوان;الزريبة;م.إ.  2 مارس 34 الزريبة;ابتدائي;36.35078;10.20765
6;زغوان;الزريبة;م.إ.  القرية الزريبة;ابتدائي;36.33983;10.25032
6;زغوان;الزريبة;م.إ.  جرادو;ابتدائي;36.27618;10.32371
6;زغوان;الزريبة;م.إ.  عين مزيغ;ابتدائي;36.37685;10.18160
6;زغوان;الزريبة;م.إ.  عين الأنصارين;ابتدائي;36.33616;10.15157
6;زغوان;الزريبة;م.إ.  عين البطرية;ابتدائي;36.26936;10.25314
6;زغوان;الزريبة;م.إ.  بوعشير;ابتدائي;36.3372596;10.3381022
6;زغوان;الزريبة;م.إ.  الشرشارة;ابتدائي;36.28813;10.09076
6;زغوان;الزريبة;م.إ.  واد الكنز;ابتدائي;36.30042;10.26870
6;زغوان;الزريبة;م.إ.  الهدى;ابتدائي;36.35200;10.21259
6;زغوان;الزريبة;م.إ.  بني مار;ابتدائي;36.314405095;10.165621128
6;زغوان;الزريبة;م.إ.  بوشواطة;ابتدائي;36.30535;10.12171
6;زغوان;بئر مشارقة;م.إ.  2 مارس 34 بئر مشارقة;ابتدائي;36.51813;9.95541
6;زغوان;بئر مشارقة;م.إ. سمنجة;ابتدائي;36.45717;10.02570
6;زغوان;بئر مشارقة;م.إ.  جبل الوسط الامتياز;ابتدائي;36.55619;10.06165
6;زغوان;بئر مشارقة;م.إ.  عين عسكر;ابتدائي;36.57400;9.99345
6;زغوان;بئر مشارقة;م.إ.  عين الصفصاف;ابتدائي;36.53669;10.15582
6;زغوان;بئر مشارقة;م.إ.  بوشة;ابتدائي;36.51135;9.83881
6;زغوان;بئر مشارقة;م.إ.  مبيت المناقع;ابتدائي;36.55570;9.94532
6;زغوان;بئر مشارقة;م.إ.  خنيقة مقرة;ابتدائي;36.40239;9.96199
6;زغوان;بئر مشارقة;م.إ.  دلائل العروس;ابتدائي;36.51004;9.90304
6;زغوان;بئر مشارقة;م.إ. هنشير التلة;ابتدائي;36.49557;10.11144
6;زغوان;بئر مشارقة;م.إ.  الأمل ;ابتدائي;36.519208;9.9566694
6;زغوان;بئر مشارقة;م.إ.  بئر مشارقة النجاح;ابتدائي;36.51997;10.01824
6;زغوان;بئر مشارقة;م.إ.  الفراكسين;ابتدائي;36.5507;9.883308
6;زغوان;بئر مشارقة;م.إ.  حي الهضاب;ابتدائي;36.5502596;10.0555093
6;زغوان;الفحص;م.إ.  نهج الشاذلي الشرعبي;ابتدائي;36.37436;9.90426
6;زغوان;الفحص;م.إ. بغ بغ العمايم;ابتدائي;36.33180;9.84513
6;زغوان;الفحص;م.إ.  سيدي عويدات;ابتدائي;36.22150;9.74434
6;زغوان;الفحص;م.إ.  الغريفات ;ابتدائي;36.40891;9.86871
6;زغوان;الفحص;م.إ.  كدية الشعير;ابتدائي;36.30172;9.86891
6;زغوان;الفحص;م.إ. ذراع بن جودر;ابتدائي;36.27777;10.02146
6;زغوان;الفحص;م.إ.  بنت سعيدان;ابتدائي;36.26304;9.96292
6;زغوان;الفحص;م.إ.  بئر مقرة;ابتدائي;36.32919;9.75879
6;زغوان;الفحص;م.إ.  حي السعادة ;ابتدائي;36.38381;9.91725
6;زغوان;الفحص;م.إ.  جوقار;ابتدائي;36.26980;9.94374
6;زغوان;الفحص;م.إ.  بوقرنين;ابتدائي;36.45901;9.83017
6;زغوان;الفحص;م.إ.  سد وادي الكبير;ابتدائي;36.246229572;9.795750455
6;زغوان;الفحص;م.إ. أم الأبواب القديمة;ابتدائي;36.16900;9.81760
6;زغوان;الفحص;م.إ. بوشوشة;ابتدائي;36.37456;9.90366
6;زغوان;الفحص;م.إ.  نهج تونس ;ابتدائي;36.37827;9.90719
6;زغوان;الفحص;م.إ.  وادي الخضراء;ابتدائي;36.32647;10.00116
6;زغوان;الفحص;م.إ.  جباس;ابتدائي;36.44616;9.92637
6;زغوان;الفحص;م.إ.  ضمدة;ابتدائي;36.28025;9.90834
6;زغوان;الفحص;م.إ.  الشنانفة;ابتدائي;36.20360;9.87015
6;زغوان;الفحص;م.إ.  2 مارس الفحص;ابتدائي;36.36409;9.90435
6;زغوان;الفحص;م.إ.  سيدي الناوي;ابتدائي;36.24721;9.75608
6;زغوان;الفحص;م.إ.  أم الأبواب الجديدة;ابتدائي;36.16844;9.77019
6;زغوان;الفحص;م.إ.  الخمايسية ;ابتدائي;36.27746;9.68097
6;زغوان;الفحص;م.إ. العياشية ;ابتدائي;36.23706;9.72552
6;زغوان;الفحص;م.إ. قليب الجمل;ابتدائي;36.36266;9.85180
6;زغوان;الفحص;م.إ.  خمسة ثناية;ابتدائي;36.25598;9.63685
6;زغوان;الفحص;م.إ.  بروتة;ابتدائي;36.24887;10.01855
6;زغوان;الفحص;م.إ.  أولاد زوابي;ابتدائي;36.08519;9.86420
6;زغوان;الفحص;م.إ. الكاف الأزرق;ابتدائي;36.27997;9.85189
6;زغوان;الفحص;م.إ. السعادة 2;ابتدائي;36.38436;9.92168
6;زغوان;الناظور;م.إ.  2 مارس 34 الناظور;ابتدائي;36.11847;10.09588
6;زغوان;الناظور;م.إ.  عين البطوم;ابتدائي;36.05043;9.98942
6;زغوان;الناظور;م.إ.  بئر الشاوش;ابتدائي;36.10615;10.04858
6;زغوان;الناظور;م.إ.  سيدي ناجي;ابتدائي;36.05298;10.05187
6;زغوان;الناظور;م.إ. صوار;ابتدائي;36.19482;10.00825
6;زغوان;الناظور;م.إ. الزبيدين;ابتدائي;36.15288;9.97353
6;زغوان;الناظور;م.إ.  صوغاس الجنوبية;ابتدائي;36.06452;9.94813
6;زغوان;الناظور;م.إ.  الرقبة;ابتدائي;36.11922;9.93931
6;زغوان;الناظور;م.إ. عين جرس;ابتدائي;36.176722510;9.930457303
6;زغوان;الناظور;م.إ.  زواغة;ابتدائي;36.13438;10.11672
6;زغوان;الناظور;م.إ.  الضربانية;ابتدائي;36.01965;10.03730
6;زغوان;الناظور;م.إ.  الحناينية ;ابتدائي;36.07888;10.02552
6;زغوان;الناظور;م.إ.  المعيذر;ابتدائي;36.13203;10.01889
6;زغوان;الناظور;م.إ.  حي الجديد ;ابتدائي;36.12518;10.09315
6;زغوان;الناظور;م.إ. بوعرعارة;ابتدائي;36.09060;9.99649
6;زغوان;الناظور;م.إ. سيدي بنور;ابتدائي;36.17739;9.98214
6;زغوان;الناظور;م.إ.  صوغاس الشمالية;ابتدائي;36.07324;9.92089
6;زغوان;الناظور;م.إ. الهنشير الجديد;ابتدائي;36.11640;10.06317
6;زغوان;الناظور;م.إ.  الشباعنة;ابتدائي;36.10433;10.01532
6;زغوان;الناظور;م.إ. الشعاليل;ابتدائي;36.10154;10.09293
6;زغوان;الناظور;م.إ. القليب العالي;ابتدائي;36.06854;9.99028
6;زغوان;#N/A;م.إ.  الجمهورية;ابتدائي;36.1209375;10.0889679
6;زغوان;صواف;م.إ.  دغافلة;ابتدائي;36.183628542;10.113256314
6;زغوان;صواف;م.إ.  صواف;ابتدائي;36.22570;10.17184
6;زغوان;صواف;م.إ. الحميرة عن النفيضة;ابتدائي;36.18236;10.21007
6;زغوان;صواف;م.إ. زقطون;ابتدائي;36.25743;10.13593
6;زغوان;صواف;م.إ.  الخضراء;ابتدائي;36.17310;10.05503
6;زغوان;صواف;م.إ.  زغيدان;ابتدائي;36.14834;10.14903
6;زغوان;صواف;م.إ.  سيدي دغيم;ابتدائي;36.19848;10.10365
6;زغوان;صواف;م.إ.  دوار الحاج عمر;ابتدائي;36.218324498;10.129684395
6;زغوان;صواف;م.إ.  وادي الطويل;ابتدائي;36.22452;10.20739
6;زغوان;صواف;م.إ.  سيدي فرج الله;ابتدائي;36.25047;10.17374
6;زغوان;صواف;م.إ.  سيدي منصور;ابتدائي;36.24418;10.18977
7;بنزرت;بنزرت الجنوبية;م.إ.  الحويشات;ابتدائي;37.27810;9.55486
7;بنزرت;بنزرت الجنوبية;م.إ.  المصيدة;ابتدائي;37.25845;9.83852
7;بنزرت;بنزرت الجنوبية;م.إ.  حي حشاد;ابتدائي;37.26459;9.84432
7;بنزرت;بنزرت الجنوبية;م.إ.  بوزارية;ابتدائي;37.27707;9.74762
7;بنزرت;بنزرت الجنوبية;م.إ.  بشاطر;ابتدائي;37.31562;9.69874
7;بنزرت;بنزرت الجنوبية;م.إ.  بني مسلم;ابتدائي;37.27921;9.79557
7;بنزرت;بنزرت الجنوبية;م.إ.  هنشير غار ونكل;ابتدائي;37.26262;9.64393
7;بنزرت;بنزرت الجنوبية;م.إ.  هنشير الماتلين;ابتدائي;37.29178;9.79877
7;بنزرت;بنزرت الجنوبية;م.إ.  تاغرمان;ابتدائي;37.25916;9.79517
7;بنزرت;بنزرت الجنوبية;م.إ.  اللواتة;ابتدائي;37.21417;9.74662
7;بنزرت;بنزرت الجنوبية;م.إ.  خراطة;ابتدائي;37.19938;9.60769
7;بنزرت;بنزرت الجنوبية;م.إ.  المرقازين;ابتدائي;37.19226;9.69735
7;بنزرت;بنزرت الجنوبية;م.إ.  تسكراية;ابتدائي;37.20759;9.55542
7;بنزرت;بنزرت الجنوبية;م.إ.  الغيران;ابتدائي;37.32436;9.75386
7;بنزرت;بنزرت الجنوبية;م.إ.  بني نافع;ابتدائي;37.25972;9.81487
7;بنزرت;بنزرت الجنوبية;م.إ.  فجة الريح;ابتدائي;37.15126;9.30492
7;بنزرت;بنزرت الجنوبية;م.إ.  حي البساتين;ابتدائي;37.26703;9.84685
7;بنزرت;بنزرت الجنوبية;م.إ.  المرازيق;ابتدائي;37.26802;9.75730
7;بنزرت;بنزرت الجنوبية;م.إ.  فروة;ابتدائي;37.19181;9.76376
7;بنزرت;بنزرت الجنوبية;م.إ.  سيدي عامر;ابتدائي;37.23783;9.61021
7;بنزرت;بنزرت الجنوبية;م.إ. بئر مسيوغة;ابتدائي;37.27449;9.83471
7;بنزرت;بنزرت الجنوبية;م.إ.  بني عمر;ابتدائي;37.26941;9.71247
7;بنزرت;بنزرت الجنوبية;م.إ.  حافر المهر;ابتدائي;37.262076;9.8403269
7;بنزرت;بنزرت الشمالية;م.إ.  نهج اليونان;ابتدائي;37.27253;9.87543
7;بنزرت;بنزرت الشمالية;م.إ.  نهج اسبانيا;ابتدائي;37.26997;9.86823
7;بنزرت;بنزرت الشمالية;م.إ.  ساحة 13 جانفي 52;ابتدائي;37.27741;9.87392
7;بنزرت;بنزرت الشمالية;م.إ.  الكرنيش;ابتدائي;37.32475;9.86472
7;بنزرت;بنزرت الشمالية;م.إ.  14 جانفي حي النخلة  ;ابتدائي;37.28122;9.85528
7;بنزرت;بنزرت الشمالية;م.إ.  الناظور;ابتدائي;37.30974;9.84731
7;بنزرت;بنزرت الشمالية;م.إ. شارع الهادي شاكر;ابتدائي;37.27485;9.86863
7;بنزرت;بنزرت الشمالية;م.إ.  ظهر الكدية;ابتدائي;37.28081;9.85732
7;بنزرت;بنزرت الشمالية;م.إ.  حي الهناء;ابتدائي;37.28526;9.86591
7;بنزرت;بنزرت الشمالية;م.إ. حي الروابي;ابتدائي;37.28453;9.86838
7;بنزرت;بنزرت الشمالية;م.إ.  عين مريم;ابتدائي;37.28988;9.85835
7;بنزرت;بنزرت الشمالية;م.إ.  بني عوف;ابتدائي;37.31605;9.78639
7;بنزرت;بنزرت الشمالية;م.إ.  حي بوقطفة;ابتدائي;37.28648;9.85680
7;بنزرت;بنزرت الشمالية;م.إ.  حي والي;ابتدائي;37.27038;9.85822
7;بنزرت;بنزرت الشمالية;م.إ.  حي الكرنيش;ابتدائي;37.29004;9.85383
7;بنزرت;بنزرت الشمالية;م.إ. حي الواحة;ابتدائي;37.28380;9.84681
7;بنزرت;جرزونة;م.إ. الحي الجديد ;ابتدائي;37.26108;9.87273
7;بنزرت;جرزونة;م.إ.  الحي العمالي ;ابتدائي;37.25508;9.87986
7;بنزرت;جرزونة;م.إ.  بوقطفة ;ابتدائي;37.26403;9.87468
7;بنزرت;جرزونة;م.إ.  الشيخ ادريس ;ابتدائي;37.26184;9.88044
7;بنزرت;جرزونة;م.إ.  عين بيطار;ابتدائي;37.24947;9.90718
7;بنزرت;جرزونة;م.إ.  حي بن عروس ;ابتدائي;37.24991;9.87920
7;بنزرت;سجنان;م.إ.  2 مارس 34 سجنان;ابتدائي;37.05558;9.21985
7;بنزرت;سجنان;م.إ.  قرية تمرة;ابتدائي;37.0671;9.1278
7;بنزرت;سجنان;م.إ.  منجم تمرة;ابتدائي;37.05141;9.10726
7;بنزرت;سجنان;م.إ.  الظواهرية;ابتدائي;37.04076;9.21628
7;بنزرت;سجنان;م.إ.  أمادن;ابتدائي;37.12116;9.20529
7;بنزرت;سجنان;م.إ.  سيدي سالم;ابتدائي;37.12955;9.37107
7;بنزرت;سجنان;م.إ.  السفيسيفة;ابتدائي;37.01522;9.18150
7;بنزرت;سجنان;م.إ.  مصدر;ابتدائي;37.07440;9.13815
7;بنزرت;سجنان;م.إ.  القتمة;ابتدائي;37.13303;9.26530
7;بنزرت;سجنان;م.إ.  الحنية;ابتدائي;37.08040;9.14470
7;بنزرت;سجنان;م.إ.  المريفق;ابتدائي;37.11252;9.26469
7;بنزرت;سجنان;م.إ.  سيدي مشرق;ابتدائي;37.13585;9.12412
7;بنزرت;سجنان;م.إ.  شعبة الحوت;ابتدائي;37.14959;9.33809
7;بنزرت;سجنان;م.إ.  رأس سراط;ابتدائي;37.12460;9.13149
7;بنزرت;سجنان;م.إ.  الدماين;ابتدائي;37.11116;9.28528
7;بنزرت;سجنان;م.إ.  القارصية;ابتدائي;37.08620;9.32022
7;بنزرت;سجنان;م.إ.  كاف عباد;ابتدائي;37.21114;9.45489
7;بنزرت;سجنان;م.إ.  السميرة;ابتدائي;37.08476;9.26437
7;بنزرت;سجنان;م.إ.  هنشير حدادة;ابتدائي;37.05005;9.18292
7;بنزرت;سجنان;م.إ.  الهواملية;ابتدائي;37.03107;9.27089
7;بنزرت;سجنان;م.إ.  سقمان;ابتدائي;37.06555;9.17255
7;بنزرت;سجنان;م.إ.  بني يصلي;ابتدائي;37.03187;9.27258
7;بنزرت;سجنان;م.إ.  الشرقية;ابتدائي;37.03187;9.27258
7;بنزرت;سجنان;م.إ.  العلي;ابتدائي;37.07580;9.15540
7;بنزرت;سجنان;م.إ.  المناصرية;ابتدائي;37.19243;9.38394
7;بنزرت;سجنان;م.إ.  حي الياسمين;ابتدائي;37.12225;9.10903
7;بنزرت;سجنان;م.إ.  واد ي العود;ابتدائي;37.15251;9.27444
7;بنزرت;سجنان;م.إ.  بوعواج;ابتدائي;37.13024;9.23795
7;بنزرت;سجنان;م.إ. عليسة (فرحات حشاد );ابتدائي;37.05860;9.22550
7;بنزرت;جومين;م.إ.  بازينة;ابتدائي;36.96285;9.29800
7;بنزرت;جومين;م.إ. ا لطواجنية;ابتدائي;36.87532;9.37451
7;بنزرت;جومين;م.إ.  جبل السمان;ابتدائي;36.96013;9.33756
7;بنزرت;جومين;م.إ.  الرمادية;ابتدائي;36.766;9.3695
7;بنزرت;جومين;م.إ.  سيدي نصير;ابتدائي;36.76599;9.36971
7;بنزرت;جومين;م.إ.  القرية جومين;ابتدائي;36.86899;9.41339
7;بنزرت;جومين;م.إ.  كاف الصغارين;ابتدائي;36.96274;9.29793
7;بنزرت;جومين;م.إ.  الصياح;ابتدائي;36.83427;9.46433
7;بنزرت;جومين;م.إ.  تاهنت;ابتدائي;36.92291;9.29578
7;بنزرت;جومين;م.إ.  زهير;ابتدائي;36.89905;9.49008
7;بنزرت;جومين;م.إ.  بني عرام;ابتدائي;36.98697;9.25851
7;بنزرت;جومين;م.إ.  النشماية;ابتدائي;36.96950;9.28108
7;بنزرت;جومين;م.إ.  رواحة;ابتدائي;36.93176;9.35246
7;بنزرت;جومين;م.إ. سيدي الكناني;ابتدائي;36.89693;9.44537
7;بنزرت;جومين;م.إ.  دمنة الربح;ابتدائي;36.92511;9.38843
7;بنزرت;جومين;م.إ.  هارون;ابتدائي;36.89193;9.28658
7;بنزرت;جومين;م.إ.  المخشبية;ابتدائي;37.00397;9.22350
7;بنزرت;جومين;م.إ.  الحمرونية;ابتدائي;36.99282;9.31923
7;بنزرت;جومين;م.إ.  الخترشة;ابتدائي;37.00070;9.41673
7;بنزرت;جومين;م.إ.  غسانة;ابتدائي;36.99519;9.26225
7;بنزرت;جومين;م.إ.  القواسمية;ابتدائي;36.94863;9.26198
7;بنزرت;جومين;م.إ.  القصر;ابتدائي;36.77971;9.38192
7;بنزرت;جومين;م.إ.  الجبيرة;ابتدائي;36.9723;9.3892
7;بنزرت;جومين;م.إ.  الزاوية;ابتدائي;36.88183;9.55353
7;بنزرت;جومين;م.إ.  الزرعة;ابتدائي;36.84237;9.55436
7;بنزرت;ماطر;م.إ. المبيت  الابتدائي ماطر;ابتدائي;37.03824;9.67125
7;بنزرت;ماطر;م.إ.  19جانفي 52 ماطر;ابتدائي;37.03797;9.66224
7;بنزرت;ماطر;م.إ.   خمومة ماطر;ابتدائي;37.04049;9.66441
7;بنزرت;ماطر;م.إ.  حي العمران ;ابتدائي;37.06606;9.67115
7;بنزرت;ماطر;م.إ.  تشقة;ابتدائي;36.98519;9.68333
7;بنزرت;ماطر;م.إ.  بومخيلة;ابتدائي;37.00802;9.57580
7;بنزرت;ماطر;م.إ.  سبع عوينات;ابتدائي;37.03885;9.78087
7;بنزرت;ماطر;م.إ.  سيدي عبد الباسط;ابتدائي;36.89380;9.65989
7;بنزرت;ماطر;م.إ.  السودية;ابتدائي;36.95835;9.53851
7;بنزرت;ماطر;م.إ.  جبل اشكل;ابتدائي;37.11460;9.66757
7;بنزرت;ماطر;م.إ.  بهاية;ابتدائي;36.94338;9.60516
7;بنزرت;ماطر;م.إ.  قصة الباي;ابتدائي;36.91004;9.72410
7;بنزرت;ماطر;م.إ.  عين ترقلاش;ابتدائي;36.95889;9.79966
7;بنزرت;ماطر;م.إ.  حي النصر;ابتدائي;37.05050;9.63825
7;بنزرت;ماطر;م.إ.  المحطة الكبرى ;ابتدائي;37.03898;9.68543
7;بنزرت;ماطر;م.إ.  وادي الشعير;ابتدائي;37.00404;9.78980
7;بنزرت;ماطر;م.إ.  العريمة;ابتدائي;36.99459;9.60876
7;بنزرت;ماطر;م.إ.  حي الصداقة;ابتدائي;37.04348;9.65197
7;بنزرت;ماطر;م.إ.  رأس العين;ابتدائي;37.04461;9.66477
7;بنزرت;الغزالة;م.إ.  منجم جالطة;ابتدائي;37.07273;9.53561
7;بنزرت;الغزالة;م.إ.  الركب;ابتدائي;37.04969;9.47357
7;بنزرت;الغزالة;م.إ.  الفردوين;ابتدائي;37.08990;9.56160
7;بنزرت;الغزالة;م.إ. عوانة;ابتدائي;37.02920;9.33466
7;بنزرت;الغزالة;م.إ.  برج العدواني;ابتدائي;37.13033;9.52957
7;بنزرت;الغزالة;م.إ.  الطارف;ابتدائي;37.17404;9.56938
7;بنزرت;الغزالة;م.إ.  العتيبة;ابتدائي;37.08215;9.47000
7;بنزرت;الغزالة;م.إ.  جفنة;ابتدائي;37.03849;9.44119
7;بنزرت;الغزالة;م.إ.  سيدي منصور;ابتدائي;36.99670;9.48001
7;بنزرت;الغزالة;م.إ.  بوجرير;ابتدائي;37.09283;9.44286
7;بنزرت;الغزالة;م.إ. وادي الزيتون;ابتدائي;37.05512;9.38952
7;بنزرت;الغزالة;م.إ.  العويلية;ابتدائي;37.07530;9.50295
7;بنزرت;الغزالة;م.إ.  أولاد الماي;ابتدائي;37.18298;9.50322
7;بنزرت;الغزالة;م.إ.  بني ابراهيم;ابتدائي;37.01783;9.44792
7;بنزرت;الغزالة;م.إ.  حي حشاد غزالة 2;ابتدائي;37.06487;9.59771
7;بنزرت;الغزالة;م.إ.  قصر بودرهم;ابتدائي;36.99476;9.37398
7;بنزرت;الغزالة;م.إ.  هنشير غزالة;ابتدائي;37.03987;9.55336
7;بنزرت;الغزالة;م.إ. الذواودة;ابتدائي;37.02189;9.36763
7;بنزرت;#N/A;م.إ.  غزالة;ابتدائي;37.03  ;9.53
7;بنزرت;غار الملح;م.إ.  الشابي ;ابتدائي;37.16834;10.18443
7;بنزرت;غار الملح;م.إ.  شارع بورقيبة عوسجة;ابتدائي;37.13974;10.09884
7;بنزرت;غار الملح;م.إ.  باجو;ابتدائي;37.16757;10.13820
7;بنزرت;غار الملح;م.إ.  الزواوين;ابتدائي;37.12932;10.05783
7;بنزرت;غار الملح;م.إ. الحي الجديد عوسجة;ابتدائي;37.14150;10.10292
7;بنزرت;غار الملح;م.إ.  الانطلاقة ;ابتدائي;37.16934;10.19494
7;بنزرت;غار الملح;م.إ.  الطويبية;ابتدائي;37.11654;10.02945
7;بنزرت;أوتيك;م.إ.  البريج +المنار;ابتدائي;37.03755;9.89594
7;بنزرت;أوتيك;م.إ.  2 مارس 34 زهانة;ابتدائي;37.03991;10.03886
7;بنزرت;أوتيك;م.إ.  سيدي عثمان;ابتدائي;36.95812;9.92475
7;بنزرت;أوتيك;م.إ.  أوتيك الجديدة;ابتدائي;37.10298;10.09240
7;بنزرت;أوتيك;م.إ.  باش حامبة;ابتدائي;36.96226;10.00593
7;بنزرت;أوتيك;م.إ.  البسباسية;ابتدائي;37.06144;9.92668
7;بنزرت;أوتيك;م.إ.  المبطوح;ابتدائي;36.97418;9.95601
7;بنزرت;أوتيك;م.إ.  هنشير الطاحونة;ابتدائي;37.04096;9.96852
7;بنزرت;أوتيك;م.إ. الزوية;ابتدائي;36.92546;9.98602
7;بنزرت;أوتيك;م.إ.  عين غلال;ابتدائي;37.02434;9.83309
7;بنزرت;أوتيك;م.إ. الحويض;ابتدائي;37.08450;9.98820
7;بنزرت;#N/A;م.إ.  حي الزياتين;ابتدائي;37.046285;10.033799
7;بنزرت;منزل بورقيبة;م.إ.  سحنون 2;ابتدائي;37.15784;9.79409
7;بنزرت;منزل بورقيبة;م.إ.  سحنون 1;ابتدائي;37.15758;9.79525
7;بنزرت;منزل بورقيبة;م.إ.  شاكر 1;ابتدائي;37.14700;9.78653
7;بنزرت;منزل بورقيبة;م.إ.  شاكر 2;ابتدائي;37.14625;9.78762
7;بنزرت;منزل بورقيبة;م.إ.  حي النجاح;ابتدائي;37.15476;9.77783
7;بنزرت;منزل بورقيبة;م.إ. أم هاني;ابتدائي;37.11907;9.84289
7;بنزرت;منزل بورقيبة;م.إ.  الجواودة;ابتدائي;37.14892;9.92089
7;بنزرت;منزل بورقيبة;م.إ.  هنشير هارون;ابتدائي;37.07420;9.79420
7;بنزرت;منزل بورقيبة;م.إ.  البلاط;ابتدائي;37.07916;9.85220
7;بنزرت;منزل بورقيبة;م.إ.  الفجة;ابتدائي;37.09223;9.91391
7;بنزرت;منزل بورقيبة;م.إ.  حي الثورة;ابتدائي;37.14278;9.79557
7;بنزرت;منزل بورقيبة;م.إ.  شاكر 3;ابتدائي;37.14676;9.78602
7;بنزرت;تينجة;م.إ.  نهج المدارس;ابتدائي;37.15817;9.75856
7;بنزرت;تينجة;م.إ. نهج غاندي;ابتدائي;37.15859;9.75847
7;بنزرت;تينجة;م.إ.  الزعرور;ابتدائي;37.12000;9.74649
7;بنزرت;تينجة;م.إ.  قنقلة;ابتدائي;37.17632;9.78309
7;بنزرت;تينجة;م.إ.  حي إقبال تينجة;ابتدائي;37.16261;9.77237
7;بنزرت;تينجة;م.إ.  حي العريش;ابتدائي;37.17286;9.78282
7;بنزرت;رأس الجبل;م.إ.  ش-بورقيبة ;ابتدائي;37.21482;10.12532
7;بنزرت;رأس الجبل;م.إ.  18 جانفي52 رأس الجبل;ابتدائي;37.21509;10.12582
7;بنزرت;رأس الجبل;م.إ. الحي الجديد;ابتدائي;37.12450;10.07160
7;بنزرت;رأس الجبل;م.إ.   المعرفة رفراف;ابتدائي;37.19206;10.18004
7;بنزرت;رأس الجبل;م.إ.  الغروس رفراف;ابتدائي;37.19190;10.18682
7;بنزرت;رأس الجبل;م.إ.  صونين;ابتدائي;37.20874;10.17131
7;بنزرت;رأس الجبل;م.إ.  الماتلين 2;ابتدائي;37.24217;10.05020
7;بنزرت;رأس الجبل;م.إ.  الماتلين 1;ابتدائي;37.24184;10.05149
7;بنزرت;رأس الجبل;م.إ.  رأس الزبيب;ابتدائي;37.24866;10.06771
7;بنزرت;رأس الجبل;م.إ.   ظهر عياد;ابتدائي;37.18832;10.20480
7;بنزرت;رأس الجبل;م.إ.  بني عطاء;ابتدائي;37.13460;10.04500
7;بنزرت;رأس الجبل;م.إ.  15 أكتوبر 63 رأس الجبل;ابتدائي;37.21866;10.12558
7;بنزرت;رأس الجبل;م.إ.  حي الأمل رفراف;ابتدائي;37.19778;10.17684
7;بنزرت;رأس الجبل;م.إ.  القرية ماتلين;ابتدائي;37.21321;10.04643
7;بنزرت;رأس الجبل;م.إ.  تقسيم إدريس ;ابتدائي;37.21712;10.11913
7;بنزرت;رأس الجبل;م.إ.   الشابي ;ابتدائي;37.22157;10.13123
7;بنزرت;منزل جميل;م.إ.  ش.بورقيبة ;ابتدائي;37.23574;9.91528
7;بنزرت;منزل جميل;م.إ. ش .الجمهورية ;ابتدائي;37.23345;9.91548
7;بنزرت;منزل جميل;م.إ. 34/3/2 منزل عبد الرحمان;ابتدائي;37.23604;9.86407
7;بنزرت;منزل جميل;م.إ. ابن رشيق منزل عبد الرحمان;ابتدائي;37.23421;9.86494
7;بنزرت;منزل جميل;م.إ. العزيب;ابتدائي;37.20264;9.94804
7;بنزرت;منزل جميل;م.إ.  حي عريفة;ابتدائي;37.23643;9.91609
7;بنزرت;منزل جميل;م.إ.  مغراوة;ابتدائي;37.20264;9.94804
7;بنزرت;منزل جميل;م.إ. أسد ابن الفرات منزل عبد الرحمان;ابتدائي;37.23665;9.86160
7;بنزرت;منزل جميل;م.إ. الحبيب الغربي;ابتدائي;37.23579;9.90614
7;بنزرت;العالية;م.إ.  ابن خلدون;ابتدائي;37.16756;10.03811
7;بنزرت;العالية;م.إ.  الشابي ;ابتدائي;37.16873;10.03063
7;بنزرت;العالية;م.إ.  الطيب الشريف ;ابتدائي;37.17434;10.03368
7;بنزرت;العالية;م.إ.  سيدي علي الشباب;ابتدائي;37.19427;10.05229
7;بنزرت;العالية;م.إ.  الرحمانية;ابتدائي;37.17211;10.03863
7;بنزرت;العالية;م.إ.  العوائشية;ابتدائي;37.13577;9.99503
7;بنزرت;العالية;م.إ.  الخيتمين;ابتدائي;37.14579;9.98519
7;بنزرت;العالية;م.إ.  وادي الحلة;ابتدائي;37.17909;9.99673
7;بنزرت;العالية;م.إ.  التلــة;ابتدائي;37.11738;9.99318
7;بنزرت;العالية;م.إ.  العالية;ابتدائي;37.16454;10.03535
8;باجة;باجة الشمالية;م.إ.  الشقاقة;ابتدائي;36.79355;9.28150
8;باجة;باجة الشمالية;م.إ.  المزارة باجة;ابتدائي;36.7274324;9.1784816
8;باجة;باجة الشمالية;م.إ.  طريق كساب باجة;ابتدائي;36.71933;9.17912
8;باجة;باجة الشمالية;م.إ.  فكتور هيقو ;ابتدائي;36.72669;9.18314
8;باجة;باجة الشمالية;م.إ.  حشاد ;ابتدائي;36.72836;9.18260
8;باجة;باجة الشمالية;م.إ.  طريق عمدون حي السكر1;ابتدائي;36.73388;9.18156
8;باجة;باجة الشمالية;م.إ.  الغيرية;ابتدائي;36.71715;9.11446
8;باجة;باجة الشمالية;م.إ.  عين سلطان;ابتدائي;36.83270;9.17122
8;باجة;باجة الشمالية;م.إ.  النقاشية;ابتدائي;36.84106;9.26521
8;باجة;باجة الشمالية;م.إ.  بوكسلان;ابتدائي;36.74544;9.27428
8;باجة;باجة الشمالية;م.إ.  بوقطفة المنشار;ابتدائي;36.72987;9.31460
8;باجة;باجة الشمالية;م.إ.  قصر مزوار المحطة;ابتدائي;36.78796;9.32790
8;باجة;باجة الشمالية;م.إ. قصر مزوار عين الحنش;ابتدائي;36.81641;9.32573
8;باجة;باجة الشمالية;م.إ.  الشرشارة;ابتدائي;36.88399;9.19567
8;باجة;باجة الشمالية;م.إ.  جبل الشعرة;ابتدائي;36.80508;9.20748
8;باجة;باجة الشمالية;م.إ.  هنشير عبد الرزاق;ابتدائي;36.75946;9.15100
8;باجة;باجة الشمالية;م.إ.  القلصادي;ابتدائي;36.43367;9.10538
8;باجة;باجة الشمالية;م.إ.  حي السكر 2;ابتدائي;36.73344;9.18192
8;باجة;باجة الشمالية;م.إ.  الشرفة;ابتدائي;36.84482;9.36636
8;باجة;باجة الشمالية;م.إ.  قصر باردو;ابتدائي;36.73539;9.17375
8;باجة;باجة الشمالية;م.إ.  وادي باجة;ابتدائي;36.73674;9.22444
8;باجة;باجة الشمالية;م.إ.  المحلة;ابتدائي;36.73839;9.17092
8;باجة;باجة الشمالية;م.إ.  حي الذهبية;ابتدائي;36.73107;9.17355
8;باجة;باجة الشمالية;م.إ.  القريعة عين الكحلة;ابتدائي;36.82703;9.14321
8;باجة;باجة الشمالية;م.إ. المنار;ابتدائي;36.73242;9.16640
8;باجة;باجة الشمالية;م.إ. المستقبل;ابتدائي;36.74164;9.18988
8;باجة;باجة الجنوبية;م.إ.  سيدي فرج;ابتدائي;36.72184;9.19575
8;باجة;باجة الجنوبية;م.إ.  شارع بورقيبة ;ابتدائي;36.72274;9.18453
8;باجة;باجة الجنوبية;م.إ.  الهواري;ابتدائي;36.71767;9.19349
8;باجة;باجة الجنوبية;م.إ.  المحطة كوكة;ابتدائي;36.59675;9.11107
8;باجة;باجة الجنوبية;م.إ.  حمام سيالة ;ابتدائي;36.66398;9.15073
8;باجة;باجة الجنوبية;م.إ.  سيدي السهيلي;ابتدائي;36.60446;9.11595
8;باجة;باجة الجنوبية;م.إ.  هنشير المالح ;ابتدائي;36.63937;9.24978
8;باجة;باجة الجنوبية;م.إ.  مستوتة;ابتدائي;36.63630;9.19635
8;باجة;باجة الجنوبية;م.إ.  عين قصر حديد تييبار;ابتدائي;36.66029;9.09245
8;باجة;باجة الجنوبية;م.إ.  المعقولة 1 (34/3/2);ابتدائي;36.71114;9.21187
8;باجة;باجة الجنوبية;م.إ.  الأغوال تيبار;ابتدائي;36.59454;9.16767
8;باجة;باجة الجنوبية;م.إ. بالشوك باجة;ابتدائي;36.63514;9.25924
8;باجة;باجة الجنوبية;م.إ.  المعقولة 2;ابتدائي;36.70592;9.20979
8;باجة;عمدون;م.إ.  شارع بورقيبة ;ابتدائي;36.77037;9.09049
8;باجة;عمدون;م.إ.  المهيري ;ابتدائي;36.76500;9.08700
8;باجة;عمدون;م.إ.  عين السخونة;ابتدائي;36.80718;9.10072
8;باجة;عمدون;م.إ.  هنشير السخونة;ابتدائي;36.70099;9.05757
8;باجة;عمدون;م.إ. القوسة;ابتدائي;36.76866;9.03358
8;باجة;عمدون;م.إ.  الجوزة ;ابتدائي;36.84845;9.00552
8;باجة;عمدون;م.إ.  مرج النصارى;ابتدائي;36.79658;9.02715
8;باجة;عمدون;م.إ.  مرقاقة;ابتدائي;36.82771;8.99742
8;باجة;عمدون;م.إ.  تاميسة;ابتدائي;36.78612;8.98554
8;باجة;عمدون;م.إ.  الغرفة;ابتدائي;36.82208;8.95373
8;باجة;عمدون;م.إ.  المجالس ;ابتدائي;36.83418;9.06019
8;باجة;عمدون;م.إ.  مغراوة;ابتدائي;36.78877;8.94320
8;باجة;عمدون;م.إ.  سيدي مبارك;ابتدائي;36.87452;9.02403
8;باجة;عمدون;م.إ.  هنشير بورويس;ابتدائي;36.82504;9.12178
8;باجة;عمدون;م.إ.  سيدي سعدون;ابتدائي;36.78090;9.07904
8;باجة;عمدون;م.إ.  هنشير الدغرق;ابتدائي;36.85215;9.04687
8;باجة;نفزة;م.إ.   الجمهورية ;ابتدائي;36.97591;9.08212
8;باجة;نفزة;م.إ.  نفزة مهيري;ابتدائي;36.97570;9.07731
8;باجة;نفزة;م.إ.  وشتاتة;ابتدائي;36.96189;9.00605
8;باجة;نفزة;م.إ.  الطبابة;ابتدائي;36.90763;9.14609
8;باجة;نفزة;م.إ.  أولاد سالم;ابتدائي;36.99492;8.99714
8;باجة;نفزة;م.إ.  أولاد قاسم;ابتدائي;37.01958;9.04751
8;باجة;نفزة;م.إ.  جبل الديس;ابتدائي;36.99918;9.13375
8;باجة;نفزة;م.إ.  وادي داموس;ابتدائي;37.03353;9.10194
8;باجة;نفزة;م.إ.  زاقة;ابتدائي;36.92223;8.99167
8;باجة;نفزة;م.إ.  غياضة;ابتدائي;36.94450;9.16263
8;باجة;نفزة;م.إ.  الرميلة;ابتدائي;36.92776;9.19193
8;باجة;نفزة;م.إ.  وادي المعدن;ابتدائي;36.86521;9.10420
8;باجة;نفزة;م.إ.  أم العبيد;ابتدائي;36.99983;9.03932
8;باجة;نفزة;م.إ.  الجميلة;ابتدائي;36.94818;9.09855
8;باجة;نفزة;م.إ.  جميل ;ابتدائي;36.94718;9.05122
8;باجة;نفزة;م.إ.  رأس الوادي;ابتدائي;36.97642;9.18248
8;باجة;نفزة;م.إ.  مقطع حديد -تبردقة;ابتدائي;37.04781;9.02609
8;باجة;نفزة;م.إ.  طبوبة;ابتدائي;36.88916;9.08599
8;باجة;نفزة;م.إ.  الطارف;ابتدائي;36.92818;8.97664
8;باجة;نفزة;م.إ.  الظهيرات;ابتدائي;36.96529;9.11621
8;باجة;نفزة;م.إ.  عش الزيتون;ابتدائي;37.02620;9.14346
8;باجة;نفزة;م.إ. الحمايدية;ابتدائي;36.94739;8.97678
8;باجة;نفزة;م.إ.  أولاد هويمل;ابتدائي;37.01375;9.08806
8;باجة;نفزة;م.إ.  قرسطاية;ابتدائي;36.87988;9.14668
8;باجة;نفزة;م.إ.  العهد الجديد;ابتدائي;36.98325;9.07968
8;باجة;نفزة;م.إ.  الوليجة;ابتدائي;37.01125;8.97060
8;باجة;نفزة;م.إ.  بوقرنونــة;ابتدائي;36.94529;9.01476
8;باجة;نفزة;م.إ. الصنادل;ابتدائي;37.00400;9.10189
8;باجة;نفزة;م.إ. الطويلــــة;ابتدائي;36.96867;9.05223
8;باجة;تيبار;م.إ.  دجبة 1;ابتدائي;36.48421;9.10638
8;باجة;تيبار;م.إ.  النشيمة;ابتدائي;36.56343;9.09592
8;باجة;تيبار;م.إ.  عين الدفالي;ابتدائي;36.48281;9.05873
8;باجة;تيبار;م.إ.  شارع بورقيبة ;ابتدائي;36.52166;9.10251
8;باجة;تيبار;م.إ.  دجبة 2;ابتدائي;36.48877;9.09357
8;باجة;تيبار;م.إ. بلعيش;ابتدائي;36.44695;9.06697
8;باجة;تبرسق;م.إ.  باب الجبلي;ابتدائي;36.45954;9.24584
8;باجة;تبرسق;م.إ.  طريق تونس ;ابتدائي;36.46190;9.24641
8;باجة;تبرسق;م.إ.  المنشية;ابتدائي;36.44941;9.24639
8;باجة;تبرسق;م.إ.  دقة الجديدة;ابتدائي;36.39885;9.23946
8;باجة;تبرسق;م.إ.  عين بن شبل;ابتدائي;36.42241;9.31960
8;باجة;تبرسق;م.إ.  ريحانة;ابتدائي;36.42281;9.09403
8;باجة;تبرسق;م.إ.  بئر التوتة;ابتدائي;36.49140;9.22550
8;باجة;تبرسق;م.إ.  عين مليتي;ابتدائي;36.49837;9.17685
8;باجة;تبرسق;م.إ.  عين جمالة;ابتدائي;36.49480;9.31464
8;باجة;تبرسق;م.إ.  أولاد مرعي;ابتدائي;36.55058;9.22977
8;باجة;تبرسق;م.إ.  حي النسيم;ابتدائي;36.45551;9.24151
8;باجة;تبرسق;م.إ.  عين الحمام;ابتدائي;36.38148;9.12490
8;باجة;تبرسق;م.إ.  العياضي;ابتدائي;36.52570;9.17534
8;باجة;قبلاط;م.إ.  ابن سينا قبلاط1;ابتدائي;36.54047;9.66293
8;باجة;قبلاط;م.إ.  شيخ الوديان;ابتدائي;36.49637;9.71199
8;باجة;قبلاط;م.إ.  قرام;ابتدائي;36.52046;9.61086
8;باجة;قبلاط;م.إ.  دور اسماعيل;ابتدائي;36.54940;9.78728
8;باجة;قبلاط;م.إ.  خشاب;ابتدائي;36.55406;9.72828
8;باجة;قبلاط;م.إ. بئر العش;ابتدائي;36.47153;9.62554
8;باجة;قبلاط;م.إ.  التلة;ابتدائي;36.58191;9.81984
8;باجة;قبلاط;م.إ.  خنيقة الدهان;ابتدائي;36.47028;9.66436
8;باجة;قبلاط;م.إ.  ابن خلدون قبلاط 2;ابتدائي;36.55035;9.66018
8;باجة;قبلاط;م.إ.  سيدي نصر;ابتدائي;36.47243;9.60276
8;باجة;قبلاط;م.إ.  القمرتي;ابتدائي;36.32000;9.38000
8;باجة;مجاز الباب;م.إ.  شارع بورقيبة ;ابتدائي;36.6486188;9.6121095
8;باجة;مجاز الباب;م.إ.  نهج 18 جانفي 52 مجاز الباب;ابتدائي;36.64636;9.60017
8;باجة;مجاز الباب;م.إ.  الهري;ابتدائي;36.72545;9.66403
8;باجة;مجاز الباب;م.إ.  توكابر;ابتدائي;36.70873;9.52285
8;باجة;مجاز الباب;م.إ.  سيدي احمد الجديدي;ابتدائي;36.66177;9.51481
8;باجة;مجاز الباب;م.إ.  سيدي مدين;ابتدائي;36.63168;9.75566
8;باجة;مجاز الباب;م.إ.  سيدي نصر ;ابتدائي;36.68197;9.56819
8;باجة;مجاز الباب;م.إ.  قريش الوادي;ابتدائي;36.67927;9.66589
8;باجة;مجاز الباب;م.إ.  القصر تستور;ابتدائي;36.75858;9.47262
8;باجة;مجاز الباب;م.إ.  شواش;ابتدائي;36.71160;9.53962
8;باجة;مجاز الباب;م.إ.  القريعات1;ابتدائي;36.69699;9.74668
8;باجة;مجاز الباب;م.إ.  الرحيبة ;ابتدائي;36.64947;9.60796
8;باجة;مجاز الباب;م.إ.  البد;ابتدائي;36.79421;9.58138
8;باجة;مجاز الباب;م.إ.  حيدوس;ابتدائي;36.74333;9.59079
8;باجة;مجاز الباب;م.إ.  القريعات 2;ابتدائي;36.66014;9.78403
8;باجة;مجاز الباب;م.إ. العرقوب;ابتدائي;36.71801;9.89401
8;باجة;مجاز الباب;م.إ.  التفاحة;ابتدائي;36.71405;9.60728
8;باجة;مجاز الباب;م.إ.   سيدي الرايس;ابتدائي;36.64486;9.62502
8;باجة;مجاز الباب;م.إ.   مدللة حورية;ابتدائي;36°39'6;"24"""
8;باجة;تستور;م.إ. ابن خلدون تستور 1;ابتدائي;36.55016;9.44382
8;باجة;تستور;م.إ.  بن عطية تستور 1;ابتدائي;36.55411;9.43859
8;باجة;تستور;م.إ. السلوقية;ابتدائي;36.58103;9.51122
8;باجة;تستور;م.إ.  وادي الزرقاء 1;ابتدائي;36.66653;9.44288
8;باجة;تستور;م.إ.  الصخيرة;ابتدائي;36.58888;9.40779
8;باجة;تستور;م.إ.  زلدو;ابتدائي;36.57697;9.31349
8;باجة;تستور;م.إ.  مزوغة;ابتدائي;36.60557;9.34056
8;باجة;تستور;م.إ.  أولاد سلامة;ابتدائي;36.51566;9.49270
8;باجة;تستور;م.إ.   عين طنقا;ابتدائي;36.52540;9.35887
8;باجة;تستور;م.إ.  عين يونس;ابتدائي;36.44394;9.37670
8;باجة;تستور;م.إ.  وادي الجدرة;ابتدائي;36.55105;9.35269
8;باجة;تستور;م.إ.  ولجة الدخان;ابتدائي;36.60203;9.55379
8;باجة;تستور;م.إ. حي غرناطة ;ابتدائي;36.54576;9.44288
8;باجة;تستور;م.إ.  حي الروضة السلوقية;ابتدائي;36.59132;9.51632
8;باجة;تستور;م.إ.  وادي الزرقاء 2;ابتدائي;36.66592;9.43972
8;باجة;تستور;م.إ.  وادي الزيتون;ابتدائي;36.72047;9.46675
8;باجة;تستور;م.إ.  جباس;ابتدائي;36.55329;9.49397
8;باجة;تستور;م.إ.  تافرشة;ابتدائي;36.58362;9.55542
8;باجة;تستور;م.إ.  القلاع;ابتدائي;36.57427;9.24606
8;باجة;تستور;م.إ. السنايسيـة;ابتدائي;36.49429;9.48977
9;جندوبة;جندوبة الشمالية;م.إ.  بن بشير;ابتدائي;36.5687914;8.8546091
9;جندوبة;جندوبة الشمالية;م.إ.  بلاريجيا;ابتدائي;36.5574328;8.7516677
9;جندوبة;جندوبة الشمالية;م.إ.  الخضراء;ابتدائي;36.4807816;8.7248147
9;جندوبة;جندوبة الشمالية;م.إ.  حي الهادي بن حسين;ابتدائي;36.5121923;8.7644133
9;جندوبة;جندوبة الشمالية;م.إ.  عين القصير;ابتدائي;36.5128447;8.5923792
9;جندوبة;جندوبة الشمالية;م.إ.  سطفورة;ابتدائي;36.559425;8.680931
9;جندوبة;جندوبة الشمالية;م.إ.  الزهوة;ابتدائي;36.5042706;8.7612695
9;جندوبة;جندوبة الشمالية;م.إ.  عين المطوية;ابتدائي;36.5448286;8.6542888
9;جندوبة;جندوبة الشمالية;م.إ.  السواني;ابتدائي;36.5406492;8.6872415
9;جندوبة;جندوبة الشمالية;م.إ.  سوق الجمعة;ابتدائي;36.5789918;8.5994485
9;جندوبة;جندوبة الشمالية;م.إ.  الشافعي;ابتدائي;36.5496279;8.7222352
9;جندوبة;جندوبة الشمالية;م.إ.  الطواهرية;ابتدائي;36.5332993;8.7939597
9;جندوبة;جندوبة الشمالية;م.إ.  الارتياج;ابتدائي;36.5735081;8.7965581
9;جندوبة;جندوبة الشمالية;م.إ.  النصر حي زهوة;ابتدائي;36.5029979;8.7632296
9;جندوبة;جندوبة الشمالية;م.إ. علي الجندلي;ابتدائي;36.5537563;8.5514778
9;جندوبة;جندوبة الشمالية;م.إ.  عين الزانة;ابتدائي;36.5930399;8.5438789
9;جندوبة;جندوبة الشمالية;م.إ.  ابن الجزار;ابتدائي;36.5162363;8.7529556
9;جندوبة;جندوبة الشمالية;م.إ.  عين الخراريب;ابتدائي;36.5403366;8.6121426
9;جندوبة;جندوبة الشمالية;م.إ.  الصوالة;ابتدائي;36.5345584;8.7408578
9;جندوبة;جندوبة الشمالية;م.إ.  أولاد عيار;ابتدائي;36.5229827;8.5571091
9;جندوبة;جندوبة الشمالية;م.إ.  الجواهرية;ابتدائي;36.5038885;8.7153234
9;جندوبة;جندوبة الشمالية;م.إ. أحواض القرع;ابتدائي;36.5756058;8.5217065
9;جندوبة;جندوبة الشمالية;م.إ.  عتاب;ابتدائي;36.5607925;8.6431753
9;جندوبة;جندوبة الجنوبية;م.إ.  شارع بورقيبة ;ابتدائي;36.4995475;8.7827942
9;جندوبة;جندوبة الجنوبية;م.إ.  ابن سينا ;ابتدائي;36.5001232;8.7736434
9;جندوبة;جندوبة الجنوبية;"م.إ. النور ""مصباح الاينوبلي""";ابتدائي;36.50296;8.78312
9;جندوبة;جندوبة الجنوبية;م.إ.  شارع الطيب المهيري ;ابتدائي;36.4996447;8.7805317
9;جندوبة;جندوبة الجنوبية;م.إ.  ساحة الشهداء ;ابتدائي;36.4997397;8.7795292
9;جندوبة;جندوبة الجنوبية;م.إ.  نهج ابن خلدون;ابتدائي;36.4997649;8.7807017
9;جندوبة;جندوبة الجنوبية;م.إ.  الزغادية;ابتدائي;36.5025214;8.771984
9;جندوبة;جندوبة الجنوبية;م.إ.  ميتول;ابتدائي;36.4222963;8.7600308
9;جندوبة;جندوبة الجنوبية;م.إ.  سوق السبت;ابتدائي;36.5566184;8.8833916
9;جندوبة;جندوبة الجنوبية;م.إ.  الملقى;ابتدائي;36.5323896;8.8502513
9;جندوبة;جندوبة الجنوبية;م.إ. عين الكريمة;ابتدائي;36.4362331;8.866858
9;جندوبة;جندوبة الجنوبية;م.إ.  العيثه;ابتدائي;36.4659088;8.8913558
9;جندوبة;جندوبة الجنوبية;م.إ.  الجريف القبلي;ابتدائي;36.4466969;8.709287
9;جندوبة;جندوبة الجنوبية;م.إ.  العزيمة سوق السبت;ابتدائي;36.5516986;8.8810724
9;جندوبة;جندوبة الجنوبية;م.إ.  التطور;ابتدائي;36.4889268;8.784602
9;جندوبة;جندوبة الجنوبية;م.إ.  الفوز;ابتدائي;36.5047319;8.7862504
9;جندوبة;جندوبة الجنوبية;م.إ.  الرشاد ;ابتدائي;36.4844571;8.8177122
9;جندوبة;جندوبة الجنوبية;م.إ. بلحسن الدريسي;ابتدائي;36.50434;8.78778
9;جندوبة;جندوبة الجنوبية;م.إ.  معلى;ابتدائي;36.4351338;8.8098644
9;جندوبة;جندوبة الجنوبية;م.إ. ابو القاسم الشابي ;ابتدائي;36.5072943;8.7734542
9;جندوبة;جندوبة الجنوبية;م.إ.  السعادة كم 5 ;ابتدائي;36.4491293;8.7790423
9;جندوبة;جندوبة الجنوبية;م.إ.  سيدي الهميسي;ابتدائي;36.4539112;8.83829
9;جندوبة;جندوبة الجنوبية;م.إ.  الطرايدية;ابتدائي;36.4810885;8.8573893
9;جندوبة;جندوبة الجنوبية;م.إ.  الفائز;ابتدائي;36.4923272;8.7808734
9;جندوبة;جندوبة الجنوبية;م.إ.  الحدائق ;ابتدائي;36.5090128;8.7883581
9;جندوبة;جندوبة الجنوبية;م.إ.  الصخايرية;ابتدائي;36.4714792;8.7482016
9;جندوبة;جندوبة الجنوبية;م.إ.  الغراغيز;ابتدائي;36.4579691;8.8714357
9;جندوبة;جندوبة الجنوبية;م.إ. المروج;ابتدائي;36.487069;8.7850514
9;جندوبة;جندوبة الجنوبية;م.إ. الشرفة;ابتدائي;36.5071522;8.7988488
9;جندوبة;بوسالم;م.إ.   نهج الحبيب ثامر;ابتدائي;36.6106201;8.9681492
9;جندوبة;بوسالم;م.إ.  نهج الجامع ;ابتدائي;36.6092408;8.9695866
9;جندوبة;بوسالم;م.إ. الكرامة ;ابتدائي;36.6067281;8.9730815
9;جندوبة;بوسالم;م.إ.  نهج الاستقلال ;ابتدائي;36.61069;8.97287
9;جندوبة;بوسالم;م.إ.  المرجى;ابتدائي;36.4862349;8.9256605
9;جندوبة;بوسالم;م.إ.  مركز الكدية;ابتدائي;36.5418954;8.9946861
9;جندوبة;بوسالم;م.إ.  المنقوش;ابتدائي;36.567521;9.0353976
9;جندوبة;بوسالم;م.إ.  الدزيرة;ابتدائي;36.4767388;9.0191059
9;جندوبة;بوسالم;م.إ.  سيدي علي الجبيني;ابتدائي;36.6027362;9.0248035
9;جندوبة;بوسالم;م.إ.  البراهمي;ابتدائي;36.6118963;8.8744531
9;جندوبة;بوسالم;م.إ.  الهناء بوسالم;ابتدائي;36.6050543;8.9683109
9;جندوبة;بوسالم;م.إ.  البئر الأخضر ;ابتدائي;36.5941428;8.9594318
9;جندوبة;بوسالم;م.إ.  سيدي عبيد ;ابتدائي;36.4935551;8.9662567
9;جندوبة;بوسالم;م.إ.  حوال الوادي ;ابتدائي;36.5254445;9.0320348
9;جندوبة;بوسالم;م.إ.  زامه;ابتدائي;36.5919889;8.9379859
9;جندوبة;بوسالم;م.إ.  مجاز الشرف;ابتدائي;36.5867409;9.0543213
9;جندوبة;بوسالم;م.إ.  الأنس;ابتدائي;36.5905668;8.9034515
9;جندوبة;بوسالم;م.إ. الروماني;ابتدائي;36.633253;9.013997
9;جندوبة;بلطة بوعوان;م.إ.  بلطة;ابتدائي;36.7059122;8.9461073
9;جندوبة;بلطة بوعوان;م.إ. منجم بوعوان;ابتدائي;36.6943147;9.0022355
9;جندوبة;بلطة بوعوان;م.إ.  العواوضة;ابتدائي;36.6952648;8.9232732
9;جندوبة;بلطة بوعوان;م.إ.  البلدية;ابتدائي;36.6717105;8.8908227
9;جندوبة;بلطة بوعوان;م.إ.  مركز عبد الجبار;ابتدائي;36.7107532;8.983071
9;جندوبة;بلطة بوعوان;م.إ.  بولعابة عن محطة بن بشير;ابتدائي;36.650897;8.825324
9;جندوبة;بلطة بوعوان;م.إ.  بني امحمد;ابتدائي;36.7587532;8.9295517
9;جندوبة;بلطة بوعوان;م.إ.  أولاد حسن;ابتدائي;36.7385847;8.983884
9;جندوبة;بلطة بوعوان;م.إ.  السمران;ابتدائي;36.6537021;8.9640926
9;جندوبة;بلطة بوعوان;م.إ.  الأمل سد كساب;ابتدائي;36.7557499;9.0092869
9;جندوبة;بلطة بوعوان;م.إ.  جربنة بوسالم;ابتدائي;36.75302;8.9588615
9;جندوبة;بلطة بوعوان;م.إ.  عين فضة;ابتدائي;36.7396374;8.9024042
9;جندوبة;بلطة بوعوان;م.إ.  التوايتية;ابتدائي;36.69146;8.95309
9;جندوبة;بلطة بوعوان;م.إ.  الشواولة بوسالم;ابتدائي;36.7029239;8.8311921
9;جندوبة;بلطة بوعوان;م.إ.  أولاد سعيدان;ابتدائي;36.6944222;8.86622
9;جندوبة;بلطة بوعوان;م.إ.  الهادي خليل;ابتدائي;36.6174543;8.9778126
9;جندوبة;بلطة بوعوان;م.إ.  عين الحاج;ابتدائي;36.7192108;8.9294364
9;جندوبة;بلطة بوعوان;م.إ.   الحمام ;ابتدائي;36.7115397;9.0216349
9;جندوبة;بلطة بوعوان;م.إ.  بغوره;ابتدائي;36.64650;8.78465
9;جندوبة;بلطة بوعوان;م.إ.  الخليفات;ابتدائي;36.6665982;8.8437607
9;جندوبة;بلطة بوعوان;م.إ. النصايبية;ابتدائي;36.75843;8.89898
9;جندوبة;بلطة بوعوان;م.إ.  الحرية بو سالم;ابتدائي;36.69711;8.89708
9;جندوبة;بلطة بوعوان;م.إ.  ريغة;ابتدائي;36.6684084;8.8021449
9;جندوبة;بلطة بوعوان;م.إ.  الثريات;ابتدائي;36.6188166;8.8459421
9;جندوبة;بلطة بوعوان;م.إ. حفرة الجنة;ابتدائي;36.69976;8.86805
9;جندوبة;بلطة بوعوان;م.إ.  سيدي عبدالله;ابتدائي;36.6362509;8.8804744
9;جندوبة;بلطة بوعوان;م.إ.  فرحات حشاد;ابتدائي;36.6944;9.00048
9;جندوبة;طبرقة;م.إ.  شارع بورقيبة;ابتدائي;36.95456;8.75816
9;جندوبة;طبرقة;م.إ.  نهج المعتمدية;ابتدائي;36.95433;8.75935
9;جندوبة;طبرقة;م.إ.  بوترفس;ابتدائي;36.95408;8.85710
9;جندوبة;طبرقة;م.إ.  الحوامدية;ابتدائي;36.91370;8.78252
9;جندوبة;طبرقة;م.إ. عين الصبح;ابتدائي;36.95801;8.91901
9;جندوبة;طبرقة;م.إ.  مركز جاء بالله;ابتدائي;36.89962;8.74618
9;جندوبة;طبرقة;م.إ.  الجبل الأبيض الوراهنية;ابتدائي;36.89293;8.82593
9;جندوبة;طبرقة;م.إ.  هنشير الخذايرية;ابتدائي;36.8926746;8.746034
9;جندوبة;طبرقة;م.إ.  عين السنوسي;ابتدائي;36.81949;8.91853
9;جندوبة;طبرقة;م.إ.  بريرم;ابتدائي;36.92986;8.74808
9;جندوبة;طبرقة;م.إ.  سيدي عسكر;ابتدائي;36.928500;8.875920
9;جندوبة;طبرقة;م.إ.  سيدي روين;ابتدائي;36.8934156;8.9009059
9;جندوبة;طبرقة;م.إ. ملولة;ابتدائي;36.9502393;8.7122512
9;جندوبة;طبرقة;م.إ.  التغزاز;ابتدائي;36.8959881;8.9760742
9;جندوبة;طبرقة;م.إ. الأرمال;ابتدائي;36.9567939;8.7471178
9;جندوبة;طبرقة;م.إ.  الفرش;ابتدائي;36.8551784;8.9726907
9;جندوبة;طبرقة;م.إ.  سيدي بدر;ابتدائي;36.94262;8.79853
9;جندوبة;طبرقة;م.إ.  18 جانفي الحمام;ابتدائي;36.8597879;8.8011266
9;جندوبة;طبرقة;م.إ.  العقيبة;ابتدائي;36.93077;8.89923
9;جندوبة;طبرقة;م.إ.  السلايمية;ابتدائي;36.90717;8.7685386
9;جندوبة;طبرقة;م.إ.  السواقي;ابتدائي;36.86751;8.82805
9;جندوبة;طبرقة;م.إ.  حي البساتين;ابتدائي;36.9439001;8.754863
9;جندوبة;طبرقة;م.إ.  سيدي رمضان;ابتدائي;36.8460471;8.9435317
9;جندوبة;طبرقة;م.إ.  سيدي قويدر;ابتدائي;36.85780;8.89215
9;جندوبة;طبرقة;م.إ.  الفجة;ابتدائي;36.90927;8.74376
9;جندوبة;عين دراهم;م.إ. شارع بورقيبة;ابتدائي;36.7796224;8.6892379
9;جندوبة;عين دراهم;م.إ.  فج الشحارير;ابتدائي;36.78780;8.69138
9;جندوبة;عين دراهم;م.إ.  ببوش;ابتدائي;36.8031399;8.6778112
9;جندوبة;عين دراهم;م.إ.  التباينية;ابتدائي;36.7754299;8.7680329
9;جندوبة;عين دراهم;م.إ.  الرويعي;ابتدائي;36.745650;8.540396
9;جندوبة;عين دراهم;م.إ.  أولاد هلال;ابتدائي;36.71394;8.62735
9;جندوبة;عين دراهم;م.إ.  حمام بورقيبة;ابتدائي;36.7628358;8.5887747
9;جندوبة;عين دراهم;م.إ.  عين الحمراية;ابتدائي;36.7750642;8.847239
9;جندوبة;عين دراهم;م.إ. وادي الزان;ابتدائي;36.8251141;8.8372989
9;جندوبة;عين دراهم;م.إ.  عين البيضة;ابتدائي;36.76412;8.66671
9;جندوبة;عين دراهم;م.إ.  أولاد سدره;ابتدائي;36.8635508;8.680978
9;جندوبة;عين دراهم;م.إ.  المريج;ابتدائي;36.74765;8.68193
9;جندوبة;عين دراهم;م.إ.  ساحة المعتمدية;ابتدائي;36.7792531;8.689435
9;جندوبة;عين دراهم;م.إ.  سيدي امحمد;ابتدائي;36.8350734;8.7249409
9;جندوبة;عين دراهم;م.إ.  الفتح بحيرة الزيتونة;ابتدائي;36.764863;8.5467965
9;جندوبة;عين دراهم;م.إ.  الحبيب الرويعي;ابتدائي;36.7666965;8.5231995
9;جندوبة;عين دراهم;م.إ. صرى رابح;ابتدائي;36.7959806;8.7482552
9;جندوبة;عين دراهم;م.إ.  القرافة;ابتدائي;36.73983;8.61676
9;جندوبة;عين دراهم;م.إ.  دار فاطمة;ابتدائي;36.81543;8.77256
9;جندوبة;عين دراهم;م.إ.  أرض الكاف;ابتدائي;36.77693;8.63192
9;جندوبة;عين دراهم;م.إ.  أولاد خميسة;ابتدائي;36.74609;8.48671
9;جندوبة;عين دراهم;م.إ.  2 مارس 34 عين دراهم;ابتدائي;36.7715446;8.6800639
9;جندوبة;عين دراهم;م.إ.  عديسة;ابتدائي;36.74696;8.59911
9;جندوبة;عين دراهم;م.إ.  مشراوه;ابتدائي;36.72534;8.5635787
9;جندوبة;عين دراهم;م.إ.  أولاد عريض;ابتدائي;36.7417198;8.6509529
9;جندوبة;عين دراهم;م.إ.  سيدي يوسف;ابتدائي;36.7473379;8.8003862
9;جندوبة;عين دراهم;م.إ.  أولاد ضيف الله;ابتدائي;36.739336;8.501668
9;جندوبة;عين دراهم;م.إ.  الزويتنية;ابتدائي;36.72193;8.52722
9;جندوبة;عين دراهم;م.إ.بونايل سوق السبت;ابتدائي;36.7928334;8.9074345
9;جندوبة;فرنانة;م.إ.  المناخ;ابتدائي;36.61190;8.68682
9;جندوبة;فرنانة;م.إ.  السمايتية;ابتدائي;36.6149071;8.7556303
9;جندوبة;فرنانة;م.إ. هنشير الشعيبة;ابتدائي;36.59602;8.75201
9;جندوبة;فرنانة;م.إ. شارع بورقيبة ;ابتدائي;36.6556005;8.6970606
9;جندوبة;فرنانة;م.إ. عين البية;ابتدائي;36.65789;8.61193
9;جندوبة;فرنانة;م.إ. سيدي سعيد;ابتدائي;36.62990;8.57317
9;جندوبة;فرنانة;م.إ. عين شرشاره;ابتدائي;36.6849192;8.5787171
9;جندوبة;فرنانة;م.إ.  جنتوره;ابتدائي;36.68938;8.72053
9;جندوبة;فرنانة;م.إ.  حليمة;ابتدائي;36.634213;8.458051
9;جندوبة;فرنانة;م.إ.  بوهرتمة;ابتدائي;36.67306;8.78244
9;جندوبة;فرنانة;م.إ.  الإزدهار جواودة;ابتدائي;36.68277;8.54054
9;جندوبة;فرنانة;م.إ. العمل بالقنة;ابتدائي;36.68329;8.62545
9;جندوبة;فرنانة;م.إ.  الزاويـــة;ابتدائي;36.6796914;8.680711
9;جندوبة;فرنانة;م.إ.  النجاح أم البشنة;ابتدائي;36.71366;8.59769
9;جندوبة;فرنانة;م.إ.  15 أكتوبر 63 رميلة;ابتدائي;36.60921;8.63772
9;جندوبة;فرنانة;م.إ.  الحمر;ابتدائي;36.61769;8.5345973
9;جندوبة;فرنانة;م.إ.  طريق عين دراهم;ابتدائي;36.6604532;8.6907642
9;جندوبة;فرنانة;م.إ.  العلايق;ابتدائي;36.65096;8.56251
9;جندوبة;فرنانة;م.إ.  البطاح;ابتدائي;36.66108;8.49422
9;جندوبة;فرنانة;م.إ.  الخزان;ابتدائي;36.68780;8.73830
9;جندوبة;فرنانة;م.إ.  بني مطير;ابتدائي;36.73895;8.73414
9;جندوبة;فرنانة;م.إ.  الفروحة;ابتدائي;36.6995423;8.7834034
9;جندوبة;فرنانة;م.إ.  الشتايتية;ابتدائي;36.64790;8.64760
9;جندوبة;فرنانة;م.إ. بوحلاب;ابتدائي;36.6973431;8.5225328
9;جندوبة;فرنانة;م.إ.  عرقوب الريحان;ابتدائي;36.65948;8.73443
9;جندوبة;فرنانة;م.إ.  حوش حليمة;ابتدائي;36.6136744;8.49474
9;جندوبة;فرنانة;م.إ. المعاليم;ابتدائي;36.7132349;8.5725282
9;جندوبة;فرنانة;م.إ.  هذيل;ابتدائي;36.6671114;8.5706231
9;جندوبة;فرنانة;م.إ.  سيدي عمار;ابتدائي;36.62425;8.77515
9;جندوبة;فرنانة;م.إ.  شيبة;ابتدائي;36.63889;8.52113
9;جندوبة;فرنانة;م.إ.  أم علية;ابتدائي;36.6309719;8.6641207
9;جندوبة;فرنانة;م.إ.عين حراث;ابتدائي;36.6850667;8.5017108
9;جندوبة;واد مليز;م.إ.  نهج البريد;ابتدائي;36.46830;8.54953
9;جندوبة;واد مليز;م.إ.  الدخايلية;ابتدائي;36.51295;8.51815
9;جندوبة;واد مليز;م.إ.  القنارة;ابتدائي;36.4906305;8.6278616
9;جندوبة;واد مليز;م.إ.  حكيم;ابتدائي;36.4583213;8.6102794
9;جندوبة;واد مليز;م.إ.  سيدي مسكين;ابتدائي;36.4525694;8.6610187
9;جندوبة;واد مليز;م.إ.  بوقصة;ابتدائي;36.4308976;8.5760645
9;جندوبة;واد مليز;م.إ.  الزوبيا;ابتدائي;36.4808325;8.6730456
9;جندوبة;واد مليز;م.إ.  عين أم هاني;ابتدائي;36.42971;8.62385
9;جندوبة;واد مليز;م.إ.  هنشير ميرة;ابتدائي;36.45641;8.50116
9;جندوبة;واد مليز;م.إ.  عباسة;ابتدائي;36.5304372;8.5419234
9;جندوبة;واد مليز;م.إ. 4 أفريل 1938;ابتدائي;36.4675484;8.5495889
9;جندوبة;واد مليز;م.إ. المراغمة;ابتدائي;36.4046897;8.5149578
9;جندوبة;واد مليز;م.إ.  20 مارس ;ابتدائي;36.476309;8.5472673
9;جندوبة;واد مليز;م.إ.  الجلايلية;ابتدائي;36.5018663;8.5414367
9;جندوبة;غار دماء;م.إ.  شارع بورقيبة;ابتدائي;36.44619;8.43788
9;جندوبة;غار دماء;م.إ.  نهج بلهوان;ابتدائي;36.44491;8.43925
9;جندوبة;غار دماء;م.إ.  نهج البجاوي;ابتدائي;36.4498722;8.44462
9;جندوبة;غار دماء;م.إ.  ميسوة;ابتدائي;36.54480;8.36121
9;جندوبة;غار دماء;م.إ.  سيدي بلقاسم;ابتدائي;36.52604;8.46984
9;جندوبة;غار دماء;م.إ.  الدورة;ابتدائي;36.48116;8.47895
9;جندوبة;غار دماء;م.إ.  عين سلطان;ابتدائي;36.5258021;8.3348132
9;جندوبة;غار دماء;م.إ.  العيون;ابتدائي;36.49219;8.36784
9;جندوبة;غار دماء;م.إ.  أولاد علي;ابتدائي;36.5205898;8.4400019
9;جندوبة;غار دماء;م.إ. عين جابر;ابتدائي;36.54813;8.40611
9;جندوبة;غار دماء;م.إ.  وادي معدن;ابتدائي;36.56251;8.43361
9;جندوبة;غار دماء;م.إ.  الصرية;ابتدائي;36.4741496;8.247549
9;جندوبة;غار دماء;م.إ.  الزرايبية;ابتدائي;36.47095;8.36687
9;جندوبة;غار دماء;م.إ.  فج حسين;ابتدائي;36.39614;8.42409
9;جندوبة;غار دماء;م.إ.  الرحيم;ابتدائي;36.46898;8.32983
9;جندوبة;غار دماء;م.إ.  الغرة;ابتدائي;36.59546;8.41977
9;جندوبة;غار دماء;م.إ. عرقوب الصابون;ابتدائي;36.48919;8.21812
9;جندوبة;غار دماء;م.إ.  البلدة;ابتدائي;36.54713;8.50057
9;جندوبة;غار دماء;م.إ.  حي الزهور;ابتدائي;36.45452;8.43500
9;جندوبة;غار دماء;م.إ. البياضة;ابتدائي;36.47014;8.17865
9;جندوبة;غار دماء;م.إ.  الطارف;ابتدائي;36.4971974;8.4202336
9;جندوبة;غار دماء;م.إ.  محمد الأزرق;ابتدائي;36.41442;8.47303
9;جندوبة;غار دماء;م.إ.  2 مارس 34 الموخر;ابتدائي;36.49843;8.18333
9;جندوبة;غار دماء;م.إ.  حي النهوض;ابتدائي;36.4437992;8.4332634
9;جندوبة;غار دماء;م.إ. الخنقة;ابتدائي;36.52338;8.38190
9;جندوبة;غار دماء;م.إ.  كاف النسور;ابتدائي;36.56776;8.37997
9;جندوبة;غار دماء;م.إ.  أولاد حريز;ابتدائي;36.4496;8.4019219
9;جندوبة;غار دماء;م.إ.  الحدائق ;ابتدائي;36.44666;8.43247
9;جندوبة;غار دماء;م.إ.  البرانصية;ابتدائي;36.4717578;8.4501239
9;جندوبة;غار دماء;م.إ.  هنشير الحمام الصرية;ابتدائي;36.4648622;8.3053039
9;جندوبة;غار دماء;م.إ.  الحوش القلعة;ابتدائي;36.58970;8.46720
9;جندوبة;غار دماء;م.إ.  الصرى;ابتدائي;36.3868176;8.485471
9;جندوبة;غار دماء;م.إ.  السلاطنية;ابتدائي;36.5590662;8.4793234
9;جندوبة;غار دماء;م.إ.  بوريحان;ابتدائي;36.46110;8.20969
9;جندوبة;غار دماء;م.إ. القحاميص;ابتدائي;36.61302;8.435267
10;سليانة;سليانة الشمالية;م.إ. 2 مارس 34 سليانة البريد;ابتدائي;36.08547;9.37247
10;سليانة;سليانة الشمالية;م.إ.  البلهوان;ابتدائي;36.08565;9.36827
10;سليانة;سليانة الشمالية;م.إ.  حي الصلاح ;ابتدائي;36.08886;9.36665
10;سليانة;سليانة الشمالية;م.إ.   جامة;ابتدائي;36.11229;9.28440
10;سليانة;سليانة الشمالية;م.إ.  عين الديسة;ابتدائي;35.95595;9.24684
10;سليانة;سليانة الشمالية;م.إ.  مديونة;ابتدائي;36.11931;9.40069
10;سليانة;سليانة الشمالية;م.إ.  الصاحبين;ابتدائي;36.05539;9.21091
10;سليانة;سليانة الشمالية;م.إ. بن زكري يهبـو;ابتدائي;36.09148;9.44778
10;سليانة;سليانة الشمالية;م.إ.  دشرة الخلصة;ابتدائي;35.95828;9.16737
10;سليانة;سليانة الشمالية;م.إ.  الجوى;ابتدائي;36.11293;9.21552
10;سليانة;سليانة الشمالية;م.إ.  عرقوب الخلصة;ابتدائي;35.99508;9.20551
10;سليانة;سليانة الشمالية;م.إ.  الخزامي ;ابتدائي;35.98428;9.23047
10;سليانة;سليانة الشمالية;م.إ.  حي النور-;ابتدائي;36.08842;9.37699
10;سليانة;سليانة الشمالية;م.إ.  زواغة ;ابتدائي;36.05974;9.32412
10;سليانة;سليانة الشمالية;م.إ.الشهداء - حي المسكية;ابتدائي;36.09410;9.36680
10;سليانة;سليانة الشمالية;م.إ.  بن زكري;ابتدائي;36.13752;9.46722
10;سليانة;سليانة الشمالية;م.إ. الطيب المهيري;ابتدائي;36.09198;9.36125
10;سليانة;سليانة الشمالية;م.إ.  الطويبية;ابتدائي;36.09648;9.18198
10;سليانة;سليانة الشمالية;م.إ. حي النزهة;ابتدائي;36.09213;9.37476
10;سليانة;سليانة الجنوبية;م.إ.  رأس الماء;ابتدائي;35.97741;9.49509
10;سليانة;سليانة الجنوبية;م.إ.  سيدي حماده;ابتدائي;35.96088;9.54660
10;سليانة;سليانة الجنوبية;م.إ.  الغماليــة;ابتدائي;35.94758;9.52509
10;سليانة;سليانة الجنوبية;م.إ.  القابل;ابتدائي;36.00109;9.38121
10;سليانة;سليانة الجنوبية;م.إ.  قبر الغول;ابتدائي;35.96127;9.44258
10;سليانة;سليانة الجنوبية;م.إ.  القنارة;ابتدائي;35.97796;9.54345
10;سليانة;سليانة الجنوبية;م.إ.  القنطرة;ابتدائي;36.00600;9.43320
10;سليانة;سليانة الجنوبية;م.إ. مرج مقدم;ابتدائي;35.95083;9.29120
10;سليانة;سليانة الجنوبية;م.إ.  العذابة;ابتدائي;35.91829;9.34115
10;سليانة;سليانة الجنوبية;م.إ. عين القصبات;ابتدائي;35.94096;9.31254
10;سليانة;سليانة الجنوبية;م.إ.  عرقوب الدبغة;ابتدائي;35.91724;9.28776
10;سليانة;سليانة الجنوبية;م.إ.  غياضة;ابتدائي;36.03672;9.34357
10;سليانة;سليانة الجنوبية;م.إ. حانوت مرزوق;ابتدائي;35.98610;9.27020
10;سليانة;سليانة الجنوبية;م.إ.  عين أم الحبال;ابتدائي;35.92258;9.40567
10;سليانة;سليانة الجنوبية;م.إ.  الزريبة;ابتدائي;35.93807;9.49218
10;سليانة;سليانة الجنوبية;م.إ. النمايرية ;ابتدائي;35.95350;9.39225
10;سليانة;سليانة الجنوبية;م.إ. قصر حديد ;ابتدائي;36.06666;9.38927
10;سليانة;سليانة الجنوبية;م.إ.  صنوبرين;ابتدائي;35.98653;9.35065
10;سليانة;سليانة الجنوبية;م.إ.  سيدي عامر;ابتدائي;35.87558;9.48653
10;سليانة;سليانة الجنوبية;م.إ.  المرقب;ابتدائي;35.88205;9.32688
10;سليانة;سليانة الجنوبية;م.إ.  الجمهورية ;ابتدائي;36.08306;9.36783
10;سليانة;سليانة الجنوبية;م.إ.  الحرية;ابتدائي;36.08412;9.35616
10;سليانة;سليانة الجنوبية;م.إ.حي الأنس;ابتدائي;36.08272;9.35373
10;سليانة;برقو;م.إ.  2 مارس ;ابتدائي;36.09164;9.56871
10;سليانة;برقو;م.إ.  سيدي سعيد;ابتدائي;36.18743;9.69183
10;سليانة;برقو;م.إ.  عين بوسعدية;ابتدائي;36.04818;9.63775
10;سليانة;برقو;م.إ. عين زكار;ابتدائي;36.02632;9.53957
10;سليانة;برقو;م.إ.  سيدي زيد;ابتدائي;36.16832;9.65337
10;سليانة;برقو;م.إ.  صدقة;ابتدائي;35.98624;9.58982
10;سليانة;برقو;م.إ.  الدريجة;ابتدائي;36.10912;9.66083
10;سليانة;برقو;م.إ. الكنازيز;ابتدائي;36.13311;9.74909
10;سليانة;برقو;م.إ.  مرج عوام;ابتدائي;36.08785;9.51072
10;سليانة;برقو;م.إ.  دمان الخرّوب;ابتدائي;36.12988;9.60330
10;سليانة;برقو;م.إ.  حي الزهور;ابتدائي;36.07568;9.67592
10;سليانة;برقو;م.إ. أولاد بن عمر;ابتدائي;36.09570;9.72035
10;سليانة;برقو;م.إ.  البياض;ابتدائي;36.02955;9.61752
10;سليانة;برقو;م.إ.  عين فرنة;ابتدائي;36.15010;9.57698
10;سليانة;بوعرادة;م.إ.  الجمهورية ;ابتدائي;36.35328;9.62732
10;سليانة;بوعرادة;م.إ.  نهج نابل ;ابتدائي;36.35565;9.62201
10;سليانة;بوعرادة;م.إ.  هنشير فطيـس;ابتدائي;36.41068;9.72400
10;سليانة;بوعرادة;م.إ.  محطة الجليدة;ابتدائي;36.37115;9.55614
10;سليانة;بوعرادة;م.إ.  قصر بوخريص;ابتدائي;36.23040;9.60316
10;سليانة;بوعرادة;م.إ.  طرف الشناء;ابتدائي;36.34477;9.70615
10;سليانة;بوعرادة;م.إ. عين قسيل;ابتدائي;36.23189;9.52405
10;سليانة;بوعرادة;م.إ.  أولاد سيدي عرفة;ابتدائي;36.29877;9.64306
10;سليانة;بوعرادة;م.إ.  حي الزياتين 34/3/2 بوعرادة;ابتدائي;36.34835;9.62085
10;سليانة;بوعرادة;م.إ.  سيدي عبد النور;ابتدائي;36.29821;9.60370
10;سليانة;بوعرادة;م.إ.  بيجقة;ابتدائي;36.38801;9.62450
10;سليانة;بوعرادة;م.إ.  هنشير رومان;ابتدائي;36.22404;9.57103
10;سليانة;بوعرادة;م.إ.  ابن خلدون بوعرادة;ابتدائي;36.34984;9.63353
10;سليانة;العروسة;م.إ.   2 مارس 1934 العروسة;ابتدائي;36.37977;9.45416
10;سليانة;العروسة;م.إ.  بوجليدة;ابتدائي;36.41377;9.50435
10;سليانة;العروسة;م.إ.  سيدي عياد;ابتدائي;36.35100;9.39286
10;سليانة;العروسة;م.إ. دشرة الحجاج;ابتدائي;36.36507;9.49703
10;سليانة;العروسة;م.إ.  عين بوسلامة;ابتدائي;36.33974;9.57374
10;سليانة;العروسة;م.إ.   الرّميــل;ابتدائي;36.32455;9.48149
10;سليانة;العروسة;م.إ.  وادي العرعار  بوعرادة;ابتدائي;36.38945;9.42392
10;سليانة;العروسة;م.إ. ابن خلدون;ابتدائي;36.37510;9.45623
10;سليانة;قعفور;م.إ.  شاكر;ابتدائي;36.32405;9.32433
10;سليانة;قعفور;م.إ.   بورقيبة ;ابتدائي;36.32396;9.32246
10;سليانة;قعفور;م.إ.   2 مارس 34 محطةالأخوات;ابتدائي;36.25724;9.25511
10;سليانة;قعفور;م.إ.  منجم الأخوات;ابتدائي;36.27473;9.24147
10;سليانة;قعفور;م.إ.  الأقصاب;ابتدائي;36.19380;9.30783
10;سليانة;قعفور;م.إ. الخروبة;ابتدائي;36.23202;9.41117
10;سليانة;قعفور;م.إ.  عين زريق;ابتدائي;36.16440;9.45048
10;سليانة;قعفور;م.إ.  الطيب المهيري ;ابتدائي;36.32446;9.32385
10;سليانة;قعفور;م.إ.  منزل نايل ;ابتدائي;36.19829;9.49395
10;سليانة;قعفور;م.إ.  حي الزهور ;ابتدائي;36.31588;9.32056
10;سليانة;قعفور;م.إ.  بنورية;ابتدائي;36.17282;9.33198
10;سليانة;الكريب;م.إ.  2 مارس 34 الكريب;ابتدائي;36.33152;9.13732
10;سليانة;الكريب;م.إ.  حمام بياضة;ابتدائي;36.39769;8.98020
10;سليانة;الكريب;م.إ. برج مسعودي;ابتدائي;36.29117;9.05985
10;سليانة;الكريب;م.إ.  حمام السخون;ابتدائي;36.42309;8.94592
10;سليانة;الكريب;م.إ.  أولاد طالب;ابتدائي;36.27060;8.99826
10;سليانة;الكريب;م.إ.  عقبة السلوقي;ابتدائي;36.31500;8.99753
10;سليانة;الكريب;م.إ.  العالية;ابتدائي;36.36025;9.16155
10;سليانة;الكريب;م.إ. الدخانية القديمة;ابتدائي;36.32553;9.19847
10;سليانة;الكريب;م.إ.  مدين;ابتدائي;36.28856;8.99007
10;سليانة;الكريب;م.إ.  شارع الحبيب بورقيبة;ابتدائي;36.32678;9.13448
10;سليانة;الكريب;م.إ.  الخنقة ;ابتدائي;36.38824;9.06032
10;سليانة;الكريب;م.إ.  الدخانية الجديدة;ابتدائي;36.34935;9.22744
10;سليانة;الكريب;م.إ.  عرقوب كلاع;ابتدائي;36.35823;9.00386
10;سليانة;الكريب;م.إ.  وادي اللوز;ابتدائي;36.34074;9.08422
10;سليانة;الكريب;م.إ. حي النصر ;ابتدائي;36.32314;9.13062
10;سليانة;الكريب;م.إ.  المهيريس ;ابتدائي;36.31533;9.04142
10;سليانة;مكثر;م.إ.  السّيـادة;ابتدائي;35.85577;9.20447
10;سليانة;مكثر;م.إ.  حشاد;ابتدائي;35.85814;9.20037
10;سليانة;مكثر;م.إ.   شاكر ;ابتدائي;35.85621;9.20287
10;سليانة;مكثر;م.إ.  الخيزران;ابتدائي;35.78902;9.19457
10;سليانة;مكثر;م.إ.  سند الحداد;ابتدائي;35.91423;9.21423
10;سليانة;مكثر;م.إ.  جوف صدين;ابتدائي;35.79994;9.05669
10;سليانة;مكثر;م.إ.  حوش الصفايا;ابتدائي;35.90796;9.13734
10;سليانة;مكثر;م.إ.  بني حازم;ابتدائي;35.87332;9.06801
10;سليانة;مكثر;م.إ.  القرعة;ابتدائي;35.87786;9.25564
10;سليانة;مكثر;م.إ. الشوارنية;ابتدائي;35.95926;9.13945
10;سليانة;مكثر;م.إ.  رأس الوادي;ابتدائي;35.84663;9.12823
10;سليانة;مكثر;م.إ.  سوق الجمعة;ابتدائي;35.88005;9.13214
10;سليانة;مكثر;م.إ.  التلة;ابتدائي;35.79533;9.27202
10;سليانة;مكثر;م.إ.  نهج الطيب المهيري صيار;ابتدائي;35.85219;9.21648
10;سليانة;مكثر;م.إ.  وادي الرمل;ابتدائي;35.83801;9.10106
10;سليانة;مكثر;م.إ.  الحمادة;ابتدائي;35.81205;9.14107
10;سليانة;مكثر;م.إ.  أولاد الشيخ;ابتدائي;35.81918;9.04551
10;سليانة;مكثر;م.إ.  الزواكرة;ابتدائي;35.90406;9.08459
10;سليانة;مكثر;م.إ.  قصر اللوح;ابتدائي;35.85453;9.19487
10;سليانة;مكثر;م.إ.  أولاد علي;ابتدائي;35.85865;9.16495
10;سليانة;مكثر;م.إ.  الحصحاصية;ابتدائي;35.90592;9.20277
10;سليانة;مكثر;م.إ.  الحذايقية;ابتدائي;35.79547;9.27220
10;سليانة;مكثر;م.إ.  الزعرورة;ابتدائي;35.89042;9.21254
10;سليانة;الروحية;م.إ.  2 مارس 34 الروحية;ابتدائي;35.65023;9.05489
10;سليانة;الروحية;م.إ.  الهرية;ابتدائي;35.71811;9.06316
10;سليانة;الروحية;م.إ.  فندق دبيش;ابتدائي;35.67990;9.10308
10;سليانة;الروحية;م.إ.  جلاب القديمة;ابتدائي;35.62354;9.28065
10;سليانة;الروحية;م.إ.  الحبابسة;ابتدائي;35.57644;9.34544
10;سليانة;الروحية;م.إ.  أولاد زيتون;ابتدائي;35.76818;9.03324
10;سليانة;الروحية;م.إ. بوعجيلة;ابتدائي;35.65912;9.16632
10;سليانة;الروحية;م.إ.  برج دبيش;ابتدائي;35.67948;9.15577
10;سليانة;الروحية;م.إ.  الباطن;ابتدائي;35.55316;9.30583
10;سليانة;الروحية;م.إ.  الشوشة;ابتدائي;35.53355;9.39096
10;سليانة;الروحية;م.إ.  الحميمة عن روحية;ابتدائي;35.67309;9.00523
10;سليانة;الروحية;م.إ.  المرثوم ;ابتدائي;35.68223;9.54435
10;سليانة;الروحية;م.إ.  النقاقشة ;ابتدائي;35.63709;9.20870
10;سليانة;الروحية;م.إ.  النجايمية ;ابتدائي;35.67230;9.19212
10;سليانة;الروحية;م.إ.  سيدي مولى;ابتدائي;35.74648;9.06145
10;سليانة;الروحية;م.إ.حي السعادة;ابتدائي;35.64933;9.05053
10;سليانة;الروحية;م.إ.  المقرونة;ابتدائي;35.51994;9.35222
10;سليانة;الروحية;م.إ.  أولاد بلال;ابتدائي;35.65923;9.10102
10;سليانة;الروحية;م.إ. الصويوين;ابتدائي;35.57971;9.39367
10;سليانة;الروحية;م.إ.  السميرات;ابتدائي;35.77056;9.11890
10;سليانة;الروحية;م.إ. حي النور;ابتدائي;35.65168;9.05876
10;سليانة;الروحية;م.إ.  الجلاب الجديدة;ابتدائي;35.67442;9.22022
10;سليانة;الروحية;م.إ.  بربرو;ابتدائي;35.54972;9.31101
10;سليانة;الروحية;م.إ.  أولاد بلغيث;ابتدائي;35.54972;9.31101
10;سليانة;الروحية;م.إ.  جلجل;ابتدائي;35.62877;9.15518
10;سليانة;الروحية;م.إ.  15 أكتوبر خنقة الزقلاص;ابتدائي;35.48168;9.34969
10;سليانة;الروحية;م.إ. الدليوات;ابتدائي;35.67971;9.16802
10;سليانة;بورويس;م.إ.   محطة الكريب;ابتدائي;36.25334;9.18558
10;سليانة;بورويس;م.إ.  العباسي;ابتدائي;36.23563;9.11952
10;سليانة;بورويس;م.إ.  النشم;ابتدائي;36.14943;9.20210
10;سليانة;بورويس;م.إ.  الرويسين القديمة;ابتدائي;36.17828;9.08629
10;سليانة;بورويس;م.إ.  2 مارس 34 سيدي بورويس;ابتدائي;36.17685;9.12348
10;سليانة;بورويس;م.إ.  سيدي بورويس الفلاحي;ابتدائي;36.22204;9.07900
10;سليانة;بورويس;م.إ.  التريشة;ابتدائي;36.11983;9.13493
10;سليانة;بورويس;م.إ.  أولاد يوسف;ابتدائي;36.19629;9.15950
10;سليانة;بورويس;م.إ.  الحياة;ابتدائي;36.19524;9.15198
10;سليانة;بورويس;م.إ.ابو القاسم الشابي;ابتدائي;36.17909;9.11598
10;سليانة;بورويس;م.إ.  الرويسين الجديدة;ابتدائي;36.14323;9.08595
10;سليانة;كسرى;م.إ.  2 مارس 34 كسرى;ابتدائي;35.81185;9.36211
10;سليانة;كسرى;م.إ.  المنصورة القديمة;ابتدائي;35.81498;9.47886
10;سليانة;كسرى;م.إ.  القرية الجنوبية;ابتدائي;35.77037;9.46623
10;سليانة;كسرى;م.إ.  الحمام;ابتدائي;35.83039;9.30585
10;سليانة;كسرى;م.إ.  بوعبدالله;ابتدائي;35.87943;9.43445
10;سليانة;كسرى;م.إ.  الفضول;ابتدائي;35.72250;9.41116
10;سليانة;كسرى;م.إ.  اللوزة القديمة;ابتدائي;35.73322;9.25030
10;سليانة;كسرى;م.إ.  المنصورة فرحات حشاد;ابتدائي;35.79548;9.48638
10;سليانة;كسرى;م.إ.  اللوزة الجديدة كسرى;ابتدائي;35.75835;9.28077
10;سليانة;كسرى;م.إ.  ذواودة كسرى;ابتدائي;35.73758;9.45007
10;سليانة;كسرى;م.إ.  كسرى الجديدة;ابتدائي;35.79745;9.35892
10;سليانة;كسرى;م.إ.  القرية الشمالية;ابتدائي;35.77110;9.43928
10;سليانة;كسرى;م.إ.  أولاد بوعافية;ابتدائي;35.74458;9.50937
10;سليانة;كسرى;م.إ.  جنوة كسرى;ابتدائي;35.84527;9.51130
11;الكاف;الكاف الشرقية;م.إ.  شارع بورقيبة;ابتدائي;36.17954;8.71849
11;الكاف;الكاف الشرقية;م.إ.  نهج 18 جانفي;ابتدائي;36.18138;8.70559
11;الكاف;الكاف الشرقية;م.إ.  حي حشاد ;ابتدائي;36.17129;8.70374
11;الكاف;الكاف الشرقية;م.إ.  بوليفــة;ابتدائي;36.12615;8.72777
11;الكاف;الكاف الشرقية;م.إ.  بن علية ;ابتدائي;36.17965;8.71195
11;الكاف;الكاف الشرقية;م.إ.  المحطة ;ابتدائي;36.17018;8.69975
11;الكاف;الكاف الشرقية;م.إ.  2 مارس 34;ابتدائي;36.17391;8.70792
11;الكاف;الكاف الشرقية;م.إ.  حي الزيتونة;ابتدائي;36.18365;8.70676
11;الكاف;الكاف الشرقية;م.إ.  برج العيفة;ابتدائي;36.21856;8.85129
11;الكاف;الكاف الشرقية;م.إ.  سيدي بومفتاح;ابتدائي;36.14887;8.75950
11;الكاف;الكاف الشرقية;م.إ.  محطة الزعفران;ابتدائي;36.15721;8.83194
11;الكاف;الكاف الشرقية;م.إ.  قرين الكلخ;ابتدائي;36.23891;8.98195
11;الكاف;الكاف الشرقية;م.إ.  وادي العين;ابتدائي;36.15907;8.72278
11;الكاف;الكاف الشرقية;م.إ.  الجدارة;ابتدائي;36.19679;8.97595
11;الكاف;الكاف الشرقية;م.إ.  صالح البحري;ابتدائي;36.17752;8.93375
11;الكاف;الكاف الشرقية;م.إ.  حي يوغرطة;ابتدائي;36.17994;8.72852
11;الكاف;الكاف الشرقية;م.إ.  ابن خلدون;ابتدائي;36.17440;8.71440
11;الكاف;الكاف الشرقية;م.إ.  جبل كبوش;ابتدائي;36.22032;8.89857
11;الكاف;الكاف الشرقية;م.إ.  سيدي منصور;ابتدائي;36.19650;8.72762
11;الكاف;الكاف الشرقية;م.إ.  بوجريدة;ابتدائي;36.19053;8.81625
11;الكاف;الكاف الشرقية;م.إ.  الفراشيش;ابتدائي;36.14507;8.87624
11;الكاف;الكاف الغربية;م.إ.  برنوصة;ابتدائي;36.1573267;8.69072
11;الكاف;الكاف الغربية;م.إ. السمانة;ابتدائي;36.10751;8.68655
11;الكاف;الكاف الغربية;م.إ.  سيدي عمر بن زغيد;ابتدائي;36.15978;8.63962
11;الكاف;الكاف الغربية;م.إ.  حمام ملاق;ابتدائي;36.18084;8.56661
11;الكاف;الكاف الغربية;م.إ.  النعيمة;ابتدائي;36.10849;8.59815
11;الكاف;الكاف الغربية;م.إ.  حي البساتين ;ابتدائي;36.16413;8.69769
11;الكاف;الكاف الغربية;م.إ.  حي الطيب المهيري ;ابتدائي;36.16006;8.69293
11;الكاف;الكاف الغربية;م.إ.  سواني العنب1;ابتدائي;36.16735;8.69694
11;الكاف;الكاف الغربية;م.إ.  حروش- حي الأنس;ابتدائي;36.16146;8.71185
11;الكاف;الكاف الغربية;م.إ.   الكردمي;ابتدائي;36.15720;8.69364
11;الكاف;الكاف الغربية;م.إ.  سواني العنب 2 ;ابتدائي;36.16420;8.69049
11;الكاف;نبر;م.إ.   القرية نبر;ابتدائي;36.29470;8.76525
11;الكاف;نبر;م.إ.  سد ملاق;ابتدائي;36.32000;8.70695
11;الكاف;نبر;م.إ.  غنجاتة;ابتدائي;36.38442;8.76135
11;الكاف;نبر;م.إ.  سيدي خيار نبر;ابتدائي;36.35502;8.79091
11;الكاف;نبر;م.إ.  الوادي القديم;ابتدائي;36.24883;8.91202
11;الكاف;نبر;م.إ.  تل الغزلان;ابتدائي;36.40382;8.88839
11;الكاف;نبر;م.إ.  عين الهنشير;ابتدائي;36.38493;8.83877
11;الكاف;نبر;م.إ.  المغاسل;ابتدائي;36.26536;8.81155
11;الكاف;نبر;م.إ.  الشتاتلة;ابتدائي;36.36917;8.96874
11;الكاف;نبر;م.إ.  الجهيني;ابتدائي;36.28771;8.95915
11;الكاف;نبر;م.إ.  القصر الأحمر;ابتدائي;36.34596;8.85741
11;الكاف;نبر;م.إ.  مركز بوزيد;ابتدائي;36.31979;8.89666
11;الكاف;نبر;م.إ.  الحارة;ابتدائي;36.30133;8.85999
11;الكاف;نبر;م.إ.  حي النصر نبر;ابتدائي;36.30254;8.77444
11;الكاف;نبر;م.إ.  الشعيبات;ابتدائي;36.36079;8.91571
11;الكاف;نبر;م.إ.  الخدايجية;ابتدائي;36.33116;8.81635
11;الكاف;نبر;م.إ.  سركونة 1;ابتدائي;36.22592;8.73276
11;الكاف;نبر;م.إ.  سركونة 2;ابتدائي;36.24053;8.77950
11;الكاف;نبر;م.إ. الشتاتلة 2;ابتدائي;36.22904;8.58711
11;الكاف;الطويرف;م.إ.  الطويرف;ابتدائي;36.34006;8.57964
11;الكاف;الطويرف;م.إ.  العرقوب الأحرش طريق الطويرف;ابتدائي;36.37882;8.70870
11;الكاف;الطويرف;م.إ.  بئر بن شريفة;ابتدائي;36.35421;8.64482
11;الكاف;الطويرف;م.إ.  ولجة السدرة;ابتدائي;36.39871;8.55010
11;الكاف;الطويرف;م.إ.  أحياء الطويرف;ابتدائي;36.36068;8.60235
11;الكاف;ساقية سيدي يوسف;م.إ.  58/2/8الساقية;ابتدائي;36.22373;8.35694
11;الكاف;ساقية سيدي يوسف;م.إ.  34/3/2الساقية;ابتدائي;36.22487;8.35234
11;الكاف;ساقية سيدي يوسف;م.إ.  عين القطار;ابتدائي;36.22624;8.45013
11;الكاف;ساقية سيدي يوسف;م.إ.  عين أم الصبع;ابتدائي;36.27791;8.45103
11;الكاف;ساقية سيدي يوسف;م.إ.   قرقور;ابتدائي;36.33310;8.51971
11;الكاف;ساقية سيدي يوسف;م.إ. ذراع البطوم;ابتدائي;36.17771;8.39077
11;الكاف;ساقية سيدي يوسف;م.إ.  سيدي رابح;ابتدائي;36.03239;8.34178
11;الكاف;ساقية سيدي يوسف;م.إ.  سيدي الوحيشي;ابتدائي;36.21741;8.42923
11;الكاف;ساقية سيدي يوسف;م.إ.  الحبيبب ثامر;ابتدائي;36.12778;8.43166
11;الكاف;ساقية سيدي يوسف;م.إ.  الطابية;ابتدائي;36.03051;8.45574
11;الكاف;ساقية سيدي يوسف;م.إ.  الحزيم;ابتدائي;36.25627;8.53895
11;الكاف;ساقية سيدي يوسف;م.إ.  عين مازر;ابتدائي;36.29402;8.40331
11;الكاف;ساقية سيدي يوسف;م.إ.  هنشير القصر;ابتدائي;36.07372;8.37909
11;الكاف;ساقية سيدي يوسف;م.إ.  المنجم;ابتدائي;36.20817;8.36107
11;الكاف;ساقية سيدي يوسف;م.إ.  الخروبة;ابتدائي;36.33646;8.38892
11;الكاف;ساقية سيدي يوسف;م.إ.  الحفرة;ابتدائي;36.24433;8.47063
11;الكاف;ساقية سيدي يوسف;م.إ. عين النشيمة;ابتدائي;36.30476;8.46284
11;الكاف;تاجروين;م.إ.  شارع بورقيبة;ابتدائي;35.89021;8.55347
11;الكاف;تاجروين;م.إ. نهج الجبل ;ابتدائي;35.89002;8.55357
11;الكاف;تاجروين;م.إ.  النجاح ;ابتدائي;35.89704;8.55241
11;الكاف;تاجروين;م.إ. المحطة ;ابتدائي;35.85234;8.54445
11;الكاف;تاجروين;م.إ. سيدي مطير;ابتدائي;36.05600;8.60611
11;الكاف;تاجروين;م.إ.  السبيعات;ابتدائي;35.86262;8.58526
11;الكاف;تاجروين;م.إ.  منزل سالم;ابتدائي;35.85623;8.47566
11;الكاف;تاجروين;م.إ.  بئرالنخلة;ابتدائي;36.03198;8.64652
11;الكاف;تاجروين;م.إ.  بوياقوم;ابتدائي;36.03952;8.53133
11;الكاف;تاجروين;م.إ.  جزة;ابتدائي;35.96481;8.62414
11;الكاف;تاجروين;م.إ.  سيدي مطير النجاة;ابتدائي;36.08187;8.64871
11;الكاف;تاجروين;م.إ. قرن الحلفاية;ابتدائي;36.00285;8.49890
11;الكاف;تاجروين;م.إ. عين مرادة;ابتدائي;35.90461;8.63295
11;الكاف;تاجروين;م.إ.  بئر خذر;ابتدائي;35.95658;8.51403
11;الكاف;تاجروين;م.إ.  فج مجالد;ابتدائي;35.98878;8.57617
11;الكاف;تاجروين;م.إ.  السماعلة;ابتدائي;35.92993;8.65381
11;الكاف;تاجروين;م.إ.  خنقة العطش;ابتدائي;35.94373;8.70349
11;الكاف;تاجروين;م.إ.  برج الديوانة;ابتدائي;35.95683;8.39805
11;الكاف;تاجروين;م.إ.  بوغلابة;ابتدائي;35.92109;8.57761
11;الكاف;تاجروين;م.إ.  34/3/2تاجروين;ابتدائي;35.89386;8.54466
11;الكاف;تاجروين;م.إ.  حي الساقية;ابتدائي;35.88407;8.54502
11;الكاف;تاجروين;م.إ.  حي الطيب المهيري;ابتدائي;35.88405;8.55626
11;الكاف;تاجروين;م.إ.  صدين;ابتدائي;36.07414;8.52253
11;الكاف;تاجروين;م.إ.  الغرايرية-2 مارس 34;ابتدائي;35.90951;8.40049
11;الكاف;الجريصة;م.إ.  المنجم الجريصة;ابتدائي;35.84432;8.64200
11;الكاف;الجريصة;م.إ.  أم الكليل;ابتدائي;35.84175;8.59594
11;الكاف;الجريصة;م.إ.  النعايم;ابتدائي;35.79983;8.62680
11;الكاف;الجريصة;م.إ.  فج التمر;ابتدائي;35.87803;8.71035
11;الكاف;الجريصة;م.إ.  الحيادرة;ابتدائي;35.87135;8.65127
11;الكاف;الجريصة;م.إ. حي المهندسين;ابتدائي;35.84216;8.63346
11;الكاف;الجريصة;م.إ.  بطحاء السوق;ابتدائي;35.84477;8.62981
11;الكاف;الجريصة;م.إ.  عين الزرقاء;ابتدائي;35.84066;8.72546
11;الكاف;الجريصة;م.إ.  علي بلهوان;ابتدائي;35.84269;8.64880
11;الكاف;الجريصة;م.إ.  14 جانفي 2011 الجريصة;ابتدائي;35.84779;8.62634
11;الكاف;قلعة سنان;م.إ.  34/3/2قلعة سنان;ابتدائي;35.76809;8.34202
11;الكاف;قلعة سنان;م.إ.  النصر ;ابتدائي;35.76589;8.34248
11;الكاف;قلعة سنان;م.إ.  المنجم ;ابتدائي;35.74612;8.36523
11;الكاف;قلعة سنان;م.إ.  بوجابر;ابتدائي;35.74375;8.30064
11;الكاف;قلعة سنان;م.إ.  المحجوبة;ابتدائي;35.80994;8.50280
11;الكاف;قلعة سنان;م.إ.  الربيبة;ابتدائي;35.79510;8.37848
11;الكاف;قلعة سنان;م.إ.  الفالتة;ابتدائي;35.90178;8.30505
11;الكاف;قلعة سنان;م.إ.  عين عناق;ابتدائي;35.70199;8.39794
11;الكاف;قلعة سنان;م.إ.  الحميمة;ابتدائي;35.90416;8.36550
11;الكاف;قلعة سنان;م.إ.  واد بوصالح;ابتدائي;35.78237;8.41554
11;الكاف;قلعة سنان;م.إ.  بئر حميدة;ابتدائي;35.80431;8.28989
11;الكاف;قلعة سنان;م.إ.  بوهراوة;ابتدائي;35.77336;8.51961
11;الكاف;قلعة سنان;م.إ.  أولاد ابراهيم;ابتدائي;35.85033;8.34955
11;الكاف;قلعة سنان;م.إ.  الجديدة;ابتدائي;35.76332;8.33934
11;الكاف;قلعة سنان;م.إ.  حي الملعب;ابتدائي;35.78336;8.34952
11;الكاف;القلعة الخصبة;م.إ.  المنجم ;ابتدائي;35.66394;8.58644
11;الكاف;القلعة الخصبة;م.إ.  الصلع;ابتدائي;35.69656;8.55951
11;الكاف;القلعة الخصبة;م.إ.  القدح;ابتدائي;35.71616;8.43042
11;الكاف;القلعة الخصبة;م.إ.  سيدي احمد الصالح;ابتدائي;35.73938;8.57900
11;الكاف;القلعة الخصبة;م.إ.  القرية ;ابتدائي;35.65975;8.58589
11;الكاف;القلعة الخصبة;م.إ. الحمايزية;ابتدائي;35.67699;8.50935
11;الكاف;الدهماني;م.إ.  شاكر ;ابتدائي;35.94270;8.82940
11;الكاف;الدهماني;م.إ.  34/3/2;ابتدائي;35.93652;8.82203
11;الكاف;الدهماني;م.إ.  شارع بورقيبة;ابتدائي;35.94328;8.82922
11;الكاف;الدهماني;م.إ.  الإنطلاق;ابتدائي;35.94540;8.83433
11;الكاف;الدهماني;م.إ.  عبيدة;ابتدائي;35.99497;8.72278
11;الكاف;الدهماني;م.إ. العديسي;ابتدائي;36.01572;8.80645
11;الكاف;الدهماني;م.إ.   محطة الماسخية;ابتدائي;35.91323;8.74085
11;الكاف;الدهماني;م.إ. الزوارين;ابتدائي;36.02309;8.90456
11;الكاف;الدهماني;م.إ.  التوابع;ابتدائي;35.97935;8.88840
11;الكاف;الدهماني;م.إ.  الزليقة;ابتدائي;35.88668;8.82885
11;الكاف;الدهماني;م.إ.  سيدي بركات;ابتدائي;35.82740;8.79181
11;الكاف;الدهماني;م.إ. شركة الصابون;ابتدائي;36.06692;8.75397
11;الكاف;الدهماني;م.إ.  المدينة;ابتدائي;35.87734;8.78299
11;الكاف;الدهماني;م.إ.  سيدي عمر;ابتدائي;35.94674;8.86142
11;الكاف;الدهماني;م.إ.  الزدينة;ابتدائي;35.95766;8.77001
11;الكاف;الدهماني;م.إ.  الباطن;ابتدائي;35.95048;8.90353
11;الكاف;الدهماني;م.إ.  الإمام الأبي;ابتدائي;35.94889;8.82139
11;الكاف;الدهماني;م.إ.  الرفاهية;ابتدائي;36.03195;8.83911
11;الكاف;الدهماني;م.إ.  أولاد سلطان;ابتدائي;35.82836;8.84730
11;الكاف;الدهماني;م.إ.  أولاد عيسى;ابتدائي;35.97781;8.92397
11;الكاف;الدهماني;م.إ.  الشعانبة;ابتدائي;35.92065;8.93630
11;الكاف;القصور;م.إ.  2 مارس 34 القصور;ابتدائي;35.89389;8.88288
11;الكاف;القصور;م.إ.  بانو;ابتدائي;35.83313;8.88815
11;الكاف;القصور;م.إ.  أولاد غانة;ابتدائي;35.78705;8.84321
11;الكاف;القصور;م.إ.  الزيتونة ;ابتدائي;35.81761;8.98651
11;الكاف;القصور;م.إ.  جوف اللواتة  ;ابتدائي;35.82674;9.00883
11;الكاف;القصور;م.إ. عين فضيل;ابتدائي;35.88428;9.00685
11;الكاف;القصور;م.إ.  العفسات;ابتدائي;35.83930;8.97025
11;الكاف;القصور;م.إ. النور ;ابتدائي;35.89973;8.88289
11;الكاف;القصور;م.إ. قيراطة;ابتدائي;35.75019;8.90377
11;الكاف;القصور;م.إ. الزهيلة;ابتدائي;35.88047;8.88115
11;الكاف;القصور;م.إ.  الكدية;ابتدائي;35.48434;8.58536
11;الكاف;القصور;م.إ. الحمارنة;ابتدائي;35.95217;8.98581
11;الكاف;القصور;م.إ. أولاد بلغيث;ابتدائي;35.79779;8.94580
11;الكاف;القصور;م.إ. أولاد بوراوي;ابتدائي;35.50417;9.03515
11;الكاف;القصور;م.إ.  أولاد زيد;ابتدائي;35.92242;9.01734
11;الكاف;السرس;م.إ.  2 مارس;ابتدائي;36.07279;9.02296
11;الكاف;السرس;م.إ.  حي الزهور;ابتدائي;36.07420;9.01854
11;الكاف;السرس;م.إ.  المرجى ;ابتدائي;36.02857;9.07827
11;الكاف;السرس;م.إ.  اللاس;ابتدائي;35.94882;9.09744
11;الكاف;السرس;م.إ. الأربص محطة;ابتدائي;36.09835;8.92050
11;الكاف;السرس;م.إ.  الآبار;ابتدائي;36.00801;9.11343
11;الكاف;السرس;م.إ.  مهدية بوصليعة;ابتدائي;36.03464;8.99946
11;الكاف;السرس;م.إ.  الملاحة;ابتدائي;36.07848;8.96504
11;الكاف;السرس;م.إ.  سيدي موسى;ابتدائي;36.07540;9.06912
11;الكاف;السرس;م.إ.  العرقوب ;ابتدائي;35.98193;9.05426
11;الكاف;السرس;م.إ.  الأربص قرية;ابتدائي;36.07253;8.83962
11;الكاف;السرس;م.إ.  سيدي نصر;ابتدائي;36.04007;9.15125
11;الكاف;السرس;م.إ. التريشة;ابتدائي;36.07693;9.13217
11;الكاف;السرس;م.إ.  حي النور1 ;ابتدائي;36.07753;9.02247
11;الكاف;السرس;م.إ.  النور 2 ;ابتدائي;36.07798;9.03258
12;القصرين;القصرين الشمالية;م.إ. الشابي القصرين;ابتدائي;35.16746;8.82885
12;القصرين;القصرين الشمالية;م.إ.  الشرقية-القصرين;ابتدائي;35.16984;8.83608
12;القصرين;القصرين الشمالية;م.إ.  النور1 القصرين;ابتدائي;35.16645;8.84468
12;القصرين;القصرين الشمالية;م.إ.  الحي الأولمبي/العمال القصرين;ابتدائي;35.17110;8.80671
12;القصرين;القصرين الشمالية;م.إ.  المنقار القصرين;ابتدائي;35.18765;8.78638
12;القصرين;القصرين الشمالية;م.إ.  بولعابة;ابتدائي;35.24690;8.73852
12;القصرين;القصرين الشمالية;م.إ.  الدولاب;ابتدائي;35.16763;8.82782
12;القصرين;القصرين الشمالية;م.إ.  الفاضل بن عاشور 1;ابتدائي;35.17146;8.84515
12;القصرين;القصرين الشمالية;م.إ.  عمر ابن الخطاب;ابتدائي;35.16683;8.84662
12;القصرين;القصرين الشمالية;م.إ. العريش;ابتدائي;35.17756;8.81114
12;القصرين;القصرين الشمالية;م.إ.  حي ميمون;ابتدائي;35.16681;8.85597
12;القصرين;القصرين الشمالية;م.إ.  البساتين;ابتدائي;35.17577;8.84204
12;القصرين;القصرين الشمالية;م.إ.  الكرمة1;ابتدائي;35.16108;8.84391
12;القصرين;القصرين الشمالية;م.إ.  حي المنار;ابتدائي;35.17081;8.85169
12;القصرين;القصرين الشمالية;م.إ. الفاضل بن عاشور 2;ابتدائي;35.16970;8.84525
12;القصرين;القصرين الشمالية;م.إ.  الكرمة 2;ابتدائي;35.16076;8.84844
12;القصرين;القصرين الشمالية;م.إ. الفتح 3 محمود المسعدي;ابتدائي;35.17710;8.85823
12;القصرين;القصرين الجنوبية;م.إ.  مقدودش;ابتدائي;35.10796;8.74518
12;القصرين;القصرين الجنوبية;م.إ.  بوزقام;ابتدائي;35.20913;8.89351
12;القصرين;القصرين الجنوبية;م.إ.  سيدي حراث;ابتدائي;35.24080;8.81095
12;القصرين;القصرين الجنوبية;م.إ.  عين نوبة;ابتدائي;35.15181;8.94598
12;القصرين;القصرين الجنوبية;م.إ.  فج بوحسين;ابتدائي;35.22851;8.86357
12;القصرين;القصرين الجنوبية;م.إ.  بوصفة;ابتدائي;35.10703;8.70437
12;القصرين;القصرين الجنوبية;م.إ.  كدية موسى;ابتدائي;35.10058;8.72610
12;القصرين;القصرين الجنوبية;م.إ. الطرش;ابتدائي;35.25504;8.87151
12;القصرين;القصرين الجنوبية;م.إ.  البريج;ابتدائي;35.20588;8.95215
12;القصرين;القصرين الجنوبية;م.إ.  الدغرة;ابتدائي;35.14571;8.75689
12;القصرين;القصرين الجنوبية;م.إ.  العويجة;ابتدائي;35.11554;8.80956
12;القصرين;القصرين الجنوبية;م.إ. المقيسمات;ابتدائي;35.12464;8.74509
12;القصرين;القصرين الجنوبية;م.إ.  القواسم;ابتدائي;35.22851;8.86357
12;القصرين;القصرين الجنوبية;م.إ.  فج النعام;ابتدائي;35.07433;8.65905
12;القصرين;القصرين الجنوبية;م.إ. وسنينت;ابتدائي;35.11412;8.84433
12;القصرين;القصرين الجنوبية;م.إ.  هنشير القصعة;ابتدائي;35.23316;8.86235
12;القصرين;القصرين الجنوبية;م.إ.  الهدى;ابتدائي;35.18298;8.87734
12;القصرين;القصرين الجنوبية;م.إ.  المثنانية;ابتدائي;35.14441;8.84222
12;القصرين;القصرين الجنوبية;م.إ.  القرعة;ابتدائي;35.03225;8.62471
12;القصرين;القصرين الجنوبية;م.إ.  الوشواشة;ابتدائي;35.62963;8.42323
12;القصرين;القصرين الجنوبية;م.إ.  الفرش 2;ابتدائي;34.96248;8.70311
12;القصرين;القصرين الجنوبية;م.إ.  أولاد حسين;ابتدائي;34.96248;8.70311
12;القصرين;الزهور;م.إ.  الزهور 1;ابتدائي;35.16112;8.83172
12;القصرين;الزهور;م.إ.  سعد الدين;ابتدائي;35.15460;8.83115
12;القصرين;الزهور;م.إ.  الزهور 2;ابتدائي;35.16121;8.83242
12;القصرين;الزهور;م.إ.  أولاد بوعلاق;ابتدائي;35.15621;8.83847
12;القصرين;الزهور;م.إ.  عين الخضراء;ابتدائي;35.16016;8.81741
12;القصرين;حاسي الفريد;م.إ.  2 مارس 34;ابتدائي;34.97799;8.95133
12;القصرين;حاسي الفريد;م.إ.  خنقة الجازية;ابتدائي;35.09044;9.11305
12;القصرين;حاسي الفريد;م.إ.  الهشيم;ابتدائي;34.99064;9.07092
12;القصرين;حاسي الفريد;م.إ.  الكامور;ابتدائي;34.93609;8.80973
12;القصرين;حاسي الفريد;م.إ.  القويرة;ابتدائي;35.01593;8.97560
12;القصرين;حاسي الفريد;م.إ. المزيرعة;ابتدائي;35.08774;9.02175
12;القصرين;حاسي الفريد;م.إ.  مقسم التراب;ابتدائي;34.84588;8.82776
12;القصرين;حاسي الفريد;م.إ.  عين سيدي محمود;ابتدائي;34.99967;8.84435
12;القصرين;حاسي الفريد;م.إ.  الساهلة;ابتدائي;34.90073;8.97297
12;القصرين;حاسي الفريد;م.إ.  قصر الطويل;ابتدائي;34.86602;8.91208
12;القصرين;حاسي الفريد;م.إ.  اللبيبات;ابتدائي;34.99742;9.12066
12;القصرين;حاسي الفريد;م.إ.  الفرش;ابتدائي;34.92541;8.73545
12;القصرين;حاسي الفريد;م.إ.  المحافير;ابتدائي;34.94445;8.90681
12;القصرين;حاسي الفريد;م.إ.  عين سالم;ابتدائي;34.96868;9.01442
12;القصرين;حاسي الفريد;م.إ.  السودان;ابتدائي;34.82128;8.87555
12;القصرين;حاسي الفريد;م.إ. الفكة;ابتدائي;34.85789;8.76236
12;القصرين;حاسي الفريد;م.إ.  جبل الخروب;ابتدائي;35.05738;9.01749
12;القصرين;حاسي الفريد;م.إ.  الرميلة;ابتدائي;35.12024;9.02837
12;القصرين;حاسي الفريد;م.إ.  الدخلة;ابتدائي;34.80606;8.84663
12;القصرين;حاسي الفريد;م.إ.  العمامرية;ابتدائي;34.95553;8.97349
12;القصرين;حاسي الفريد;م.إ.  بئر حمودة;ابتدائي;35.01387;8.89603
12;القصرين;حاسي الفريد;م.إ. الساهلة 2;ابتدائي;34.52311;9.04784
12;القصرين;حاسي الفريد;م.إ.الجخالطية;ابتدائي;34.9742618;8.8744897
12;القصرين;حاسي الفريد;م.إ السفاية;ابتدائي;35.05686;9.01795
12;القصرين;#N/A;م.إ.  حاسي الفريد;ابتدائي;34.9807706;8.9493502
12;القصرين;سبيطلة;م.إ.  حشاد;ابتدائي;35.22786;9.12443
12;القصرين;سبيطلة;م.إ.  الجمهورية;ابتدائي;35.23026;9.12775
12;القصرين;سبيطلة;م.إ.  الغابات2;ابتدائي;35.23549;9.11503
12;القصرين;سبيطلة;م.إ.  الشرائع;ابتدائي;35.25079;9.02809
12;القصرين;سبيطلة;م.إ.  الرحيات;ابتدائي;35.19023;9.09316
12;القصرين;سبيطلة;م.إ.  القرعة;ابتدائي;35.11749;9.24700
12;القصرين;سبيطلة;م.إ.  وادي المعيو;ابتدائي;35.20793;9.22638
12;القصرين;سبيطلة;م.إ.  الرخمات;ابتدائي;35.07162;9.22015
12;القصرين;سبيطلة;م.إ.  الحمار;ابتدائي;35.36183;9.09178
12;القصرين;سبيطلة;م.إ.  قلال سمامة;ابتدائي;35.26564;8.93451
12;القصرين;سبيطلة;م.إ.  مشرق الشمس;ابتدائي;35.38028;9.02913
12;القصرين;سبيطلة;م.إ. الزنايدية;ابتدائي;35.39474;9.11965
12;القصرين;سبيطلة;م.إ.  الغضابنية;ابتدائي;35.15105;9.20533
12;القصرين;سبيطلة;م.إ.  هنشير العسل;ابتدائي;35.44568;9.07768
12;القصرين;سبيطلة;م.إ.  زاوية بن عمار;ابتدائي;35.35397;8.88565
12;القصرين;سبيطلة;م.إ.  حي السرور;ابتدائي;35.22822;9.13094
12;القصرين;سبيطلة;م.إ.  السلاطنية;ابتدائي;35.04366;9.27577
12;القصرين;سبيطلة;م.إ.  الأثار;ابتدائي;35.26849;9.06503
12;القصرين;سبيطلة;م.إ.  الوساعية;ابتدائي;35.29858;8.95130
12;القصرين;سبيطلة;م.إ.  الفرضة;ابتدائي;35.02783;9.17616
12;القصرين;سبيطلة;م.إ.  المزارة;ابتدائي;35.07589;9.16766
12;القصرين;سبيطلة;م.إ.  الرياض;ابتدائي;35.31601;9.01263
12;القصرين;سبيطلة;م.إ.  الفج;ابتدائي;35.21270;8.97327
12;القصرين;سبيطلة;م.إ.  الجراولة;ابتدائي;35.33523;9.12418
12;القصرين;سبيطلة;م.إ.  بوكحيل;ابتدائي;35.25024;9.17297
12;القصرين;سبيطلة;م.إ.  الساقية الحمراء;ابتدائي;35.18530;9.13628
12;القصرين;سبيطلة;م.إ.  القساسمية;ابتدائي;35.08501;9.26907
12;القصرين;سبيطلة;م.إ.  وادي مساهل;ابتدائي;35.39370;8.95572
12;القصرين;سبيطلة;م.إ. أولاد عبد المولاه;ابتدائي;35.15492;9.16352
12;القصرين;سبيطلة;م.إ.  الذواودة;ابتدائي;35.34387;8.99064
12;القصرين;سبيطلة;م.إ.  الغرادق;ابتدائي;35.14426;9.07794
12;القصرين;سبيطلة;م.إ.  الشهيد نجيب السعداوي( حي الخضراء);ابتدائي;35.23799;9.13181
12;القصرين;سبيطلة;م.إ.  الغابات 1;ابتدائي;35.23514;9.11573
12;القصرين;سبيطلة;م.إ.  فيض المثنان;ابتدائي;35.38155;9.05245
12;القصرين;سبيطلة;م.إ.  وجه الرخمات;ابتدائي;35.02568;9.20707
12;القصرين;سبيطلة;م.إ. فج الطفل;ابتدائي;35.36681;9.15077
12;القصرين;سبيطلة;م.إ.  الغرابلية;ابتدائي;34.00000;13.00000
12;القصرين;سبيطلة;م.إ. الطربخانة;ابتدائي;35.42727;8.95540
12;القصرين;سبيطلة;م.إ.  قرعة العطش;ابتدائي;35.27636;8.92756
12;القصرين;سبيطلة;م.إ.  السعايدية;ابتدائي;35.16001;9.23784
12;القصرين;سبيطلة;م.إ. الذراع الأخضر;ابتدائي;35.17162;9.21602
12;القصرين;سبيطلة;م.إ. أولاد عيسى;ابتدائي;35.27288;9.02506
12;القصرين;سبيطلة;م.إ.  الخيمة;ابتدائي;35.34929;9.03946
12;القصرين;سبيطلة;م.إ.  حي السرور 2;ابتدائي;35.22744;9.13438
12;القصرين;سبيطلة;م.إ.  الكميم;ابتدائي;35.09465;9.21744
12;القصرين;سبيطلة;م.إ.  الزياتين;ابتدائي;35.26852;8.89805
12;القصرين;سبيطلة;م.إ.  سيدي عسكر;ابتدائي;35.13311;9.21080
12;القصرين;سبيطلة;م.إ.  سيدي عبدالله;ابتدائي;35.40416;8.99787
12;القصرين;سبيطلة;م.إ. النخيل;ابتدائي;35.25135;9.08708
12;القصرين;سبيطلة;م.إ. الجروالة الجنوبية;ابتدائي;35.29372;9.11068
12;القصرين;سبيطلة;م.إ. بوفروة;ابتدائي;35.27062;8.99686
12;القصرين;سبيبة;م.إ.  عقبة ابن نافع;ابتدائي;35.54423;9.07640
12;القصرين;سبيبة;م.إ.  نهج الفراتي;ابتدائي;35.54353;9.07532
12;القصرين;سبيبة;م.إ.  عين الخمايسية;ابتدائي;35.49042;9.11265
12;القصرين;سبيبة;م.إ.  سيدي ابراهيم الزهار;ابتدائي;35.52194;9.19429
12;القصرين;سبيبة;م.إ.  الثماد;ابتدائي;35.48190;9.10092
12;القصرين;سبيبة;م.إ.  الكنترة;ابتدائي;35.58021;9.14744
12;القصرين;سبيبة;م.إ.  الذراع;ابتدائي;35.50490;9.16897
12;القصرين;سبيبة;م.إ.  القنة;ابتدائي;35.44414;9.12092
12;القصرين;سبيبة;م.إ.  الجباس;ابتدائي;35.49169;9.29324
12;القصرين;سبيبة;م.إ. عين زيان 1;ابتدائي;35.40876;9.17403
12;القصرين;سبيبة;م.إ.  ولجة عقيل;ابتدائي;35.52578;9.01479
12;القصرين;سبيبة;م.إ.  بوروين;ابتدائي;35.51951;9.12967
12;القصرين;سبيبة;م.إ. الشابي حي الخضراء;ابتدائي;35.53229;9.08072
12;القصرين;سبيبة;م.إ.  فتح الغلايقية;ابتدائي;35.60097;9.13845
12;القصرين;سبيبة;م.إ.  الحسناوي;ابتدائي;35.46550;9.22545
12;القصرين;سبيبة;م.إ.  نور المعارف;ابتدائي;35.51018;9.09815
12;القصرين;سبيبة;م.إ.  سيدي نصر;ابتدائي;35.52546;9.06811
12;القصرين;سبيبة;م.إ.  المحافظية;ابتدائي;35.52349;9.07474
12;القصرين;سبيبة;م.إ.  بومفتاح;ابتدائي;35.47994;9.15002
12;القصرين;سبيبة;م.إ.  الخضاورية;ابتدائي;35.52697;9.26929
12;القصرين;سبيبة;م.إ.  البعـازة;ابتدائي;35.52559;9.05821
12;القصرين;سبيبة;م.إ. الجوابلية;ابتدائي;35.54037;9.19535
12;القصرين;سبيبة;م.إ.  عين زيان 2;ابتدائي;35.43223;9.18153
12;القصرين;سبيبة;م.إ.  ابن خلدون;ابتدائي;35.53501;9.09729
12;القصرين;سبيبة;م.إ.  وادي الكرم;ابتدائي;35.51944;9.15724
12;القصرين;سبيبة;م.إ.  اولاد سعـد;ابتدائي;35.53942;9.21375
12;القصرين;سبيبة;م.إ.  الفرش;ابتدائي;35.50788;9.22058
12;القصرين;سبيبة;م.إ. السبابلية;ابتدائي;35.57009;9.13070
12;القصرين;سبيبة;السوايسية ( عين زيان العليا);ابتدائي;35.3914848;9.1697617
12;القصرين;العيون;م.إ.  الامتياز;ابتدائي;35.47541;8.84873
12;القصرين;العيون;م.إ.  المحافظيـة;ابتدائي;35.44753;8.92602
12;القصرين;العيون;م.إ.  القرين;ابتدائي;35.38859;8.86027
12;القصرين;العيون;م.إ.  آبار تاغوت;ابتدائي;35.57751;8.81811
12;القصرين;العيون;م.إ.  الشوابيـة;ابتدائي;35.42124;8.86559
12;القصرين;العيون;م.إ.  الصخيرة البيضاء;ابتدائي;35.46386;8.89937
12;القصرين;العيون;م.إ.  النور ;ابتدائي;35.53892;8.88472
12;القصرين;العيون;م.إ.  وادي البرك;ابتدائي;35.46899;8.81921
12;القصرين;العيون;م.إ. جوى بن غذاهم;ابتدائي;35.52925;8.80894
12;القصرين;العيون;م.إ.  عين السلسلة;ابتدائي;35.59101;8.92191
12;القصرين;العيون;م.إ.  عين بوعرعـار;ابتدائي;35.50617;8.94431
12;القصرين;العيون;م.إ.  هنشير البقر;ابتدائي;35.42380;8.88965
12;القصرين;العيون;م.إ.  التوايتية ;ابتدائي;35.37947;8.82123
12;القصرين;العيون;م.إ. الصويدات;ابتدائي;35.44243;8.85055
12;القصرين;العيون;م.إ.  طاهر بن زعرة;ابتدائي;35.42230;8.83765
12;القصرين;العيون;م.إ.  البواجر;ابتدائي;35.59335;8.83342
12;القصرين;العيون;م.إ.  أفرينة;ابتدائي;35.50733;8.85123
12;القصرين;العيون;م.إ.  الزوارعية;ابتدائي;35.49707;8.96950
12;القصرين;العيون;م.إ.  دوار الحاج سعد;ابتدائي;35.44031;8.81419
12;القصرين;العيون;م.إ. الفحيص;ابتدائي;35.44031;8.81419
12;القصرين;جدليان;م.إ.  2 مارس 34;ابتدائي;35.59397;9.05499
12;القصرين;جدليان;م.إ.  عين الحمادنة;ابتدائي;35.66935;8.82998
12;القصرين;جدليان;م.إ.  عين الخريبة;ابتدائي;35.69380;8.91635
12;القصرين;جدليان;م.إ.  عين الجديدة;ابتدائي;35.62865;8.78552
12;القصرين;جدليان;م.إ.  عين أم جدور;ابتدائي;35.63796;8.93782
12;القصرين;جدليان;م.إ.  سيدي علي بهلول;ابتدائي;35.73749;8.84224
12;القصرين;جدليان;م.إ.  جدليان الغربية;ابتدائي;35.58954;9.05125
12;القصرين;جدليان;م.إ.  الزلافنة الحوالة;ابتدائي;35.52916;8.81357
12;القصرين;جدليان;م.إ.  البلد;ابتدائي;35.57045;8.87966
12;القصرين;جدليان;م.إ.  بئر سفيان;ابتدائي;35.59836;8.90891
12;القصرين;جدليان;م.إ.  هنشير الحمام;ابتدائي;35.70089;8.86966
12;القصرين;جدليان;م.إ.  الروايسية;ابتدائي;35.60113;9.02469
12;القصرين;جدليان;م.إ. البياض بوعرعار;ابتدائي;35.64342;8.90332
12;القصرين;تالة;م.إ.  الثقافة;ابتدائي;35.57170;8.67081
12;القصرين;تالة;م.إ.  نهج الهادي شاكر;ابتدائي;35.57302;8.66932
12;القصرين;تالة;م.إ.  جبل بولحناش;ابتدائي;35.71439;8.66402
12;القصرين;تالة;م.إ.  سيدي سهيل1;ابتدائي;35.62873;8.70698
12;القصرين;تالة;م.إ.  أولاد غيدة;ابتدائي;35.65069;8.60453
12;القصرين;تالة;م.إ. الشافعي;ابتدائي;35.57735;8.65136
12;القصرين;تالة;م.إ.  سيدي امحمد;ابتدائي;35.72971;8.74796
12;القصرين;تالة;م.إ.  شاكر الاحواز;ابتدائي;35.63893;8.64319
12;القصرين;تالة;م.إ.  هنشير الورغي;ابتدائي;35.46630;8.77226
12;القصرين;تالة;م.إ.  بئر شعبان;ابتدائي;35.44814;8.70458
12;القصرين;تالة;م.إ.  الشار 1;ابتدائي;35.56610;8.67778
12;القصرين;تالة;م.إ.  عيون الحمر;ابتدائي;35.70551;8.66844
12;القصرين;تالة;م.إ.  هنشير القمرية;ابتدائي;35.70551;8.66844
12;القصرين;تالة;م.إ.  المهيري;ابتدائي;35.58684;8.66981
12;القصرين;تالة;م.إ.   فلسطين;ابتدائي;35.57592;8.66892
12;القصرين;تالة;م.إ.  شارع بورقيبة;ابتدائي;35.57109;8.67130
12;القصرين;تالة;م.إ.  الحمام;ابتدائي;35.62254;8.59930
12;القصرين;تالة;م.إ.  السفايـة;ابتدائي;35.49097;8.70555
12;القصرين;تالة;م.إ.  زلفان  الغربية;ابتدائي;35.44196;8.77453
12;القصرين;تالة;م.إ.  هندي الدولة;ابتدائي;35.42256;8.74826
12;القصرين;تالة;م.إ. العرقوب1;ابتدائي;35.75002;8.72112
12;القصرين;تالة;م.إ.  عمرون;ابتدائي;35.69749;8.77602
12;القصرين;تالة;م.إ.  الزعفران;ابتدائي;35.65772;8.66871
12;القصرين;تالة;م.إ.  الشـار 2;ابتدائي;35.55289;8.67136
12;القصرين;تالة;م.إ.   الجوى2;ابتدائي;35.50456;8.77496
12;القصرين;تالة;م.إ.  العهد الجديد;ابتدائي;35.44542;8.40352
12;القصرين;تالة;م.إ.  سيدي سهيل 2;ابتدائي;35.64658;8.74814
12;القصرين;حيدرة;م.إ.  18 جانفي حيدرة 1;ابتدائي;35.56402;8.44804
12;القصرين;حيدرة;م.إ.  عين الدفلى;ابتدائي;35.61765;8.57443
12;القصرين;حيدرة;م.إ.  الأجرد;ابتدائي;35.55809;8.45670
12;القصرين;حيدرة;م.إ.  طباقة;ابتدائي;35.52594;8.47080
12;القصرين;حيدرة;م.إ.  المريرة;ابتدائي;35.64049;8.45316
12;القصرين;حيدرة;م.إ.  حيدرة 2;ابتدائي;35.56685;8.44493
12;القصرين;حيدرة;م.إ.  الهنـاشيــر;ابتدائي;35.45403;8.45418
12;القصرين;حيدرة;م.إ. ابو القاسم الشابي هنشير بوعنــز;ابتدائي;35.53337;8.48246
12;القصرين;فريانة;م.إ.  2 ماررس 34;ابتدائي;34.94743;8.57248
12;القصرين;فريانة;م.إ.  غرة جوان 55;ابتدائي;34.94820;8.57211
12;القصرين;فريانة;م.إ.  الأحواش;ابتدائي;34.94310;8.55551
12;القصرين;فريانة;م.إ.  تلابت;ابتدائي;34.97797;8.59479
12;القصرين;فريانة;م.إ. الصخيرات;ابتدائي;34.86645;8.37236
12;القصرين;فريانة;م.إ.  الامتياز;ابتدائي;34.94140;8.41739
12;القصرين;فريانة;م.إ.  قارة النعام;ابتدائي;35.03282;8.50679
12;القصرين;فريانة;م.إ. الرياض;ابتدائي;34.91301;8.47741
12;القصرين;فريانة;م.إ.  أم علي;ابتدائي;35.04057;8.37326
12;القصرين;فريانة;م.إ.  بوشبكة;ابتدائي;35.16833;8.42035
12;القصرين;فريانة;م.إ.  بوحية;ابتدائي;35.11837;8.51661
12;القصرين;فريانة;م.إ.  هنشير الطيب;ابتدائي;35.00758;8.35224
12;القصرين;فريانة;م.إ.  السراقية;ابتدائي;34.83801;8.31789
12;القصرين;فريانة;م.إ. حناشي;ابتدائي;34.00000;13.00000
12;القصرين;فريانة;م.إ.  سيدي تليل;ابتدائي;34.94758;8.56679
12;القصرين;فريانة;م.إ.  أولاد سالم;ابتدائي;34.91886;8.38982
12;القصرين;فريانة;م.إ.  حي الهادي العجلاني فريانة;ابتدائي;34.93689;8.57455
12;القصرين;فريانة;م.إ.  السنك;ابتدائي;35.08543;8.48601
12;القصرين;فريانة;م.إ.  درناية;ابتدائي;35.13225;8.46367
12;القصرين;فريانة;م.إ.  أولاد احمد;ابتدائي;34.99449;8.55086
12;القصرين;فريانة;م.إ.  اللطايفية ;ابتدائي;34.84035;8.32867
12;القصرين;فريانة;م.إ.  حي الازدهار1;ابتدائي;34.93993;8.54949
12;القصرين;فريانة;م.إ.  قوبل ;ابتدائي;35.00347;8.52423
12;القصرين;فريانة;م.إ.  عبد العظيم ;ابتدائي;35.22687;8.52448
12;القصرين;فريانة;م.إ. أولاد ابراهيم ;ابتدائي;34.85265;8.33797
12;القصرين;فريانة;م.إ.  هنشير السهيلي;ابتدائي;35.08726;8.45313
12;القصرين;فريانة;م.إ.  البلد;ابتدائي;34.93953;8.56016
12;القصرين;فريانة;م.إ.  أولاد خضرة;ابتدائي;35.12574;8.54817
12;القصرين;فريانة;م.إ. المغرب العربي- تلابت2;ابتدائي;34.97534;8.59439
12;القصرين;فريانة;م.إ.  العهد الجديد;ابتدائي;34.93625;8.54431
12;القصرين;فريانة;م.إ. الدرابلية;ابتدائي;34.98984;8.48635
12;القصرين;فريانة;م.إ. المساعدية;ابتدائي;34.94937;8.37313
12;القصرين;فريانة;م.إ. شابرش;ابتدائي;34.57246;8.28522
12;القصرين;#N/A;م.إ.  فريانة ;ابتدائي;34.945799;8.5617451
12;القصرين;فوسانة;م.إ.  2 مارس 34 فوسانة;ابتدائي;35.35018;8.62592
12;القصرين;فوسانة;م.إ.  المراونة;ابتدائي;35.30006;8.73307
12;القصرين;فوسانة;م.إ.  هنشير خليل;ابتدائي;35.28709;8.62603
12;القصرين;فوسانة;م.إ.  هنشير صحراوي;ابتدائي;35.42252;8.39577
12;القصرين;فوسانة;م.إ.  زاوية المولدي;ابتدائي;35.31116;8.53697
12;القصرين;فوسانة;م.إ.  أولاد منصور;ابتدائي;35.25279;8.67016
12;القصرين;فوسانة;م.إ.  الساطور;ابتدائي;35.36521;8.66959
12;القصرين;فوسانة;م.إ.  أم الاحواض;ابتدائي;35.35866;8.53040
12;القصرين;فوسانة;م.إ.  البنانة;ابتدائي;35.35247;8.74677
12;القصرين;فوسانة;م.إ.  العذيــرة;ابتدائي;35.34480;8.49759
12;القصرين;فوسانة;م.إ.  بودرياس;ابتدائي;35.24283;8.47927
12;القصرين;فوسانة;م.إ.  عين الجنان;ابتدائي;35.31247;8.34695
12;القصرين;فوسانة;م.إ.  أولاد غانم;ابتدائي;35.40201;8.59108
12;القصرين;فوسانة;م.إ. خمودة الجنوبية;ابتدائي;35.33695;8.71552
12;القصرين;فوسانة;م.إ.  منزل نور;ابتدائي;35.39921;8.35251
12;القصرين;فوسانة;م.إ.  أولاد بنجاح;ابتدائي;35.35381;8.74638
12;القصرين;فوسانة;م.إ.  أولاد نصر الله;ابتدائي;35.13405;8.37260
12;القصرين;فوسانة;م.إ.  هنشير الصيودة;ابتدائي;35.33596;8.61653
12;القصرين;فوسانة;م.إ.  ذراع الجديد;ابتدائي;35.40293;8.40004
12;القصرين;فوسانة;م.إ.  هنشير  سعد;ابتدائي;35.26320;8.61906
12;القصرين;فوسانة;م.إ.  أولاد زيد;ابتدائي;35.34953;8.64507
12;القصرين;فوسانة;م.إ.  السواني;ابتدائي;35.31921;8.67613
12;القصرين;فوسانة;م.إ.  خمودة الشمالية;ابتدائي;35.35316;8.72006
12;القصرين;فوسانة;م.إ.  أم فدغة;ابتدائي;35.40226;8.56392
12;القصرين;فوسانة;م.إ.  وادي الرشح;ابتدائي;35.38850;8.72396
12;القصرين;فوسانة;م.إ.  الفتح ;ابتدائي;35.35500;8.62985
12;القصرين;فوسانة;م.إ.  الجباس;ابتدائي;35.26346;8.70686
12;القصرين;فوسانة;م.إ.  الهريش;ابتدائي;35.30475;8.69759
12;القصرين;فوسانة;م.إ.  بيرانو;ابتدائي;35.38964;8.72155
12;القصرين;فوسانة;م.إ.  السلطنية;ابتدائي;35.24601;8.47320
12;القصرين;فوسانة;م.إ.  أولاد بركة;ابتدائي;35.37239;8.60838
12;القصرين;فوسانة;م.إ.  أولاد عبيد;ابتدائي;35.27984;8.65803
12;القصرين;فوسانة;م.إ.  العطف;ابتدائي;35.39573;8.42375
12;القصرين;#N/A;م.إ.  حي الانطلاقة;ابتدائي;35.3470363;8.62055
12;القصرين;ماجل بن عباس;م.إ. أبو القاسم الشابي;ابتدائي;34.75041;8.52260
12;القصرين;ماجل بن عباس;م.إ.  الناظور;ابتدائي;34.76281;8.71059
12;القصرين;ماجل بن عباس;م.إ.  بروكة;ابتدائي;34.58525;8.60561
12;القصرين;ماجل بن عباس;م.إ.  أولاد مرزوق;ابتدائي;34.89938;8.35167
12;القصرين;ماجل بن عباس;م.إ. ماجل العكروت;ابتدائي;34.71229;8.65672
12;القصرين;ماجل بن عباس;م.إ.  أم الأقصاب;ابتدائي;34.69568;8.43330
12;القصرين;ماجل بن عباس;م.إ.  الجدرة;ابتدائي;34.81506;8.71725
12;القصرين;ماجل بن عباس;م.إ.  هنشير أم الخير;ابتدائي;34.80204;8.75967
12;القصرين;ماجل بن عباس;م.إ.  صولة;ابتدائي;34.83233;8.42656
12;القصرين;ماجل بن عباس;م.إ.  الفكة;ابتدائي;34.73377;8.37428
12;القصرين;ماجل بن عباس;م.إ.  الناصرية;ابتدائي;34.76563;8.61985
12;القصرين;ماجل بن عباس;م.إ. العيايشة;ابتدائي;34.73759;8.77624
12;القصرين;ماجل بن عباس;م.إ.  النجاح;ابتدائي;34.84285;8.36144
12;القصرين;ماجل بن عباس;م.إ.  الأمل;ابتدائي;34.79084;8.55245
12;القصرين;ماجل بن عباس;م.إ. ذراع الحمام;ابتدائي;34.79558;8.47769
12;القصرين;ماجل بن عباس;م.إ.  الهدايــة;ابتدائي;34.81392;8.55616
12;القصرين;ماجل بن عباس;م.إ.  المسيلة;ابتدائي;34.79575;8.60033
12;القصرين;ماجل بن عباس;م.إ.  أولاد مبارك;ابتدائي;34.80361;8.37728
12;القصرين;ماجل بن عباس;م.إ.  العباسية;ابتدائي;34.76694;8.48159
12;القصرين;ماجل بن عباس;م.إ.  سيدي رابح;ابتدائي;34.71753;8.57664
12;القصرين;ماجل بن عباس;م.إ.  الشوايبية;ابتدائي;34.84655;8.29280
12;القصرين;ماجل بن عباس;م.إ.  السماعلية;ابتدائي;34.74441;8.65468
12;القصرين;ماجل بن عباس;م.إ.  السواني;ابتدائي;34.70825;8.39399
12;القصرين;ماجل بن عباس;م.إ. وادي القصب;ابتدائي;34.44516;8.28930
12;القصرين;ماجل بن عباس;م.إ.الفكة البعلية;ابتدائي;34.7440748;8.3643665
12;القصرين;#N/A;م.إ. الحي الصناعي;ابتدائي;34.744250;8.5274620
13;سيدي بوزيد;سيدي بوزيد الغربية;م.إ.  شارع الجمهوررية;ابتدائي;35.03900;9.48637
13;سيدي بوزيد;سيدي بوزيد الغربية;م.إ.  شارع الطيب المهيري;ابتدائي;35.0404154;9.4855046
13;سيدي بوزيد;سيدي بوزيد الغربية;م.إ.  شارع فرحات حشاد;ابتدائي;35.03622;9.48264
13;سيدي بوزيد;سيدي بوزيد الغربية;م.إ.  حي الزهور;ابتدائي;35.04219;9.47371
13;سيدي بوزيد;سيدي بوزيد الغربية;م.إ.  قدورة النصيري;ابتدائي;35.03458;9.45711
13;سيدي بوزيد;سيدي بوزيد الغربية;م.إ.  أم العظام الأمة;ابتدائي;35.09665;9.39333
13;سيدي بوزيد;سيدي بوزيد الغربية;م.إ.  بئر بوزيد;ابتدائي;35.02846;9.40743
13;سيدي بوزيد;سيدي بوزيد الغربية;م.إ.  أم العظام التعاضدية;ابتدائي;35.15041;9.38865
13;سيدي بوزيد;الهيشرية;م.إ.  هنشير الصنب;ابتدائي;34.87332;9.41770
13;سيدي بوزيد;سيدي بوزيد الغربية;م.إ. عويثة الغزال;ابتدائي;35.07129;9.39289
13;سيدي بوزيد;سيدي بوزيد الغربية;م.إ.  سيدي سالم;ابتدائي;35.04431;9.44811
13;سيدي بوزيد;سيدي بوزيد الغربية;م.إ. الصندوق;ابتدائي;35.10075;9.45927
13;سيدي بوزيد;الهيشرية;م.إ.  أولاد جلال;ابتدائي;34.89008;9.45405
13;سيدي بوزيد;سيدي بوزيد الغربية;م.إ. الزعافرية;ابتدائي;35.03621;9.32259
13;سيدي بوزيد;الهيشرية;م.إ.  بئر الدولة;ابتدائي;34.87308;9.36091
13;سيدي بوزيد;سيدي بوزيد الغربية;م.إ.  بئر الباي;ابتدائي;35.08431;9.34701
13;سيدي بوزيد;الهيشرية;م.إ.  بئر بدرة;ابتدائي;34.83152;9.42422
13;سيدي بوزيد;سيدي بوزيد الغربية;م.إ.  2 مارس34 الطويلة;ابتدائي;35.0189119;9.3747386
13;سيدي بوزيد;سيدي بوزيد الغربية;م.إ.  الصداقية ;ابتدائي;35.09893;9.42159
13;سيدي بوزيد;الهيشرية;م.إ.  الفتح ;ابتدائي;34.85781;9.39369
13;سيدي بوزيد;سيدي بوزيد الغربية;م.إ.  أبو القاسم الشابي;ابتدائي;35.03538;9.48881
13;سيدي بوزيد;سيدي بوزيد الغربية;م.إ.  حي الهدى;ابتدائي;35.02757;9.48062
13;سيدي بوزيد;سيدي بوزيد الغربية;م.إ.  حي الخضراء;ابتدائي;35.0421006;9.49495
13;سيدي بوزيد;سيدي بوزيد الغربية;م.إ.  علي بن الصادق;ابتدائي;35.03475;9.46693
13;سيدي بوزيد;سيدي بوزيد الغربية;م.إ.  الرقي;ابتدائي;35.019098;9.4123208
13;سيدي بوزيد;سيدي بوزيد الغربية;م.إ.  القطائفية;ابتدائي;35.11160;9.36213
13;سيدي بوزيد;سيدي بوزيد الغربية;م.إ.ابن خلدون;ابتدائي;35.03811;9.49980
13;سيدي بوزيد;الهيشرية;م.إ.  الداغر;ابتدائي;34.91320;9.44035
13;سيدي بوزيد;الهيشرية;م.إ. أولاد بوعزيز ;ابتدائي;34.89613;9.40559
13;سيدي بوزيد;سيدي بوزيد الغربية;م.إ.  حي المستقبل;ابتدائي;35.03084;9.47488
13;سيدي بوزيد;الهيشرية;م.إ.  سيدي السايح;ابتدائي;34.8754952;9.4348501
13;سيدي بوزيد;الهيشرية;م.إ.  التوانسية;ابتدائي;34.88482;9.34633
13;سيدي بوزيد;الهيشرية;م.إ.ابن زيدون الدرادرية;ابتدائي;34.84408;9.41302
13;سيدي بوزيد;سيدي بوزيد الغربية;م.إ. أبوبكر القمودي;ابتدائي;35.06467;9.45872
13;سيدي بوزيد;سيدي بوزيد الشرقية;م.إ.  فائض;ابتدائي;35.0551604;9.652991
13;سيدي بوزيد;سيدي بوزيد الشرقية;م.إ. أولاد بيــة;ابتدائي;35.0977742;9.5344206
13;سيدي بوزيد;سيدي بوزيد الشرقية;م.إ.  الزيتون;ابتدائي;35.0087966;9.5699244
13;سيدي بوزيد;سيدي بوزيد الشرقية;م.إ. الحوامد;ابتدائي;35.11359;9.60109
13;سيدي بوزيد;سيدي بوزيد الشرقية;م.إ.  قطرانة;ابتدائي;35.14851;9.64280
13;سيدي بوزيد;الهيشرية;م.إ.  الهيشرية;ابتدائي;34.9380906;9.5152255
13;سيدي بوزيد;سيدي بوزيد الشرقية;م.إ.  الحنية بازيد;ابتدائي;35.03285;9.72315
13;سيدي بوزيد;سيدي بوزيد الشرقية;م.إ.  بئر بدر;ابتدائي;35.21818;9.60538
13;سيدي بوزيد;الهيشرية;م.إ.  العوافي;ابتدائي;34.92293;9.47479
13;سيدي بوزيد;سيدي بوزيد الشرقية;م.إ. قرع بنور;ابتدائي;35.1729107;9.5767612
13;سيدي بوزيد;سيدي بوزيد الشرقية;م.إ.  عقبة ابن نافع;ابتدائي;35.24158;9.63036
13;سيدي بوزيد;سيدي بوزيد الشرقية;م.إ.  الحميمة;ابتدائي;35.18033;9.50724
13;سيدي بوزيد;سيدي بوزيد الشرقية;م.إ. أولاد يوسف;ابتدائي;34.98222;9.69712
13;سيدي بوزيد;سيدي بوزيد الشرقية;م.إ. الذراع;ابتدائي;34.04699;9.56511
13;سيدي بوزيد;سيدي بوزيد الشرقية;م.إ.  عين رباو;ابتدائي;35.00253;9.64232
13;سيدي بوزيد;سيدي بوزيد الشرقية;م.إ.  الجمال عين تيحالة;ابتدائي;35.08874;9.70409
13;سيدي بوزيد;سيدي بوزيد الشرقية;م.إ. المكارم;ابتدائي;35.22929;9.56055
13;سيدي بوزيد;سيدي بوزيد الشرقية;م.إ.  أولاد بدر;ابتدائي;35.19365;9.64550
13;سيدي بوزيد;الهيشرية;م.إ.  الحسينات;ابتدائي;34.92881;9.49980
13;سيدي بوزيد;سيدي بوزيد الشرقية;م.إ.  قطرانة الشمالية;ابتدائي;35.16690;9.65963
13;سيدي بوزيد;سيدي بوزيد الشرقية;م.إ.  2 مارس 34 العقلة;ابتدائي;35.08797;9.61613
13;سيدي بوزيد;سيدي بوزيد الشرقية;م.إ.  أولاد فرحان;ابتدائي;35.25523;9.59094
13;سيدي بوزيد;سيدي بوزيد الشرقية;م.إ. قارة حديد;ابتدائي;34.98203;9.57273
13;سيدي بوزيد;سيدي بوزيد الشرقية;م.إ.  الحي الفلاحي;ابتدائي;35.01197;9.48612
13;سيدي بوزيد;سيدي بوزيد الشرقية;م.إ.  الضيعة;ابتدائي;35.01883;9.50868
13;سيدي بوزيد;سيدي بوزيد الشرقية;م.إ.  الرمايدية;ابتدائي;35.10962;9.63996
13;سيدي بوزيد;الهيشرية;م.إ.  أولاد عمر الشرقية;ابتدائي;34.95081;9.53595
13;سيدي بوزيد;سيدي بوزيد الشرقية;م.إ.  عين بوزر;ابتدائي;35.02035;9.68995
13;سيدي بوزيد;سيدي بوزيد الشرقية;م.إ.  أولاد بوضياف;ابتدائي;35.00399;9.73135
13;سيدي بوزيد;سيدي بوزيد الشرقية;م.إ.  الحنية الجديدة;ابتدائي;35.02029;9.74669
13;سيدي بوزيد;سيدي بوزيد الشرقية;م.إ.  النصر;ابتدائي;35.02445;9.53958
13;سيدي بوزيد;سيدي بوزيد الشرقية;م.إ.  المورد;ابتدائي;35.20206;9.53086
13;سيدي بوزيد;سيدي بوزيد الشرقية;م.إ. دوار بوشيبة;ابتدائي;35.01546;9.59074
13;سيدي بوزيد;سيدي بوزيد الشرقية;م.إ  الفراحطية الفايض;ابتدائي;35.05141;9.69038
13;سيدي بوزيد;سيدي بوزيد الشرقية;م.إ. سيدي صالح (عيثة العوامر);ابتدائي;35.16701;9.52051
13;سيدي بوزيد;جلمة;م.إ.  جلمة;ابتدائي;35.2704566;9.4230199
13;سيدي بوزيد;جلمة;م.إ.  قلال جلمة;ابتدائي;35.26558;9.44324
13;سيدي بوزيد;جلمة;م.إ.  هنشير سلتة;ابتدائي;35.33462;9.34153
13;سيدي بوزيد;جلمة;م.إ.  الأبيض;ابتدائي;35.39081;9.42723
13;سيدي بوزيد;جلمة;م.إ.  الحمروني;ابتدائي;35.4269668;9.4547612
13;سيدي بوزيد;جلمة;م.إ.  الفنيدق;ابتدائي;35.32437;9.47676
13;سيدي بوزيد;جلمة;م.إ.  الحوية;ابتدائي;35.45506;9.36964
13;سيدي بوزيد;جلمة;م.إ.  عين جفال;ابتدائي;35.3576306;9.2519166
13;سيدي بوزيد;جلمة;م.إ.  جلمة الشمالية;ابتدائي;35.27504;9.42006
13;سيدي بوزيد;جلمة;م.إ.  زغمار;ابتدائي;35.40162;9.33284
13;سيدي بوزيد;جلمة;م.إ. غدير القايد;ابتدائي;35.3169454;9.4404211
13;سيدي بوزيد;جلمة;م.إ.  القور;ابتدائي;35.32018;9.40443
13;سيدي بوزيد;جلمة;م.إ. الشوائحية;ابتدائي;35.46034;9.47842
13;سيدي بوزيد;جلمة;م.إ.  سلتة 2;ابتدائي;35.36797;9.29793
13;سيدي بوزيد;جلمة;م.إ.  الأزيرق الشمالية;ابتدائي;35.29647;9.33483
13;سيدي بوزيد;جلمة;م.إ.  سيدي علي بن جاء بالله;ابتدائي;35.20999;9.43746
13;سيدي بوزيد;جلمة;م.إ.  2 مارس 34 جلمة;ابتدائي;35.25955;9.40405
13;سيدي بوزيد;جلمة;م.إ.  النصر;ابتدائي;35.4305606;9.4302267
13;سيدي بوزيد;جلمة;م.إ.  الدهيسة;ابتدائي;35.39280;9.38036
13;سيدي بوزيد;جلمة;م.إ.  الأزريق الجنوبية;ابتدائي;35.28518;9.34616
13;سيدي بوزيد;جلمة;م.إ.  أولاد عاشور;ابتدائي;35.23346;9.45556
13;سيدي بوزيد;جلمة;م.إ.  غدير الزيتونة;ابتدائي;35.2776391;9.5173513
13;سيدي بوزيد;جلمة;م.إ.  العريش;ابتدائي;35.18601;9.44804
13;سيدي بوزيد;جلمة;م.إ.  أولاد عبد الله;ابتدائي;35.2605343;9.4516515
13;سيدي بوزيد;جلمة;م.إ.  المحافظية;ابتدائي;35.36550;9.34379
13;سيدي بوزيد;جلمة;م.إ.  الخضاورية;ابتدائي;35.32570;9.50567
13;سيدي بوزيد;جلمة;م.إ.  عين مدور;ابتدائي;35.36063;9.23142
13;سيدي بوزيد;جلمة;م.إ.  بنجويد;ابتدائي;35.33983;9.44487
13;سيدي بوزيد;جلمة;م.إ.  العضلة;ابتدائي;35.40527;9.41557
13;سيدي بوزيد;جلمة;م.إ. السلامة;ابتدائي;35.26597;9.41652
13;سيدي بوزيد;السبالة;م.إ.  السبالة;ابتدائي;35.17652;9.28009
13;سيدي بوزيد;السبالة;م.إ.  السد;ابتدائي;35.21872;9.34633
13;سيدي بوزيد;السبالة;م.إ.  البريج;ابتدائي;35.10502;9.32450
13;سيدي بوزيد;السبالة;م.إ.  الشارع;ابتدائي;35.15966;9.32737
13;سيدي بوزيد;السبالة;م.إ.  2 مارس 34 السبالة;ابتدائي;35.160343;9.3471721
13;سيدي بوزيد;السبالة;م.إ.  مغيلة;ابتدائي;35.2915113;9.2850213
13;سيدي بوزيد;السبالة;م.إ.  هنشير العيثة;ابتدائي;35.26752;9.22470
13;سيدي بوزيد;السبالة;م.إ.  برج المحطة;ابتدائي;35.24194;9.28487
13;سيدي بوزيد;السبالة;م.إ.  العامرة;ابتدائي;35.14811;9.28115
13;سيدي بوزيد;السبالة;م.إ.  الخشوم;ابتدائي;35.20369;9.31559
13;سيدي بوزيد;السبالة;م.إ.  العيون;ابتدائي;35.30084;9.23387
13;سيدي بوزيد;السبالة;م.إ.  القرعة الصغرى;ابتدائي;35.12702;9.26606
13;سيدي بوزيد;السبالة;م.إ.  العهد الجديد;ابتدائي;35.19089;9.33865
13;سيدي بوزيد;السبالة;م.إ.  السعائدية;ابتدائي;35.28288;9.14940
13;سيدي بوزيد;السبالة;م.إ.  عبدالرحمان بن خلدون;ابتدائي;35.17831;9.27325
13;سيدي بوزيد;السبالة;م.إ.البلاهدية;ابتدائي;35.32238;9.24804
13;سيدي بوزيد;بئر الحفي;م.إ. بئر الحفي;ابتدائي;34.92887;9.19380
13;سيدي بوزيد;بئر الحفي;م.إ.  النوايل;ابتدائي;34.97644;9.26801
13;سيدي بوزيد;بئر الحفي;م.إ.  العمامة;ابتدائي;34.86622;9.31273
13;سيدي بوزيد;بئر الحفي;م.إ.  أولاد خليفة;ابتدائي;34.98545;9.17838
13;سيدي بوزيد;بئر الحفي;م.إ.  السلامة;ابتدائي;34.82803;9.37458
13;سيدي بوزيد;بئر الحفي;م.إ.  الرابطة;ابتدائي;34.77712;9.34507
13;سيدي بوزيد;بئر الحفي;م.إ.  العمامة الجديدة;ابتدائي;34.90272;9.26403
13;سيدي بوزيد;بئر الحفي;م.إ.  2 مارس 34;ابتدائي;34.97504;9.23364
13;سيدي بوزيد;بئر الحفي;م.إ.  النوايل الجديدة;ابتدائي;34.99952;9.25407
13;سيدي بوزيد;بئر الحفي;م.إ.  المزارة;ابتدائي;34.981054;9.335617
13;سيدي بوزيد;بئر الحفي;م.إ.  أولاد زيدان ;ابتدائي;34.82751;9.31492
13;سيدي بوزيد;بئر الحفي;م.إ.  الخدمة;ابتدائي;34.77589;9.28975
13;سيدي بوزيد;بئر الحفي;م.إ.  أولاد بوعزيز;ابتدائي;34.99104;9.30942
13;سيدي بوزيد;بئر الحفي;م.إ.  هنشير القريعات;ابتدائي;34.86172;9.25316
13;سيدي بوزيد;بئر الحفي;م.إ. الحماد;ابتدائي;34.86533;9.27638
13;سيدي بوزيد;بئر الحفي;م.إ.  20 مارس56;ابتدائي;34.93842;9.20362
13;سيدي بوزيد;بئر الحفي;م.إ.  الأمل ورغة;ابتدائي;34.83765;9.28226
13;سيدي بوزيد;بئر الحفي;م.إ.  العهد الجديد;ابتدائي;34.78117;9.32248
13;سيدي بوزيد;بئر الحفي;م.إ.  النجاح;ابتدائي;34.8225271;9.4030081
13;سيدي بوزيد;بئر الحفي;م.إ.  بئر الحفي2;ابتدائي;34.92942;9.19285
13;سيدي بوزيد;بئر الحفي;م.إ.  الحفاصة;ابتدائي;34.77587;9.37899
13;سيدي بوزيد;بئر الحفي;م.إ.  العضلة;ابتدائي;34.95634;9.26798
13;سيدي بوزيد;بئر الحفي;م.إ.  القراوة 2;ابتدائي;34.81273;9.27275
13;سيدي بوزيد;بئر الحفي;م.إ.  أولاد ساهل;ابتدائي;34.92023;9.25954
13;سيدي بوزيد;بئر الحفي;م.إ.  النصائبية 20 مارس;ابتدائي;35.00259;9.33268
13;سيدي بوزيد;بئر الحفي;م.إ.  الدشرة;ابتدائي;34.91662;9.14940
13;سيدي بوزيد;بئر الحفي;م.إ.  اولاد عباس;ابتدائي;34.9162732;9.17942
13;سيدي بوزيد;بن عون;م.إ.  بنعون;ابتدائي;34.85353;9.14236
13;سيدي بوزيد;بن عون;م.إ.  التوفيق;ابتدائي;34.80821;9.11648
13;سيدي بوزيد;بن عون;م.إ.  الدمدوم;ابتدائي;34.73873;9.24963
13;سيدي بوزيد;بن عون;م.إ.  الرقبة;ابتدائي;34.72872;9.10804
13;سيدي بوزيد;بن عون;م.إ.  أولاد ناجي;ابتدائي;34.81230;9.22279
13;سيدي بوزيد;بن عون;م.إ. أولاد منصر;ابتدائي;34.74554;9.07576
13;سيدي بوزيد;بن عون;م.إ.  2 مارس 34 بنعون;ابتدائي;34.78319;9.19840
13;سيدي بوزيد;بن عون;م.إ.  الخليج;ابتدائي;34.88415;9.16437
13;سيدي بوزيد;بن عون;م.إ.  الواعرة;ابتدائي;34.81002;9.03854
13;سيدي بوزيد;بن عون;م.إ.  بئر ادريس;ابتدائي;34.73655;9.17134
13;سيدي بوزيد;بن عون;م.إ. أولاد ابراهيم;ابتدائي;34.78224;8.9740799
13;سيدي بوزيد;بن عون;م.إ.  أولاد العشى;ابتدائي;34.75588;9.12904
13;سيدي بوزيد;بن عون;م.إ.  بنعون الشمالية;ابتدائي;34.86960;9.08881
13;سيدي بوزيد;بن عون;م.إ.  القراوة ;ابتدائي;34.82958;9.24937
13;سيدي بوزيد;بن عون;م.إ.  القوادررية;ابتدائي;34.73832;9.04650
13;سيدي بوزيد;بن عون;م.إ. الونائسية;ابتدائي;34.91116;9.11296
13;سيدي بوزيد;بن عون;م.إ.  ابن شرف;ابتدائي;34.85437;9.13740
13;سيدي بوزيد;بن عون;م.إ. بن عون 2;ابتدائي;34.84385;9.14001
13;سيدي بوزيد;بن عون;م.إ. الرابطة;ابتدائي;34.82161;9.00605
13;سيدي بوزيد;بن عون;م.إ. حي الزهور;ابتدائي;34.8547318;9.1498672
13;سيدي بوزيد;منزل بوزيان;م.إ.  منزل بوزيان;ابتدائي;34.57247;9.41974
13;سيدي بوزيد;منزل بوزيان;م.إ.  أولاد بوعزيز;ابتدائي;34.65877;9.44838
13;سيدي بوزيد;منزل بوزيان;م.إ.  هنشير القلال;ابتدائي;34.68734;9.35031
13;سيدي بوزيد;منزل بوزيان;م.إ.  الخرشف;ابتدائي;34.72657;9.49233
13;سيدي بوزيد;منزل بوزيان;م.إ.  أولاد عمر;ابتدائي;34.64140;9.31416
13;سيدي بوزيد;منزل بوزيان;م.إ.  فوفي البعث;ابتدائي;34.71394;9.39488
13;سيدي بوزيد;منزل بوزيان;م.إ.  الربائعية;ابتدائي;34.67166;9.51264
13;سيدي بوزيد;منزل بوزيان;م.إ.  قرية العمران;ابتدائي;34.56832;9.35970
13;سيدي بوزيد;منزل بوزيان;م.إ.  فوفي السند;ابتدائي;34.58333;9.27754
13;سيدي بوزيد;منزل بوزيان;م.إ.  قرية الاعتزاز;ابتدائي;34.57902;9.47271
13;سيدي بوزيد;منزل بوزيان;م.إ.  دخلة هداج;ابتدائي;34.51080;9.42606
13;سيدي بوزيد;منزل بوزيان;م.إ.  وادي العرعار;ابتدائي;34.55430;9.38610
13;سيدي بوزيد;منزل بوزيان;م.إ.  السعادة;ابتدائي;34.66337;9.48221
13;سيدي بوزيد;منزل بوزيان;م.إ.  بئر العرعارية;ابتدائي;34.65853;9.38783
13;سيدي بوزيد;منزل بوزيان;م.إ.  المالوسي;ابتدائي;34.71344;9.43755
13;سيدي بوزيد;منزل بوزيان;م.إ.  أولاد بن جدو;ابتدائي;34.62914;9.44647
13;سيدي بوزيد;منزل بوزيان;م.إ.  عرادة;ابتدائي;34.68687;9.31384
13;سيدي بوزيد;منزل بوزيان;م.إ.  الزعائرية;ابتدائي;34.61371;9.31334
13;سيدي بوزيد;منزل بوزيان;م.إ.  15 أكتوبر;ابتدائي;34.57583;9.42530
13;سيدي بوزيد;منزل بوزيان;م.إ.  الرابطة;ابتدائي;34.58806;9.35884
13;سيدي بوزيد;منزل بوزيان;م.إ.  المعاذر;ابتدائي;34.63300;9.35181
13;سيدي بوزيد;منزل بوزيان;م.إ.  الامتياز (الزباق);ابتدائي;34.74225;9.46256
13;سيدي بوزيد;منزل بوزيان;م.إ.  وادي العكارمة;ابتدائي;34.73130;9.44290
13;سيدي بوزيد;منزل بوزيان;م.إ.الطموح;ابتدائي;34.52103;9.34449
13;سيدي بوزيد;منزل بوزيان;م.إ.  الزوام;ابتدائي;34.69608;9.46954
13;سيدي بوزيد;منزل بوزيان;م.إ. الأمل;ابتدائي;34.57581;9.43504
13;سيدي بوزيد;منزل بوزيان;م.إ. القليلة;ابتدائي;34.56517;9.31053
13;سيدي بوزيد;سوق الجديد;م.إ.  المساترية;ابتدائي;34.95375;9.58811
13;سيدي بوزيد;سوق الجديد;م.إ.  الزفزاف;ابتدائي;34.81470;9.50173
13;سيدي بوزيد;سوق الجديد;م.إ.  أولاد محمد النباهة;ابتدائي;34.89042;9.52857
13;سيدي بوزيد;سوق الجديد;م.إ.  الرميلية;ابتدائي;34.78493;9.55955
13;سيدي بوزيد;سوق الجديد;م.إ.  سقدال;ابتدائي;34.93829;9.63583
13;سيدي بوزيد;سوق الجديد;م.إ.  محمد البراهمي ( الحشانة سابقا);ابتدائي;34.93845;9.56216
13;سيدي بوزيد;سوق الجديد;م.إ.  بوعطوش;ابتدائي;34.90726;9.60155
13;سيدي بوزيد;سوق الجديد;م.إ.  2 مارس 34;ابتدائي;34.82369;9.60425
13;سيدي بوزيد;سوق الجديد;م.إ.  سيدي بوشمال;ابتدائي;34.807854;9.4576219
13;سيدي بوزيد;سوق الجديد;م.إ.  أولاد ظاهر1;ابتدائي;34.82583;9.53446
13;سيدي بوزيد;سوق الجديد;م.إ.  أولاد خضر;ابتدائي;34.92485;9.62344
13;سيدي بوزيد;سوق الجديد;م.إ. القصيرة;ابتدائي;34.96898;9.62428
13;سيدي بوزيد;سوق الجديد;م.إ.  النهوض;ابتدائي;34.97194;9.59534
13;سيدي بوزيد;سوق الجديد;م.إ.  فولاب;ابتدائي;34.79720;9.59742
13;سيدي بوزيد;سوق الجديد;م.إ.  الصعادلية;ابتدائي;34.90097;9.56259
13;سيدي بوزيد;سوق الجديد;م.إ. دخلة الزفزاف;ابتدائي;34.79237;9.52619
13;سيدي بوزيد;سوق الجديد;م.إ.  المصابحية;ابتدائي;34.95217;9.65246
13;سيدي بوزيد;سوق الجديد;م.إ.  أولاد ظاهر 2;ابتدائي;34.82260;9.55372
13;سيدي بوزيد;سوق الجديد;م.إ. التحول;ابتدائي;34.7570993;9.5819658
13;سيدي بوزيد;سوق الجديد;م.إ  دشرة اولاد محمد(اولاد بدر);ابتدائي;34.87743;9.52701
13;سيدي بوزيد;المكناسي;م.إ.  شارع محمد علي العلوي;ابتدائي;34.60377;9.60625
13;سيدي بوزيد;المكناسي;م.إ.  قرية النصر;ابتدائي;34.57857;9.51500
13;سيدي بوزيد;المكناسي;م.إ.  المشاشة;ابتدائي;34.50591;9.50498
13;سيدي بوزيد;المكناسي;م.إ.  قرية المبروكة;ابتدائي;34.64300;9.54518
13;سيدي بوزيد;المكناسي;م.إ.  الكرمة;ابتدائي;34.63285;9.74745
13;سيدي بوزيد;المكناسي;م.إ.  الطواهرية;ابتدائي;34.73290;9.67522
13;سيدي بوزيد;المكناسي;م.إ.  الغريس;ابتدائي;34.64091;9.8183558
13;سيدي بوزيد;المكناسي;م.إ.  الزوارع;ابتدائي;34.70154;9.7135733
13;سيدي بوزيد;المكناسي;م.إ.  شارع الحبيب بورقيبة;ابتدائي;34.60350;9.59931
13;سيدي بوزيد;المكناسي;م.إ.  النور;ابتدائي;34.66570;9.76427
13;سيدي بوزيد;المكناسي;م.إ.  المش;ابتدائي;34.52337;9.54165
13;سيدي بوزيد;المكناسي;م.إ. المش الغربية;ابتدائي;34.51316;9.46959
13;سيدي بوزيد;المكناسي;م.إ.  خالد بن الوليد;ابتدائي;34.60280;9.61431
13;سيدي بوزيد;المكناسي;م.إ. حي الطيب المهيري;ابتدائي;34.60844;9.60462
13;سيدي بوزيد;المكناسي;م.إ. الإنطلاقة;ابتدائي;34.59722;9.59218
13;سيدي بوزيد;المزونة;م.إ.  المزونة;ابتدائي;34.57572;9.84099
13;سيدي بوزيد;المزونة;م.إ.  غدير الربايع;ابتدائي;34.46694;9.92665
13;سيدي بوزيد;المزونة;م.إ. أولاد عمر;ابتدائي;34.56860;9.75677
13;سيدي بوزيد;المزونة;م.إ.  الفوني;ابتدائي;34.50829;10.01590
13;سيدي بوزيد;المزونة;م.إ. البوع;ابتدائي;34.48064;9.71830
13;سيدي بوزيد;المزونة;م.إ.  طلح المراقب;ابتدائي;34.40115;9.61072
13;سيدي بوزيد;المزونة;م.إ.  فرجان;ابتدائي;34.47917;9.77272
13;سيدي بوزيد;المزونة;م.إ. الزهور;ابتدائي;34.53309;9.73075
13;سيدي بوزيد;المزونة;م.إ.  هنشير الخيمة;ابتدائي;34.57075;9.92858
13;سيدي بوزيد;المزونة;م.إ.  هداج;ابتدائي;34.43131;9.54005
13;سيدي بوزيد;المزونة;م.إ.  طلح الخبنة;ابتدائي;34.3530481;9.5742975
13;سيدي بوزيد;المزونة;م.إ.  القزقازية;ابتدائي;34.47272;9.87368
13;سيدي بوزيد;المزونة;م.إ. الغريس الشرقية;ابتدائي;34.63261;9.87298
13;سيدي بوزيد;المزونة;م.إ.  العهد الجديد -أولاد دلالة;ابتدائي;34.52237;9.93206
13;سيدي بوزيد;المزونة;م.إ.  بوهدمة;ابتدائي;34.44160;9.58517
13;سيدي بوزيد;المزونة;م.إ.  2 مارس 34 مزونة;ابتدائي;34.5078061;9.982832
13;سيدي بوزيد;المزونة;م.إ.  الأمل مزونة;ابتدائي;34.57027;9.84289
13;سيدي بوزيد;المزونة;م.إ. القوارص;ابتدائي;34.43379;9.64916
13;سيدي بوزيد;المزونة;م.إ.  الديايرية;ابتدائي;34.60429;9.79001
13;سيدي بوزيد;المزونة;م.إ.  حي النور;ابتدائي;34.58432;9.83878
13;سيدي بوزيد;المزونة;م.إ. البوع 2;ابتدائي;34.48251;9.70073
13;سيدي بوزيد;المزونة;م.إ. فرفار;ابتدائي;34.45291;9.73824
13;سيدي بوزيد;المزونة;م.إ. هداج 2;ابتدائي;34.40304;9.52653
13;سيدي بوزيد;أولاد حفوز;م.إ.  الشواشنية;ابتدائي;35.04466;9.85814
13;سيدي بوزيد;أولاد حفوز;م.إ. الحنية كم 102;ابتدائي;35.07279;9.77635
13;سيدي بوزيد;أولاد حفوز;م.إ. حانوت عيسى;ابتدائي;35.11653;9.87948
13;سيدي بوزيد;أولاد حفوز;م.إ.  مركز حربيط;ابتدائي;35.16975;9.78623
13;سيدي بوزيد;أولاد حفوز;م.إ.  المباركية;ابتدائي;35.05990;9.81766
13;سيدي بوزيد;أولاد حفوز;م.إ.  مركز الحاج ;ابتدائي;35.08141;9.86562
13;سيدي بوزيد;أولاد حفوز;م.إ. سيدي خليف;ابتدائي;35.12528;9.82219
13;سيدي بوزيد;أولاد حفوز;م.إ.  الذويبات;ابتدائي;35.09023;9.94400
13;سيدي بوزيد;أولاد حفوز;م.إ.  بئر محمد بن ذويب;ابتدائي;35.17138;9.95935
13;سيدي بوزيد;أولاد حفوز;م.إ. الحاج مسعود;ابتدائي;35.11995;9.94018
13;سيدي بوزيد;أولاد حفوز;م.إ.  العراوة;ابتدائي;35.15710;9.90143
13;سيدي بوزيد;أولاد حفوز;م.إ.  النجاح;ابتدائي;35.15013;9.85941
13;سيدي بوزيد;أولاد حفوز;م.إ.  الخروع;ابتدائي;35.03758;9.77284
13;سيدي بوزيد;أولاد حفوز;م.إ.  دربي;ابتدائي;35.11459;9.78174
13;سيدي بوزيد;أولاد حفوز;م.إ.  بني هراب;ابتدائي;35.08588;9.90102
13;سيدي بوزيد;أولاد حفوز;م.إ. الفوز;ابتدائي;35.06554;9.86189
13;سيدي بوزيد;أولاد حفوز;م.إ.  القوائبية;ابتدائي;35.16340;9.81582
13;سيدي بوزيد;أولاد حفوز;م.إ.  2 مارس 34;ابتدائي;35.02758;9.80954
13;سيدي بوزيد;أولاد حفوز;م.إ.  الأمل ;ابتدائي;35.07894;9.84592
13;سيدي بوزيد;أولاد حفوز;م.إ.  العبدات;ابتدائي;35.16839;9.92950
13;سيدي بوزيد;أولاد حفوز;م.إ.  ابن سينا;ابتدائي;35.09267;9.97462
13;سيدي بوزيد;أولاد حفوز;م.إ. الرنزز;ابتدائي;35.06728;9.95574
13;سيدي بوزيد;أولاد حفوز;م.إ. حي علي بن حمد;ابتدائي;35.07905;9.87646
13;سيدي بوزيد;أولاد حفوز;م.إ.  القبة;ابتدائي;35.14240;9.72388
13;سيدي بوزيد;الرقاب;م.إ.  ابن منظور الرقاب;ابتدائي;34.85695;9.78601
13;سيدي بوزيد;الرقاب;م.إ. قصر الحمام;ابتدائي;34.85282;9.90492
13;سيدي بوزيد;الرقاب;م.إ.  أولاد عبيد;ابتدائي;34.93782;9.83868
13;سيدي بوزيد;الرقاب;م.إ.  الرضاع;ابتدائي;34.69750;9.87879
13;سيدي بوزيد;الرقاب;م.إ.  ريحانة;ابتدائي;34.8141862;9.6930729
13;سيدي بوزيد;الرقاب;م.إ.  فرش غريب;ابتدائي;34.8125985;9.9126157
13;سيدي بوزيد;الرقاب;م.إ.  بئر خليفة;ابتدائي;34.78752;9.81074
13;سيدي بوزيد;الرقاب;م.إ.  بئر الشارف;ابتدائي;34.80712;9.75573
13;سيدي بوزيد;الرقاب;م.إ.  بئر نصيب;ابتدائي;34.74484;9.75600
13;سيدي بوزيد;الرقاب;م.إ. أولاد عيوني;ابتدائي;34.83418;9.85301
13;سيدي بوزيد;الرقاب;م.إ.  السكبة;ابتدائي;34.78309;9.88550
13;سيدي بوزيد;الرقاب;م.إ.  بوعلاق;ابتدائي;34.90935;9.78890
13;سيدي بوزيد;الرقاب;م.إ.  سيدي عايد;ابتدائي;34.89652;9.91497
13;سيدي بوزيد;الرقاب;م.إ.  أولاد عبد الله;ابتدائي;34.72991;9.83934
13;سيدي بوزيد;الرقاب;م.إ. هنشير الخدم;ابتدائي;34.67349;9.81818
13;سيدي بوزيد;الرقاب;م.إ.  المطلق;ابتدائي;34.91897;9.72840
13;سيدي بوزيد;الرقاب;م.إ.  ريحانة الشمالية;ابتدائي;34.8444897;9.6855043
13;سيدي بوزيد;الرقاب;م.إ.  الزيتونة;ابتدائي;34.88660;9.71177
13;سيدي بوزيد;الرقاب;م.إ.  2 مارس 34;ابتدائي;34.87474;9.85759
13;سيدي بوزيد;الرقاب;م.إ. ابن رشد ;ابتدائي;34.86185;9.78030
13;سيدي بوزيد;الرقاب;م.إ.  قبرار;ابتدائي;34.9697997;9.8149003
13;سيدي بوزيد;الرقاب;م.إ.  الهدى;ابتدائي;34.73244;9.89545
13;سيدي بوزيد;الرقاب;م.إ.  السرائرية;ابتدائي;34.94379;9.78373
13;سيدي بوزيد;الرقاب;م.إ.  المحافظية;ابتدائي;34.78741;9.92747
13;سيدي بوزيد;الرقاب;م.إ.  ابن خلدون;ابتدائي;34.91928;9.87334
13;سيدي بوزيد;الرقاب;م.إ.  القوادرية;ابتدائي;34.8357412;9.8087384
13;سيدي بوزيد;الرقاب;م.إ.  بئر الغزيل;ابتدائي;34.70832;9.81642
13;سيدي بوزيد;الرقاب;م.إ.  سيدي عامر;ابتدائي;34.78309;9.72884
13;سيدي بوزيد;الرقاب;م.إ.  صبرة;ابتدائي;34.89251;9.75862
13;سيدي بوزيد;الرقاب;م.إ.  أولاد احمد الزين;ابتدائي;34.8266838;9.9378141
13;سيدي بوزيد;الرقاب;م.إ.  أولاد شابو;ابتدائي;34.71925;9.76135
13;سيدي بوزيد;الرقاب;م.إ.  أولاد الفالح;ابتدائي;34.66841;9.86079
13;سيدي بوزيد;الرقاب;م.إ. إبن رشد 2;ابتدائي;34.86300;9.79427
13;سيدي بوزيد;الرقاب;م.إ.اليسر;ابتدائي;34.85359;9.80266
13;سيدي بوزيد;#N/A;م.إ. الرقاب;ابتدائي;34.8450197;9.7798699
13;سيدي بوزيد;السعيدة;م.إ.  العكارمة;ابتدائي;34.93710;9.90795
13;سيدي بوزيد;السعيدة;م.إ.  السعيدة أولاد موسى;ابتدائي;34.96417;9.95067
13;سيدي بوزيد;السعيدة;م.إ.  الخشم;ابتدائي;35.02678;9.97915
13;سيدي بوزيد;السعيدة;م.إ.  أولاد الهاني;ابتدائي;34.89785;9.96207
13;سيدي بوزيد;السعيدة;م.إ.  بوشيحة;ابتدائي;34.96546;9.8687417
13;سيدي بوزيد;السعيدة;م.إ.  الغابة السوداء;ابتدائي;35.00198;9.93662
13;سيدي بوزيد;السعيدة;م.إ.  البراهمية;ابتدائي;35.0131004;10.0206036
13;سيدي بوزيد;السعيدة;م.إ.  الحاج بوعلي;ابتدائي;35.0500318;9.975185
13;سيدي بوزيد;السعيدة;م.إ.  أولاد بلقاسم;ابتدائي;35.00033;9.97198
13;سيدي بوزيد;السعيدة;م.إ.  الصفايا;ابتدائي;34.98709;9.90828
13;سيدي بوزيد;السعيدة;م.إ.  سيدي خليفة;ابتدائي;34.92300;9.93074
13;سيدي بوزيد;السعيدة;م.إ.  بوشيحة 2;ابتدائي;34.9591522;9.8454856
13;سيدي بوزيد;السعيدة;م.إ.  الخرادنية;ابتدائي;34.94414;9.98383
13;سيدي بوزيد;السعيدة;م.إ.  الحمائدية;ابتدائي;34.91800;9.97697
13;سيدي بوزيد;السعيدة;م.إ.  الطاهر الحداد;ابتدائي;35.0252084;9.954092
13;سيدي بوزيد;السعيدة;م.إ.  اولاد سعد;ابتدائي;34.98015;9.98651
13;سيدي بوزيد;السعيدة;م.إ. العثامنية;ابتدائي;34.963636;9.921429
14;قفصة;قفصة الجنوبية;م.إ.  شارع بورقيبة;ابتدائي;34.41970;8.78479
14;قفصة;قفصة الجنوبية;م.إ.  شارع حسين بوزيان;ابتدائي;34.42036;8.79022
14;قفصة;قفصة الجنوبية;م.إ.  حي النور;ابتدائي;34.42876;8.78260
14;قفصة;قفصة الجنوبية;م.إ.  الدوالي نهج سيدي منصور;ابتدائي;34.42233;8.79332
14;قفصة;قفصة الجنوبية;م.إ.  شارع عمر بن سليمان 1;ابتدائي;34.42668;8.78989
14;قفصة;قفصة الجنوبية;م.إ.  العلندة;ابتدائي;34.62057;8.63837
14;قفصة;قفصة الجنوبية;م.إ.  الجمهورية;ابتدائي;34.42365;8.78393
14;قفصة;قفصة الجنوبية;م.إ.  نهج علي البلهوان قفصة المدينة;ابتدائي;34.41976;8.78598
14;قفصة;قفصة الجنوبية;م.إ.  حي الشباب 1;ابتدائي;34.42313;8.76601
14;قفصة;قفصة الجنوبية;م.إ.  نهج ميلود;ابتدائي;34.41987;8.79091
14;قفصة;قفصة الجنوبية;م.إ.  مركز كاف دربي;ابتدائي;34.61856;8.58740
14;قفصة;قفصة الجنوبية;م.إ.  2 مارس 34 كاف دربي;ابتدائي;34.54814;8.65501
14;قفصة;قفصة الجنوبية;م.إ.  العقيلة;ابتدائي;34.40057;8.72511
14;قفصة;قفصة الجنوبية;م.إ.  التضامن كاف دربي;ابتدائي;34.61144;8.54852
14;قفصة;قفصة الجنوبية;م.إ.  حي السرور 1;ابتدائي;34.43973;8.78575
14;قفصة;قفصة الجنوبية;م.إ.  سيدي احمد زروق;ابتدائي;34.43461;8.74908
14;قفصة;قفصة الجنوبية;م.إ.  حي القوافل;ابتدائي;34.43480;8.77819
14;قفصة;قفصة الجنوبية;م.إ.  حي بورقيبة زروق;ابتدائي;34.42784;8.75528
14;قفصة;قفصة الجنوبية;م.إ.  الهدى;ابتدائي;34.43446;8.78627
14;قفصة;قفصة الجنوبية;م.إ.  واد ي الأصفر;ابتدائي;34.58547;8.60914
14;قفصة;قفصة الجنوبية;م.إ.  طريق المطار;ابتدائي;34.41333;8.80289
14;قفصة;قفصة الجنوبية;م.إ.  خد رابح;ابتدائي;34.65089;8.53819
14;قفصة;قفصة الجنوبية;م.إ.  الأفران;ابتدائي;34.43048;8.79562
14;قفصة;قفصة الجنوبية;م.إ.  حي الشباب 2;ابتدائي;34.42667;8.76821
14;قفصة;قفصة الجنوبية;م.إ.  حي السرور 2;ابتدائي;34.43729;8.79197
14;قفصة;قفصة الجنوبية;م.إ.  الطفل;ابتدائي;34.43999;8.63116
14;قفصة;قفصة الجنوبية;م.إ.  الواحة;ابتدائي;34.39563;8.75705
14;قفصة;قفصة الجنوبية;م.إ.  حي بن يونس;ابتدائي;34.44372;8.77514
14;قفصة;قفصة الجنوبية;م.إ.  حي المنزه;ابتدائي;34.41820;8.80594
14;قفصة;قفصة الجنوبية;م.إ.  عمر بن سليمان 2;ابتدائي;34.42703;8.79091
14;قفصة;القصر;م.إ.  4 ديسمبر 1952;ابتدائي;34.39864;8.79899
14;قفصة;القصر;م.إ.  طريق المحطة;ابتدائي;34.40136;8.80101
14;قفصة;القصر;م.إ.  لالة;ابتدائي;34.39265;8.82202
14;قفصة;القصر;م.إ.  حي التحرير;ابتدائي;34.39605;8.80397
14;قفصة;القصر;م.إ. حي حشاد لالة;ابتدائي;34.39349;8.81469
14;قفصة;القصر;م.إ.  البساتين;ابتدائي;34.40611;8.79736
14;قفصة;القصر;م.إ.  طريق المظيلة لالة;ابتدائي;34.38834;8.81349
14;قفصة;القصر;م.إ.  المروج;ابتدائي;34.40313;8.80586
14;قفصة;القصر;م.إ.  عمرة;ابتدائي;34.44575;8.93404
14;قفصة;القصر;م.إ.  أولاد أمحمد;ابتدائي;34.47322;8.97336
14;قفصة;القصر;م.إ. أولاد تليجان;ابتدائي;34.42960;8.98312
14;قفصة;القصر;م.إ.  الإنطلاقة;ابتدائي;34.38344;8.84140
14;قفصة;القصر;م.إ.  عقيلة 2;ابتدائي;34.37343;8.76991
14;قفصة;سيدي عيش;م.إ.  سيدي عيش المركز;ابتدائي;34.73318;8.78488
14;قفصة;سيدي عيش;م.إ.  المريطبة;ابتدائي;34.59485;8.92657
14;قفصة;سيدي عيش;م.إ.  السوينية;ابتدائي;34.68256;8.89843
14;قفصة;سيدي عيش;م.إ.  العمائمية 1;ابتدائي;34.66671;8.72010
14;قفصة;سيدي عيش;م.إ.  سيدي عيش الشرقية;ابتدائي;34.71305;8.83762
14;قفصة;سيدي عيش;م.إ.  القرية;ابتدائي;34.75713;8.93375
14;قفصة;سيدي عيش;م.إ.  الأمل;ابتدائي;34.74814;8.89411
14;قفصة;سيدي عيش;م.إ.  العمائمية 2;ابتدائي;34.63648;8.70051
14;قفصة;سيدي عيش;م.إ.  العبابسة القرية;ابتدائي;34.73110;8.94624
14;قفصة;سيدي عيش;م.إ. الفتح;ابتدائي;34.70663;8.79739
14;قفصة;سيدي عيش;م.إ. عقبة ابن نافع;ابتدائي;34.00000;13.00000
14;قفصة;قفصة الشمالية;م.إ.  بئر الزواري;ابتدائي;34.55915;8.84263
14;قفصة;قفصة الشمالية;م.إ.  المتكيدس;ابتدائي;34.58866;8.75358
14;قفصة;قفصة الشمالية;م.إ.  بوعلام;ابتدائي;34.55876;8.96190
14;قفصة;قفصة الشمالية;م.إ.  2 مارس 34 قطيس;ابتدائي;34.53705;8.90202
14;قفصة;قفصة الشمالية;م.إ.  اولاد وهيبة;ابتدائي;34.64449;9.07664
14;قفصة;قفصة الشمالية;م.إ. اولاد دلال;ابتدائي;34.55444;8.81699
14;قفصة;قفصة الشمالية;م.إ.  السواعي;ابتدائي;34.48303;8.82129
14;قفصة;قفصة الشمالية;م.إ.  اولاد احمد بن سعد;ابتدائي;34.62254;9.02280
14;قفصة;قفصة الشمالية;م.إ.  اولاد زيد / قطيس;ابتدائي;34.59763;8.82767
14;قفصة;قفصة الشمالية;م.إ.  المستقبل بالفج;ابتدائي;34.61240;8.96623
14;قفصة;قفصة الشمالية;م.إ.  اولاد عمران;ابتدائي;34.51028;8.87652
14;قفصة;قفصة الشمالية;م.إ. هنشير الحلفاء الفـج;ابتدائي;34.70164;9.04306
14;قفصة;قفصة الشمالية;م.إ.  محمد الطاهر بن على;ابتدائي;34.67596;9.08980
14;قفصة;قفصة الشمالية;م.إ.  المادسية;ابتدائي;34.62084;8.80942
14;قفصة;قفصة الشمالية;م.إ. متكيدس 2;ابتدائي;34.59840;8.87570
14;قفصة;الرديف;م.إ. حي الزمرة;ابتدائي;34.37711;8.14809
14;قفصة;الرديف;م.إ.  حي النور;ابتدائي;34.37994;8.14742
14;قفصة;الرديف;م.إ.  حئ التحرير;ابتدائي;34.39247;8.16457
14;قفصة;الرديف;م.إ.  واد ي الجمل;ابتدائي;34.41726;8.30712
14;قفصة;الرديف;م.إ. الفوز;ابتدائي;34.37736;8.14719
14;قفصة;الرديف;م.إ.  سيدي عبدالقادر;ابتدائي;34.37601;8.13612
14;قفصة;الرديف;م.إ.  المحطة;ابتدائي;34.38729;8.15333
14;قفصة;الرديف;م.إ.  الفتح;ابتدائي;34.39213;8.16493
14;قفصة;الرديف;م.إ.  2 مارس 1934;ابتدائي;34.38036;8.15972
14;قفصة;الرديف;م.إ.  السقدود 1;ابتدائي;34.30900;8.10715
14;قفصة;الرديف;م.إ. المنجم;ابتدائي;34.38124;8.14123
14;قفصة;الرديف;م.إ. أبو القاسم الشابي;ابتدائي;34.39808;8.17076
14;قفصة;الرديف;م.إ.  الواحة سقدود 2;ابتدائي;34.27040;8.08954
14;قفصة;الرديف;م.إ.  وادي الحاشي;ابتدائي;34.44702;8.27379
14;قفصة;المتلوي;م.إ.  المنجم 1;ابتدائي;34.32366;8.40363
14;قفصة;المتلوي;م.إ.  المحطة;ابتدائي;34.31414;8.41236
14;قفصة;المتلوي;م.إ.  ساحة الجمهورية;ابتدائي;34.31481;8.40353
14;قفصة;المتلوي;م.إ.  الحي العصري;ابتدائي;34.32580;8.39905
14;قفصة;المتلوي;م.إ.  2 مارس 34 وادي الارطة;ابتدائي;34.33877;8.39828
14;قفصة;المتلوي;م.إ.  المزيرعة;ابتدائي;34.32136;8.38267
14;قفصة;المتلوي;م.إ.  حي الثالجة;ابتدائي;34.31469;8.39419
14;قفصة;المتلوي;م.إ.  حي الزهور;ابتدائي;34.31312;8.41350
14;قفصة;المتلوي;م.إ.  حي السعادة;ابتدائي;34.30788;8.41329
14;قفصة;المتلوي;م.إ. حي النهوض;ابتدائي;34.31957;8.41093
14;قفصة;المتلوي;م.إ.  طريق توزر;ابتدائي;34.31237;8.38749
14;قفصة;المتلوي;م.إ.  حي الامل;ابتدائي;34.33632;8.40514
14;قفصة;المتلوي;م.إ.  المنجم 2;ابتدائي;34.32415;8.40463
14;قفصة;القطار;م.إ.  القطار;ابتدائي;34.33371;8.94921
14;قفصة;القطار;م.إ.  احمد التليلي;ابتدائي;34.33362;8.94908
14;قفصة;القطار;م.إ.  اولاد بوسعد;ابتدائي;34.38574;9.21844
14;قفصة;القطار;م.إ. اولاد بوعمران1;ابتدائي;34.35300;9.09915
14;قفصة;القطار;م.إ.  نشيو;ابتدائي;34.33163;8.96681
14;قفصة;القطار;م.إ.  الارطس;ابتدائي;34.33682;8.92089
14;قفصة;القطار;م.إ.  العمائم;ابتدائي;34.25859;9.09689
14;قفصة;القطار;م.إ.  بئر سعد;ابتدائي;34.35656;9.24412
14;قفصة;القطار;م.إ.  ماجني;ابتدائي;34.34908;8.86804
14;قفصة;القطار;م.إ.  دخلة بوسعد;ابتدائي;34.36941;9.17666
14;قفصة;القطار;م.إ. منطقة حمادي;ابتدائي;34.35517;9.20172
14;قفصة;القطار;م.إ.  عرباط;ابتدائي;34.34110;8.94730
14;قفصة;القطار;م.إ.  الواحة;ابتدائي;34.33162;8.95832
14;قفصة;القطار;م.إ. اولاد بوعمران 2;ابتدائي;34.36270;9.10787
14;قفصة;بلخير;م.إ.  اولاد منصور;ابتدائي;34.27417;9.39099
14;قفصة;بلخير;م.إ.  اولاد الحاج;ابتدائي;34.26498;9.34791
14;قفصة;بلخير;م.إ.  2 /3 حوال الوادي;ابتدائي;34.41405;9.38926
14;قفصة;بلخير;م.إ.  العيايشة;ابتدائي;34.24787;9.24969
14;قفصة;بلخير;م.إ.  الاكتاب;ابتدائي;34.23842;9.17964
14;قفصة;بلخير;م.إ. باطن زمور الطلح;ابتدائي;34.37673;9.36839
14;قفصة;بلخير;م.إ.  برج الحفي;ابتدائي;34.26714;9.52836
14;قفصة;بلخير;م.إ.  بوبلال;ابتدائي;34.45550;9.35136
14;قفصة;بلخير;م.إ.  جبيلة الوسط;ابتدائي;34.36788;9.32741
14;قفصة;بلخير;م.إ.  اولاد زايد;ابتدائي;34.42654;9.45244
14;قفصة;بلخير;م.إ.  بورقيبة بكو;ابتدائي;34.39352;9.32798
14;قفصة;بلخير;م.إ.  زيتونة العيايشة;ابتدائي;34.20106;9.23400
14;قفصة;بلخير;م.إ.  جبل العيايشة;ابتدائي;34.35025;9.36205
14;قفصة;بلخير;م.إ.  الفجر الجديد;ابتدائي;34.42712;9.39475
14;قفصة;بلخير;م.إ.  9 افريل  الطلح;ابتدائي;34.36785;9.40274
14;قفصة;بلخير;م.إ. باطن اولاد منصور;ابتدائي;34.35747;9.43344
14;قفصة;السند;م.إ.  المحطة;ابتدائي;34.54116;9.25394
14;قفصة;السند;م.إ.  جبل;ابتدائي;34.46428;9.26443
14;قفصة;السند;م.إ.  عليم;ابتدائي;34.64342;9.15854
14;قفصة;السند;م.إ.  البهلولة;ابتدائي;34.57419;9.11224
14;قفصة;السند;م.إ.  القوسة;ابتدائي;34.59020;9.20789
14;قفصة;السند;م.إ.  ماجورة;ابتدائي;34.62624;9.23653
14;قفصة;السند;م.إ.  عبد الصادق;ابتدائي;34.50468;9.15531
14;قفصة;السند;م.إ.  الذكارة;ابتدائي;34.58176;9.05496
14;قفصة;السند;م.إ.  هنشير الافراح;ابتدائي;34.52514;9.10725
14;قفصة;السند;م.إ.  السمائرية;ابتدائي;34.54966;9.30459
14;قفصة;السند;م.إ. منزل شيحاوي;ابتدائي;34.61011;9.08689
14;قفصة;السند;م.إ.  دخلة ماجورة;ابتدائي;34.65723;9.24069
14;قفصة;السند;م.إ.  البياضة;ابتدائي;34.47859;9.17108
14;قفصة;السند;م.إ. ظهراوية ماجورة;ابتدائي;34.68974;9.20732
14;قفصة;السند;م.إ.  حي الزيتونة;ابتدائي;34.54016;9.24603
14;قفصة;السند;م.إ.  المناصرية;ابتدائي;34.67566;9.15159
14;قفصة;السند;م.إ.  ابن خلدون;ابتدائي;34.54075;9.26413
14;قفصة;السند;م.إ.  السودان;ابتدائي;34.53928;9.15203
14;قفصة;السند;م.إ.  بوفاس;ابتدائي;34.60936;9.15767
14;قفصة;السند;م.إ.  باطن عليم;ابتدائي;34.62983;9.11513
14;قفصة;السند;م.إ.  عرادة;ابتدائي;34.66836;9.29120
14;قفصة;السند;م.إ.  الثلائجية;ابتدائي;34.51483;9.08483
14;قفصة;زانوش;م.إ.  زانوش المحطة;ابتدائي;34.46898;9.04935
14;قفصة;زانوش;م.إ.  ام العلق;ابتدائي;34.44501;9.11936
14;قفصة;زانوش;م.إ.  الجديدة زانوش;ابتدائي;34.53963;9.01994
14;قفصة;زانوش;م.إ.  الباطن زانوش;ابتدائي;34.44166;9.06179
14;قفصة;زانوش;م.إ. بورقيبة باطن زانوش;ابتدائي;34.43335;9.03927
14;قفصة;زانوش;م.إ.  القطيات;ابتدائي;34.48599;8.99370
14;قفصة;زانوش;م.إ.  الامل زانوش;ابتدائي;34.47604;9.02329
14;قفصة;أم العرايس;م.إ.  الحي العمالي;ابتدائي;34.49113;8.26842
14;قفصة;أم العرايس;م.إ.  المحطة;ابتدائي;34.48806;8.27471
14;قفصة;أم العرايس;م.إ. الكسيلة;ابتدائي;34.49260;8.26027
14;قفصة;أم العرايس;م.إ.  المنجم;ابتدائي;34.49001;8.27117
14;قفصة;أم العرايس;م.إ.  الدوارة;ابتدائي;34.44964;8.51333
14;قفصة;أم العرايس;م.إ. حي السوالمية;ابتدائي;34.48425;8.28593
14;قفصة;أم العرايس;م.إ.  حي الزهور;ابتدائي;34.48271;8.25826
14;قفصة;أم العرايس;م.إ.  الأمل;ابتدائي;34.48225;8.28150
14;قفصة;أم العرايس;م.إ.  اللوزة;ابتدائي;34.48085;8.42689
14;قفصة;أم العرايس;م.إ.  هنشير القلال;ابتدائي;34.49837;8.48850
14;قفصة;أم العرايس;م.إ.  طارق ابن زياد;ابتدائي;34.49646;8.26041
14;قفصة;أم العرايس;م.إ. فرحات حشاد;ابتدائي;34.48817;8.24939
14;قفصة;أم العرايس;م.إ.حي الشباب;ابتدائي;34.92485;8.39813
14;قفصة;أم العرايس;م.إ.  بن عمار;ابتدائي;34.00000;13.00000
14;قفصة;سيدي بوبكر;م.إ.  ام الاقصاب;ابتدائي;34.69549;8.39058
14;قفصة;سيدي بوبكر;م.إ.  سيدي بوبكر;ابتدائي;34.66647;8.45945
14;قفصة;سيدي بوبكر;م.إ.  عقلة احمد;ابتدائي;34.70862;8.36072
14;قفصة;سيدي بوبكر;م.إ.  خالد ابن الوليد;ابتدائي;34.72312;8.32259
14;قفصة;سيدي بوبكر;م.إ.  الكدية;ابتدائي;34.63587;8.48555
14;قفصة;سيدي بوبكر;م.إ. أولاد ساعي;ابتدائي;34.63627;8.42916
14;قفصة;المظيلة;م.إ.  القرية;ابتدائي;34.28736;8.74111
14;قفصة;المظيلة;م.إ.  الحي العمالي;ابتدائي;34.29676;8.75537
14;قفصة;المظيلة;م.إ.  المنجم;ابتدائي;34.26410;8.74300
14;قفصة;المظيلة;م.إ. الحي العصري;ابتدائي;34.28447;8.74621
14;قفصة;المظيلة;م.إ. حي النسيم;ابتدائي;34.29319;8.76135
14;قفصة;المظيلة;م.إ.  التوفيق;ابتدائي;34.29656;8.75561
14;قفصة;المظيلة;م.إ. برج العكارمة;ابتدائي;34.25798;8.73285
14;قفصة;المظيلة;م.إ.  السقي;ابتدائي;34.12837;8.72966
15;توزر;توزر;م.إ.  ابن الشباط;ابتدائي;33.92379;8.14070
15;توزر;توزر;م.إ.  نهج الشابي;ابتدائي;33.91838;8.13583
15;توزر;توزر;م.إ.  نهج تونس;ابتدائي;33.92028;8.13570
15;توزر;توزر;م.إ.  الشابية;ابتدائي;33.91458;8.12456
15;توزر;توزر;م.إ.  بلاد الحضر;ابتدائي;33.91203;8.13403
15;توزر;توزر;م.إ.  رأس الذراع;ابتدائي;33.93218;8.14487
15;توزر;توزر;م.إ.  حلبة;ابتدائي;33.93232;8.14484
15;توزر;توزر;م.إ.  أبو الفضل النحوي;ابتدائي;33.93053;8.12720
15;توزر;توزر;م.إ.  حي المطار;ابتدائي;33.92305;8.12135
15;توزر;توزر;م.إ.  جهيم;ابتدائي;33.90705;8.12165
15;توزر;توزر;م.إ.  غرة جوان;ابتدائي;33.93281;8.13503
15;توزر;توزر;م.إ.  حي السلام;ابتدائي;33.92816;8.12078
15;توزر;توزر;م.إ.  زاوية بوليفة;ابتدائي;33.89550;8.13416
15;توزر;توزر;م.إ.  طريق الحامة;ابتدائي;33.93700;8.14432
15;توزر;توزر;م.إ.  أبو القاسم الشابي;ابتدائي;33.91840;8.11792
15;توزر;دقاش;م.إ.  3 أوت دقاش;ابتدائي;33.98631;8.21690
15;توزر;دقاش;م.إ.  المحاسن;ابتدائي;34.01108;8.25230
15;توزر;دقاش;م.إ.  أولاد ماجد;ابتدائي;33.99950;8.23754
15;توزر;دقاش;م.إ.  التوفيق سدادة;ابتدائي;34.01898;8.27140
15;توزر;دقاش;م.إ. دغومس;ابتدائي;34.03744;8.34108
15;توزر;دقاش;م.إ.  النصر;ابتدائي;33.97933;8.21339
15;توزر;دقاش;م.إ.  الجمهورية;ابتدائي;33.98672;8.21670
15;توزر;دقاش;م.إ.  الاستقلال;ابتدائي;33.99128;8.22461
15;توزر;دقاش;م.إ.  طريق قبلي سدادة;ابتدائي;34.01077;8.27391
15;توزر;دقاش;م.إ.  زاوية العرب;ابتدائي;33.99202;8.23418
15;توزر;دقاش;م.إ.  العهد الجديد/ المحاسن;ابتدائي;34.00574;8.24686
15;توزر;دقاش;م.إ  حي الانطلاقة دغومس;ابتدائي;34.03501;8.33268
15;توزر;حامة الجريد;م.إ.  قرية حامة الجريد;ابتدائي;33.99948;8.16419
15;توزر;حامة الجريد;م.إ.  حامة الجريد;ابتدائي;33.99330;8.15477
15;توزر;حامة الجريد;م.إ.  شاكمو;ابتدائي;34.09326;8.21452
15;توزر;حامة الجريد;م.إ.  ابراهيم القمودي حامة الجريد;ابتدائي;34.00076;8.16997
15;توزر;نفطة;م.إ.  شارع بورقيبة;ابتدائي;33.87209;7.88245
15;توزر;نفطة;م.إ.  السني;ابتدائي;33.87277;7.87660
15;توزر;نفطة;م.إ.  مصطفى خريف;ابتدائي;33.87284;7.87622
15;توزر;نفطة;م.إ.  2 مارس 34;ابتدائي;33.86917;7.89216
15;توزر;نفطة;م.إ.  الخضر بن الحسين;ابتدائي;33.87577;7.86725
15;توزر;نفطة;م.إ.  الكرامة;ابتدائي;33.88018;7.88282
15;توزر;نفطة;م.إ.  طريق حزوة;ابتدائي;33.87186;7.86384
15;توزر;حزوة;م.إ.  ابن رشد;ابتدائي;33.73479;7.58907
15;توزر;حزوة;م.إ.  ابن خلدون;ابتدائي;33.74264;7.60228
15;توزر;حزوة;م.إ.  التعمير;ابتدائي;33.96932;7.64537
15;توزر;تمغزة;م.إ.  تمغزة;ابتدائي;34.38731;7.94452
15;توزر;تمغزة;م.إ.  ميداس;ابتدائي;34.41083;7.92261
15;توزر;تمغزة;م.إ.  الشبيكة;ابتدائي;34.32005;7.93728
15;توزر;تمغزة;م.إ.  عين الكرمة;ابتدائي;34.40624;7.98038
15;توزر;تمغزة;م.إ.  الرميثة;ابتدائي;34.43037;7.98426
15;توزر;تمغزة;م.إ. سندس;ابتدائي;34.35440;7.86982
15;توزر;تمغزة;م.إ.  الظافرية;ابتدائي;34.21245;7.81852
15;توزر;تمغزة;م.إبت. المدرسة الابتدائية الفرسد;ابتدائي;34.46270;8.05239
15;توزر;تمغزة;م.إ. الواحة;ابتدائي;34.38581;7.93421
16;قبلي;قبلي الشمالية;م.إ.  الجديدة المنصورة;ابتدائي;33.718;8.944
16;قبلي;قبلي الشمالية;م.إ.  تلمين;ابتدائي;33.7153093;8.9046062
16;قبلي;قبلي الشمالية;م.إ.  تنبيب;ابتدائي;33.4358;8.5418
16;قبلي;قبلي الشمالية;م.إ.  برج سعيدان;ابتدائي;33.75376899;9.299448
16;قبلي;قبلي الشمالية;م.إ.  القطعاية;ابتدائي;33.679018;8.880779
16;قبلي;قبلي الشمالية;م.إ.  لــــيماقس;ابتدائي;33.76696;9.08639
16;قبلي;قبلي الشمالية;م.إ.  استفطيمي;ابتدائي;33.799596;9.0111149
16;قبلي;قبلي الشمالية;م.إ.  3 سبتمبر 34;ابتدائي;33.707932;8.62225
16;قبلي;قبلي الشمالية;م.إ. طريق قابس;ابتدائي;33.71348;8.96933
16;قبلي;قبلي الشمالية;م.إ.  فج الريح;ابتدائي;33.735591;8.943644
16;قبلي;قبلي الشمالية;م.إ. الشهيد بن علي بطنبار;ابتدائي;33.735897;8.8925008
16;قبلي;قبلي الشمالية;م.إ.  الرابطة;ابتدائي;33.73414768146825;8.917373626950434
16;قبلي;قبلي الشمالية;م.إ. 15 أكتوبر;ابتدائي;33.6968521;8.9631664
16;قبلي;قبلي الشمالية;م.إ.  رضوان;ابتدائي;33.73881;9.23556
16;قبلي;قبلي الشمالية;م.إ.  مزرع ناجي;ابتدائي;33.7907808;9.306815
16;قبلي;قبلي الشمالية;م.إ. أم الفرث;ابتدائي;33.786569;9.237814
16;قبلي;قبلي الجنوبية;م.إ.  شارع بورقيبة ;ابتدائي;33.703271;8.974728
16;قبلي;قبلي الجنوبية;م.إ.  شارع الجمهورية ;ابتدائي;33.70247;8.97113
16;قبلي;قبلي الجنوبية;م.إ.  جمنة;ابتدائي;33.583243;9.013268
16;قبلي;قبلي الجنوبية;م.إ. بازمة1;ابتدائي;33.663629;9.0137459
16;قبلي;قبلي الجنوبية;م.إ.  بشلي;ابتدائي;33.61491;8.916812
16;قبلي;قبلي الجنوبية;م.إ.  البليدات;ابتدائي;33.580601;8.836864
16;قبلي;قبلي الجنوبية;م.إ.  الجرسين;ابتدائي;33.530951;8.826594
16;قبلي;قبلي الجنوبية;م.إ.  المساعيد;ابتدائي;33.6185482;8.9641225
16;قبلي;قبلي الجنوبية;م.إ. الرحمات;ابتدائي;33.64419;8.994285
16;قبلي;قبلي الجنوبية;م.إ. بني محمد;ابتدائي;33.573799999;8.887375
16;قبلي;قبلي الجنوبية;م.إ.  2 مارس 34 جنعورة ;ابتدائي;33.695923;8.982421
16;قبلي;قبلي الجنوبية;م.إ.  النجاح جمنة;ابتدائي;33.5619315;9.0136975
16;قبلي;قبلي الجنوبية;م.إ.  كلوامن;ابتدائي;33.591816;9.018176
16;قبلي;قبلي الجنوبية;م.إ. ابن خلدون بازمة 2;ابتدائي;33.666603;9.0175777
16;قبلي;قبلي الجنوبية;م.إ   البليدات  2  عمر ابن الخطاب;ابتدائي;33.57864;8.848231
16;قبلي;قبلي الجنوبية;م.إ  غليسية القدارة;ابتدائي;33.355568;8.541008
16;قبلي;قبلي الجنوبية;م.إ. البرغوثية;ابتدائي;33.603378;8.912898
16;قبلي;دوز الشمالية;م.إ.  2 مارس 34 دوز;ابتدائي;33.46575;9.0234364
16;قبلي;دوز الشمالية;م.إ.  القلعة;ابتدائي;33.285921;9.02751
16;قبلي;دوز الشمالية;م.إ. بن حمرون;ابتدائي;33.456795;9.637606
16;قبلي;دوز الشمالية;م.إ.  18 جانفي دوز;ابتدائي;33.460957;9.015435
16;قبلي;دوز الشمالية;م.إ. ابن عرفة دوز;ابتدائي;33.46552;9.03093
16;قبلي;دوز الشمالية;م.إ.  ابن خلدون القلعة;ابتدائي;33.482872;9.004836
16;قبلي;دوز الشمالية;م.إ.  العوينة1;ابتدائي;33.45031;9.0324494
16;قبلي;دوز الشمالية;م.إ.  العوينة 2;ابتدائي;33.4576963;9.0304615
16;قبلي;دوز الشمالية;م.إ. النجاح 2 القلعة;ابتدائي;33.489134;9.005056
16;قبلي;دوز الشمالية;م.إ.  أبو القاسم الشابي;ابتدائي;33.470708;9.018515
16;قبلي;دوز الشمالية;م.إ.  القلعة2;ابتدائي;33.2914124;9.05957
16;قبلي;دوز الجنوبية;م.إ. دوز الكبرى;ابتدائي;33.459753;9.021422
16;قبلي;دوز الجنوبية;م.إ.  نويل;ابتدائي;33.494151;8.66507
16;قبلي;دوز الجنوبية;م.إ. زعفران;ابتدائي;33.443399;8.91718
16;قبلي;دوز الجنوبية;م.إ.  غليسية;ابتدائي;33.437778;9.010493
16;قبلي;دوز الجنوبية;م.إ.  الحسي دوز;ابتدائي;33.44766;9.004443
16;قبلي;دوز الجنوبية;م.إ.  النجاح/ نويل الجنوبية;ابتدائي;33.487502;8.867203
16;قبلي;دوز الجنوبية;م.إ.  طريق الفوار الواحة;ابتدائي;33.453060;9.015435
16;قبلي;دوز الجنوبية;م.إ.  زعفران 2 ابن سينا;ابتدائي;33.44766;8.924253
16;قبلي;الفوار;م.إ.  الفوارالكبرى;ابتدائي;33.3631203;8.6856216
16;قبلي;الفوار;م.إ.  الصابرية;ابتدائي;33.35225;8.74575
16;قبلي;الفوار;م.إ.  غيدمة;ابتدائي;33.434697;8.8204541
16;قبلي;الفوار;م.إ.  بشني;ابتدائي;33.486311;8.792958
16;قبلي;الفوار;م.إ.  الهدى ;ابتدائي;33.356189;8.671749
16;قبلي;الفوار;م.إ.  الدرجين;ابتدائي;33.463245;8.719507
16;قبلي;الفوار;م.إ. الفوار الشمالية;ابتدائي;33.36632;8.673513
16;قبلي;الفوار;م.إ.  الفوار الجنوبية/المستقبل;ابتدائي;33.3502637;8.6763218
16;قبلي;الفوار;م.إ.  الصابرية الشرقية;ابتدائي;33.358002;8.453482
16;قبلي;رجيم معتوق;م.إ.  رجيم معتوق;ابتدائي;33.70194;8.97361
16;قبلي;رجيم معتوق;م.إ.  الفردوس;ابتدائي;33.235599;7.97403
16;قبلي;رجيم معتوق;م.إ.  المطروحة;ابتدائي;33.3480691;7.7852259
16;قبلي;رجيم معتوق;م.إ.  النصر 1 رجيم;ابتدائي;33.330204999;7.930285000
16;قبلي;رجيم معتوق;م.إ. الأمل رجيم معتوق;ابتدائي;33.3308999;7.8791237
16;قبلي;رجيم معتوق;م.إ. السلام رجيم معتوق;ابتدائي;33.3391568;7.821896
16;قبلي;سوق الأحد;م.إ.  2 مارس 34 سوق الأحد;ابتدائي;33.778933;8.851329
16;قبلي;سوق الأحد;م.إ.  أم الصمعة;ابتدائي;33.787801;8.811182
16;قبلي;سوق الأحد;م.إ. بشري;ابتدائي;33.791642;8.7746821
16;قبلي;سوق الأحد;م.إ.  فطناسة;ابتدائي;33.795119;8.754951
16;قبلي;سوق الأحد;م.إ.  نقة;ابتدائي;33.739427;8.838872
16;قبلي;سوق الأحد;م.إ.  زاوية العانس;ابتدائي;33.790061;8.798441
16;قبلي;سوق الأحد;م.إ. بوعبدالله;ابتدائي;33.78211;8.845744
16;قبلي;سوق الأحد;م.إ.  جزيرة الوحيشي;ابتدائي;33.774137;8.869992
16;قبلي;سوق الأحد;م.إ.  المنشية;ابتدائي;33.782111;8.86
16;قبلي;سوق الأحد;م.إ.  3 سبتمبر 34 بوعبدالله;ابتدائي;33.780934999;8.836422
16;قبلي;سوق الأحد;م.إ.  أم الصمعة الشرقية;ابتدائي;33.784387;8.820757
16;قبلي;سوق الأحد;م.إ. شوشة نقة;ابتدائي;33.3701675;8.8622999
16;قبلي;سوق الأحد;م.إ.  الأمل بشري2;ابتدائي;33.793788;8.77131
16;قبلي;سوق الأحد;م.إ.  النجاح / فطناسة الغربية;ابتدائي;33.795682;8.749801
16;قبلي;سوق الأحد;م.إ.  بوعبدالله الشمالية;ابتدائي;33.6812;8.4566
16;قبلي;سوق الأحد;م.إ.  زاوية الحرث;ابتدائي;33.787613;8.806259
17;تطاوين;تطاوين الشمالية;م.إ.  علي البلهوان;ابتدائي;32.93370;10.46035
17;تطاوين;تطاوين الشمالية;م.إ.  الطيب المهيري;ابتدائي;32.93024;10.45260
17;تطاوين;تطاوين الشمالية;م.إ. الريادة;ابتدائي;32.99244;10.45929
17;تطاوين;تطاوين الشمالية;م.إ.  بن جدو;ابتدائي;32.77210;10.49667
17;تطاوين;تطاوين الشمالية;م.إ.  القطار;ابتدائي;32.90628;10.55904
17;تطاوين;تطاوين الشمالية;م.إ.  قطوفة ;ابتدائي;32.90280;10.52579
17;تطاوين;تطاوين الشمالية;م.إ.  الزهرة ;ابتدائي;32.81715;10.56512
17;تطاوين;تطاوين الشمالية;م.إ.  غمادي;ابتدائي;32.88622;10.63245
17;تطاوين;تطاوين الشمالية;م.إ.  قصر أولاد سلطان;ابتدائي;32.79041;10.51809
17;تطاوين;تطاوين الشمالية;م.إ.  وادي الغار ;ابتدائي;32.9862053;10.5478637
17;تطاوين;تطاوين الشمالية;م.إ.  رمثة ;ابتدائي;32.73498;10.47765
17;تطاوين;تطاوين الشمالية;م.إ.  السعادة;ابتدائي;32.80293;10.67569
17;تطاوين;تطاوين الشمالية;م.إ.  قصر بحير;ابتدائي;32.97031;10.66243
17;تطاوين;تطاوين الشمالية;م.إ.  تاملست;ابتدائي;32.79113;10.47183
17;تطاوين;تطاوين الشمالية;م.إ.  تلالت ;ابتدائي;32.98463;10.38627
17;تطاوين;تطاوين الشمالية;م.إ.  20 مارس تطاوين;ابتدائي;32.93622;10.45535
17;تطاوين;تطاوين الشمالية;م.إ.  غرة جوان تطاوين;ابتدائي;32.93368;10.46000
17;تطاوين;تطاوين الشمالية;م.إ.  النجاح ;ابتدائي;32.94098;10.45782
17;تطاوين;تطاوين الشمالية;م.إ.  بني بلال القديمة ;ابتدائي;32.92096;10.53074
17;تطاوين;تطاوين الشمالية;م.إ.  مغيط;ابتدائي;32.77399;10.53568
17;تطاوين;تطاوين الشمالية;م.إ.  تامزوت ;ابتدائي;32.93506;10.47198
17;تطاوين;تطاوين الشمالية;م.إ. المعونة ;ابتدائي;33.02517;10.69675
17;تطاوين;تطاوين الشمالية;م.إ.  الحشانة ;ابتدائي;32.85132;10.64067
17;تطاوين;تطاوين الشمالية;م.إ.  بني احمد ;ابتدائي;32.92842;10.75851
17;تطاوين;تطاوين الشمالية;م.إ.  معاند;ابتدائي;32.82387;10.53072
17;تطاوين;تطاوين الشمالية;م.إ.  نهج قرطبة;ابتدائي;32.93008;10.45255
17;تطاوين;تطاوين الشمالية;م.إ.  حي برورمت ;ابتدائي;32.93070;10.44275
17;تطاوين;تطاوين الشمالية;م.إ. الحي الجديد ;ابتدائي;32.92421;10.46357
17;تطاوين;تطاوين الشمالية;م.إ. أبوالقاسم الشابي;ابتدائي;32.94693;10.46172
17;تطاوين;تطاوين الشمالية;م.إ.  الفرش الجنوبية ;ابتدائي;32.9540483;10.3698941
17;تطاوين;تطاوين الشمالية;م.إ.  القابل ;ابتدائي;32.77650;10.55833
17;تطاوين;تطاوين الشمالية;م.إ.  بني بلال الجديدة;ابتدائي;32.88828;10.53235
17;تطاوين;تطاوين الشمالية;م.إ. لبيطن;ابتدائي;32.77465;10.67070
17;تطاوين;تطاوين الشمالية;م.إ.  الجديدة;ابتدائي;32.81720;10.56974
17;تطاوين;تطاوين الشمالية;م.إ.   ابن خلدون;ابتدائي;32.92278;10.46676
17;تطاوين;تطاوين الشمالية;م.إ.  فريميسة;ابتدائي;32.79540;10.57114
17;تطاوين;تطاوين الشمالية;م.إ.  بني يخزر;ابتدائي;32.84713;10.56811
17;تطاوين;تطاوين الشمالية;م.إ.  2 مارس34 تطاوين;ابتدائي;32.91810;10.46469
17;تطاوين;تطاوين الشمالية;م.إ.  الزهرة الجديدة ;ابتدائي;32.82791;10.62283
17;تطاوين;تطاوين الشمالية;م.إ.  العهد الجديد ;ابتدائي;32.95041;10.47072
17;تطاوين;تطاوين الجنوبية;م.إ. شارع بورقيبة;ابتدائي;32.9297458;10.4495317
17;تطاوين;تطاوين الجنوبية;م.إ.  الرقبة ;ابتدائي;32.90659;10.42349
17;تطاوين;تطاوين الجنوبية;م.إ.  المزطورية الجنوبية ;ابتدائي;32.84786;10.47558
17;تطاوين;تطاوين الجنوبية;م.إ.  قصر أولاد دباب;ابتدائي;32.87379;10.38253
17;تطاوين;تطاوين الجنوبية;م.إ.  الدويرات ;ابتدائي;32.85827;10.28743
17;تطاوين;تطاوين الجنوبية;م.إ.  رأس الوادي ;ابتدائي;32.76957;10.25737
17;تطاوين;تطاوين الجنوبية;م.إ.  شنني القديمة ;ابتدائي;32.91074;10.26012
17;تطاوين;تطاوين الجنوبية;م.إ.  بئر ثلاثين;ابتدائي;32.69501;10.33046
17;تطاوين;تطاوين الجنوبية;م.إ.  غرغار ;ابتدائي;32.91164;10.44219
17;تطاوين;تطاوين الجنوبية;م.إ.  قصر المقابلة ;ابتدائي;32.92504;10.42883
17;تطاوين;تطاوين الجنوبية;م.إ.  شارع فرحات حشاد ;ابتدائي;32.92981;10.44921
17;تطاوين;تطاوين الجنوبية;م.إ. حي البر;ابتدائي;32.91929;10.43276
17;تطاوين;تطاوين الجنوبية;م.إ.  شنني الجديدة ;ابتدائي;32.91312;10.27947
17;تطاوين;تطاوين الجنوبية;م.إ.  الهداية ;ابتدائي;32.90096;10.42397
17;تطاوين;تطاوين الجنوبية;م.إ. المزطورية الشمالية ;ابتدائي;32.86415;10.47460
17;تطاوين;تطاوين الجنوبية;م.إ.  الفلاح ;ابتدائي;32.91010;10.42843
17;تطاوين;تطاوين الجنوبية;م.إ.  الرجاء;ابتدائي;32.88234;10.38578
17;تطاوين;تطاوين الجنوبية;م.إ.  تونكت ;ابتدائي;32.87514;10.48514
17;تطاوين;تطاوين الجنوبية;م.إ.  وادي بياش ;ابتدائي;32.91639;10.41935
17;تطاوين;تطاوين الجنوبية;م.إ.  الانطلاقة;ابتدائي;32.91285;10.46220
17;تطاوين;غمراسن;م.إ.  شارع بورقيبة ;ابتدائي;33.05948;10.33512
17;تطاوين;غمراسن;م.إ. ابن عرفة ;ابتدائي;33.05818;10.33822
17;تطاوين;غمراسن;م.إ. الحدادة;ابتدائي;33.09883;10.31355
17;تطاوين;غمراسن;م.إ.  الفرش الشمالية ;ابتدائي;32.97612;10.34840
17;تطاوين;غمراسن;م.إ.  قرماسة ;ابتدائي;32.9839157;10.2620419
17;تطاوين;غمراسن;م.إ. قصر المرابطين ;ابتدائي;33.02603;10.38499
17;تطاوين;غمراسن;م.إ. الحرية ;ابتدائي;33.05390;10.40885
17;تطاوين;غمراسن;م.إ.  وادي الخيل ;ابتدائي;33.16195;10.35030
17;تطاوين;غمراسن;م.إ.  2 مارس 1934 غمراسن;ابتدائي;33.0660918;10.3194522
17;تطاوين;غمراسن;م.إ. النصر ;ابتدائي;33.06555;10.36573
17;تطاوين;غمراسن;م.إ.  المظيلة;ابتدائي;33.01694;10.33679
17;تطاوين;غمراسن;م.إ.  غرة جوان ;ابتدائي;33.05973;10.33482
17;تطاوين;غمراسن;م.إ.  حسن بن جمعة ;ابتدائي;33.05468;10.33567
17;تطاوين;غمراسن;م.إ. المزدلفة ;ابتدائي;33.05598;10.32043
17;تطاوين;غمراسن;م.إ. حي السالمي ;ابتدائي;33.03131;10.43939
17;تطاوين;رمادة;م.إ.  البشير النبهاني ;ابتدائي;32.31461;10.39591
17;تطاوين;رمادة;م.إ. نكريف ;ابتدائي;32.1327271;10.4638653
17;تطاوين;رمادة;م.إ.  كمبوت ;ابتدائي;32.29819;10.30838
17;تطاوين;رمادة;م.إ.  بئر عمير ;ابتدائي;32.60173;10.15016
17;تطاوين;رمادة;م.إ.  برج بورقيبة ;ابتدائي;32.20770;10.03080
17;تطاوين;رمادة;م.إ.  2 مارس 1934 رمادة;ابتدائي;32.31950;10.40109
17;تطاوين;رمادة;م.إ. مغني ;ابتدائي;32.20189;10.66784
17;تطاوين;رمادة;م.إ. العشوش ;ابتدائي;32.35615;10.37434
17;تطاوين;رمادة;م.إ.  الطاهر بوضرع ;ابتدائي;32.31581;10.39004
17;تطاوين;السمار;م.إ.  2 مارس 1934 الصمار;ابتدائي;32.99383;10.82295
17;تطاوين;السمار;م.إ.  كرشاو;ابتدائي;33.0315743;10.7950557
17;تطاوين;السمار;م.إ.  الغرياني ;ابتدائي;32.99882;10.90687
17;تطاوين;السمار;م.إ.  قلب الرخم ;ابتدائي;32.97637;10.76008
17;تطاوين;السمار;م.إ.  حي الثكنة ;ابتدائي;33.00459;10.82637
17;تطاوين;بني مهيرة;م.إ.  بني مهيرة ;ابتدائي;32.8709636;10.8220984
17;تطاوين;بني مهيرة;م.إ.  قصر عون ;ابتدائي;32.87037;10.88666
17;تطاوين;بني مهيرة;م.إ.  المرة ;ابتدائي;32.81489;11.09448
17;تطاوين;بني مهيرة;م.إ.  الرهاش ;ابتدائي;32.9177928;10.8261182
17;تطاوين;بني مهيرة;م.إ.  راس الوادي;ابتدائي;32.9043505;10.7949582
17;تطاوين;بني مهيرة;م.إ.  قرعات هلال ;ابتدائي;32.79577;11.03769
17;تطاوين;بني مهيرة;م.إ.  بني مهيرة الجديدة;ابتدائي;32.86126;10.81302
17;تطاوين;البئر الأحمر;م.إ.  2 مارس 1934البئر الاحمر;ابتدائي;33.17865;10.43983
17;تطاوين;البئر الأحمر;م.إ.  قصر اولاد بوبكر;ابتدائي;33.14877;10.44998
17;تطاوين;البئر الأحمر;م.إ.  وادي قراقر ;ابتدائي;33.12193;10.40965
17;تطاوين;البئر الأحمر;م.إ.  ودي العرفج ;ابتدائي;33.17817;10.47986
17;تطاوين;البئر الأحمر;م.إ.  العرقوب;ابتدائي;33.11013;10.35722
17;تطاوين;البئر الأحمر;م.إ.  البساتين;ابتدائي;33.19036;10.45167
17;تطاوين;البئر الأحمر;م.إ. ابو القاسم الشابي;ابتدائي;33.1776411;10.4253045
17;تطاوين;البئر الأحمر;م.إ.  حي النور;ابتدائي;33.17888;10.45521
17;تطاوين;البئر الأحمر;م.إ.  السند ;ابتدائي;33.17143;10.43725
17;تطاوين;الذهيبة;م.إ.  2 مارس 1934 ذهيبة;ابتدائي;32.00884;10.70156
17;تطاوين;الذهيبة;م.إ.  ذهيبة الغربية;ابتدائي;32.01244;10.69156
18;مدنين;مدنين الجنوبية;م.إ.  تاجرجمت;ابتدائي;33.59051;10.70126
18;مدنين;مدنين الجنوبية;م.إ.  الحلفاوي;ابتدائي;33.59962;10.65194
18;مدنين;مدنين الجنوبية;م.إ. 2 مارس 1934 مدنين;ابتدائي;33.34469;10.49259
18;مدنين;مدنين الجنوبية;م.إ. قرار بوغرارة;ابتدائي;33.56280;10.63862
18;مدنين;مدنين الجنوبية;م.إ.  طريق تطاوين;ابتدائي;33.33701;10.48644
18;مدنين;مدنين الجنوبية;م.إ.  بوغرارة;ابتدائي;33.53910;10.67854
18;مدنين;مدنين الجنوبية;م.إ.  حسي عمر;ابتدائي;33.36340;10.61842
18;مدنين;مدنين الجنوبية;م.إ.  الحرية;ابتدائي;33.53939;10.64618
18;مدنين;مدنين الجنوبية;م.إ.  السمار;ابتدائي;33.41432;10.60884
18;مدنين;مدنين الجنوبية;م.إ. حسي مدنين;ابتدائي;33.37501;10.54531
18;مدنين;مدنين الجنوبية;م.إ.  اللبة;ابتدائي;33.31310;10.52306
18;مدنين;مدنين الجنوبية;م.إ. العياطي;ابتدائي;33.62201;10.71699
18;مدنين;مدنين الجنوبية;م.إ.  السويطير;ابتدائي;33.37381;10.69318
18;مدنين;مدنين الجنوبية;م.إ. وادي السدر;ابتدائي;33.32862;10.68694
18;مدنين;مدنين الجنوبية;م.إ.  الدرغولية;ابتدائي;33.39129;10.63933
18;مدنين;مدنين الجنوبية;م.إ.  نهج المهيري;ابتدائي;33.33662;10.49532
18;مدنين;مدنين الجنوبية;م.إ. الرجاء ;ابتدائي;33.35478;10.50498
18;مدنين;مدنين الجنوبية;م.إ.  وادي الطعام;ابتدائي;33.29225;10.58884
18;مدنين;مدنين الجنوبية;م.إ. حي الحبيب ;ابتدائي;33.32752;10.48542
18;مدنين;مدنين الجنوبية;م.إ.  عمرة الجديدة;ابتدائي;33.43117;10.56583
18;مدنين;مدنين الجنوبية;م.إ.  الصنم;ابتدائي;33.31703;10.61459
18;مدنين;مدنين الجنوبية;م.إ.  النصر الحي الصناعي ;ابتدائي;33.33918;10.50671
18;مدنين;مدنين الجنوبية;م.إ.  9 افريل مدنين;ابتدائي;33.35588;10.54381
18;مدنين;مدنين الجنوبية;م.إ.  قرار بن مغلية;ابتدائي;33.37861;10.58745
18;مدنين;مدنين الجنوبية;م.إ.  حسي ضيف الله;ابتدائي;33.32861;10.54262
18;مدنين;مدنين الجنوبية;م.إ. الفرجانية;ابتدائي;33.43908;10.62088
18;مدنين;مدنين الجنوبية;م.إ.  حي مارس;ابتدائي;33.31868;10.49992
18;مدنين;مدنين الجنوبية;م.إ. حسي الجليدي;ابتدائي;33.35950;10.58741
18;مدنين;مدنين الجنوبية;م.إ.  شعاب الربايع;ابتدائي;33.51093;10.65692
18;مدنين;مدنين الجنوبية;م.إ. علاّمات حسي عمر;ابتدائي;33.36550;10.64840
18;مدنين;مدنين الجنوبية;م.إ.  حسي الحداد;ابتدائي;33.34323;10.63095
18;مدنين;مدنين الجنوبية;م.إ.  حي طليق بوغرارة;ابتدائي;33.55361;10.65726
18;مدنين;مدنين الجنوبية;م.إ. بوغرارة 2;ابتدائي;33.55936;10.67166
18;مدنين;مدنين الجنوبية;م.إ.  حي هلال;ابتدائي;33.43984;10.65030
18;مدنين;مدنين الجنوبية;م.إ.  حي النسيم;ابتدائي;33.34708;10.50259
18;مدنين;مدنين الشمالية;م.إ.  طريق بني خداش;ابتدائي;33.34615;10.48408
18;مدنين;مدنين الشمالية;م.إ.  طريق قابس;ابتدائي;33.34910;10.48789
18;مدنين;مدنين الشمالية;م.إ. نهج الشابي ;ابتدائي;33.32714;10.48580
18;مدنين;مدنين الشمالية;م.إ.  ام التمر;ابتدائي;33.37107;10.43809
18;مدنين;مدنين الشمالية;م.إ.  الرويس;ابتدائي;33.25539;10.24509
18;مدنين;مدنين الشمالية;م.إ. بني غزيل;ابتدائي;33.27123;10.43939
18;مدنين;مدنين الشمالية;م.إ. علاّمات المشلوش;ابتدائي;33.39600;10.32751
18;مدنين;مدنين الشمالية;م.إ.  بئر البصير;ابتدائي;33.49069;10.34205
18;مدنين;مدنين الشمالية;م.إ.  ابن خلدون;ابتدائي;33.35913;10.47376
18;مدنين;مدنين الشمالية;م.إ.  الصايخة;ابتدائي;33.41103;10.28554
18;مدنين;مدنين الشمالية;م.إ.  النجاح;ابتدائي;33.35788;10.49116
18;مدنين;مدنين الشمالية;م.إ.  مصباح الجربوع;ابتدائي;33.34041;10.47270
18;مدنين;مدنين الشمالية;م.إ.  بورملي 2;ابتدائي;33.45141;10.31816
18;مدنين;مدنين الشمالية;م.إ. حي النور;ابتدائي;33.33159;10.48483
18;مدنين;مدنين الشمالية;م.إ. حي الجندلي;ابتدائي;33.38481;10.51602
18;مدنين;مدنين الشمالية;م.إ.  الامل مدنين;ابتدائي;33.35687;10.46933
18;مدنين;مدنين الشمالية;م.إ.حي النور 2;ابتدائي;33.34669;10.40141
18;مدنين;مدنين الشمالية;م.إ.  التفوق;ابتدائي;33.37048;10.46911
18;مدنين;مدنين الشمالية;م.إ. طارق ابن زياد;ابتدائي;33.21415;10.27022
18;مدنين;#N/A;م.إ.  حي الجراي;ابتدائي;33.1858;10.2836
18;مدنين;سيدي مخلوف;م.إ.  عمرة القديمة;ابتدائي;33.40281;10.53171
18;مدنين;سيدي مخلوف;م.إ.  2 مارس 34 سيدي مخلوف;ابتدائي;33.50687;10.48096
18;مدنين;سيدي مخلوف;م.إ.  كوتين;ابتدائي;33.45946;10.37299
18;مدنين;سيدي مخلوف;م.إ.  القصبات;ابتدائي;33.51431;10.40147
18;مدنين;سيدي مخلوف;م.إ.  الراقوبة الشرقية;ابتدائي;33.45712;10.43486
18;مدنين;سيدي مخلوف;م.إ.  المغراوية;ابتدائي;33.64757;10.61583
18;مدنين;سيدي مخلوف;م.إ.  الجرف تماسنت;ابتدائي;33.68839;10.70605
18;مدنين;سيدي مخلوف;م.إ.  بدوي;ابتدائي;33.49827;10.54214
18;مدنين;سيدي مخلوف;م.إ.  الصعدان;ابتدائي;33.46988;10.61711
18;مدنين;سيدي مخلوف;م.إ.  القرين;ابتدائي;33.61429;10.51570
18;مدنين;سيدي مخلوف;م.إ. شعبة صالي;ابتدائي;33.23380;10.29351
18;مدنين;سيدي مخلوف;م.إ.  دروج الغربية;ابتدائي;33.68796;10.73098
18;مدنين;سيدي مخلوف;م.إ.  الراقوبة الغربية;ابتدائي;33.45042;10.40961
18;مدنين;سيدي مخلوف;م.إ.  البياز;ابتدائي;33.41457;10.45809
18;مدنين;سيدي مخلوف;م.إ. 9أفريل 1938سيدي مخلوف;ابتدائي;33.54993;10.49304
18;مدنين;سيدي مخلوف;م.إ.  وادي موسى;ابتدائي;33.48155;10.38496
18;مدنين;سيدي مخلوف;م.إ.  الغباي;ابتدائي;33.43545;10.46797
18;مدنين;سيدي مخلوف;م.إ.  ابن سينا ;ابتدائي;33.42525;10.50649
18;مدنين;سيدي مخلوف;م.إ.  خضير;ابتدائي;33.68650;10.73202
18;مدنين;سيدي مخلوف;م.إ.  دروج الشرقية;ابتدائي;33.53442;10.46744
18;مدنين;سيدي مخلوف;م.إ.  راس واد دروج;ابتدائي;33.48763;10.44326
18;مدنين;سيدي مخلوف;م.إ.  القصيبة;ابتدائي;33.38428;10.41576
18;مدنين;سيدي مخلوف;م.إ.  ام حسن;ابتدائي;33.61754;10.58156
18;مدنين;سيدي مخلوف;م.إ.  راس وادي الغباي;ابتدائي;33.42542;10.43737
18;مدنين;سيدي مخلوف;م.إ.  هنشير غزال;ابتدائي;33.65975;10.64992
18;مدنين;سيدي مخلوف;م.إ.  البريكات;ابتدائي;33.47459;10.41476
18;مدنين;سيدي مخلوف;م.إ.  القصبة الشرقية;ابتدائي;33.52125;10.41507
18;مدنين;بني خداش;م.إ.  2مارس34 نهج المنجي سليم بني خد;ابتدائي;33.25285;10.19917
18;مدنين;بني خداش;م.إ.  القصر الجديد;ابتدائي;33.30175;10.29631
18;مدنين;بني خداش;م.إ.  حلق الجمل;ابتدائي;33.40497;10.19659
18;مدنين;بني خداش;م.إ.  قصر الحلوف;ابتدائي;33.29136;10.15532
18;مدنين;بني خداش;م.إ.  قصر الجراء;ابتدائي;33.14522;10.22719
18;مدنين;بني خداش;م.إ.  قصرالمحاضة;ابتدائي;33.20976;10.18659
18;مدنين;بني خداش;م.إ.  آبار الخيل;ابتدائي;33.18966;10.28805
18;مدنين;بني خداش;م.إ.  قصر الجوامع;ابتدائي;33.25419;10.25409
18;مدنين;بني خداش;م.إ. الشوامخ;ابتدائي;33.37519;10.17735
18;مدنين;بني خداش;م.إ.  الفجيج;ابتدائي;33.22214;10.15815
18;مدنين;بني خداش;م.إ.  البطومة;ابتدائي;33.35297;10.21123
18;مدنين;بني خداش;م.إ.  البحيرة;ابتدائي;33.31604;10.22548
18;مدنين;بني خداش;م.إ.  ورجيجن;ابتدائي;33.21147;10.36198
18;مدنين;بني خداش;م.إ. منزلة مقر;ابتدائي;33.31767;10.22556
18;مدنين;بني خداش;م.إ.  هنشير الماجل;ابتدائي;33.33108;10.30673
18;مدنين;بني خداش;م.إ.  المظهار;ابتدائي;33.27092;10.12609
18;مدنين;بني خداش;م.إ.  القطار;ابتدائي;33.30116;10.25888
18;مدنين;بني خداش;م.إ.  الدخيلة;ابتدائي;33.26549;10.32633
18;مدنين;بني خداش;م.إ.  وجه اللغاء;ابتدائي;33.20902;10.18660
18;مدنين;بني خداش;م.إ.  سيدي منصور;ابتدائي;33.24414;10.20352
18;مدنين;بني خداش;م.إ. دمر;ابتدائي;33.27568;10.22515
18;مدنين;بني خداش;م.إ.  عزيزة;ابتدائي;33.18721;10.13226
18;مدنين;بني خداش;م.إ.  قصر الخراشفة;ابتدائي;33.18047;10.25359
18;مدنين;بني خداش;م.إ.  القصبة;ابتدائي;33.28592;10.19481
18;مدنين;بني خداش;م.إ.  البقباق;ابتدائي;33.20978;10.41614
18;مدنين;بني خداش;م.إ. البنية;ابتدائي;33.18539;10.17204
18;مدنين;بني خداش;م.إ.  الخير;ابتدائي;33.24917;10.15073
18;مدنين;بني خداش;م.إ.  دخيلة سطوط;ابتدائي;33.32084;10.26269
18;مدنين;بني خداش;م.إ.  قمانة;ابتدائي;33.24031;10.23904
18;مدنين;بني خداش;م.إ.  قليب ذياب;ابتدائي;33.16517;10.21497
18;مدنين;بني خداش;م.إ.  شعبة فاضل;ابتدائي;33.13370;10.20343
18;مدنين;بن قردان;م.إ.  نهج المهيري ;ابتدائي;33.13938;11.21546
18;مدنين;بن قردان;م.إ.  طريق المستشفى;ابتدائي;33.13361;11.22138
18;مدنين;بن قردان;م.إ.  جلال;ابتدائي;33.13642;11.17234
18;مدنين;بن قردان;م.إ.  المعمرات;ابتدائي;33.11568;11.22944
18;مدنين;بن قردان;م.إ.  الطابعي;ابتدائي;33.12529;11.20456
18;مدنين;بن قردان;م.إ.  جميلة القديمة;ابتدائي;33.15493;11.28152
18;مدنين;بن قردان;م.إ.  الوراسنية;ابتدائي;33.16329;11.16493
18;مدنين;بن قردان;م.إ.  الشهبانية;ابتدائي;33.25370;10.83644
18;مدنين;بن قردان;م.إ.  شارب الراجل;ابتدائي;33.17182;11.20210
18;مدنين;بن قردان;م.إ.  الصياح;ابتدائي;33.16652;11.23436
18;مدنين;بن قردان;م.إ.  بئر السلوقي;ابتدائي;33.08480;11.20049
18;مدنين;بن قردان;م.إ.  بوحامـــــد;ابتدائي;33.30342;10.73847
18;مدنين;بن قردان;م.إ.  بنيرى;ابتدائي;33.08675;11.25173
18;مدنين;بن قردان;م.إ.  شارع المنجي سليم;ابتدائي;33.13958;11.21593
18;مدنين;بن قردان;م.إ.  2مارس34بنقردان;ابتدائي;33.11217;11.20791
18;مدنين;بن قردان;م.إ.  طريق المرسى;ابتدائي;33.15138;11.21377
18;مدنين;بن قردان;م.إ.  الخروبة;ابتدائي;33.12280;11.18076
18;مدنين;بن قردان;م.إ.  جميلة الجديدة;ابتدائي;33.13305;11.26812
18;مدنين;بن قردان;م.إ.  اولاد هلال;ابتدائي;33.07253;11.23693
18;مدنين;بن قردان;م.إ.  وادي الربايع;ابتدائي;33.20083;10.94225
18;مدنين;بن قردان;م.إ.  ابن الهيثم;ابتدائي;33.13960;11.23482
18;مدنين;بن قردان;م.إ.  حسي النور;ابتدائي;33.27250;10.80384
18;مدنين;بن قردان;م.إ.  النفاتية;ابتدائي;33.23936;10.86989
18;مدنين;بن قردان;م.إ.  الامل ;ابتدائي;33.13525;11.20106
18;مدنين;بن قردان;م.إ.  18جانفي بنقردان;ابتدائي;33.12496;11.22295
18;مدنين;بن قردان;م.إ.  الصياح الشرقية;ابتدائي;33.15618;11.27998
18;مدنين;بن قردان;م.إ.  جلال الشابي ;ابتدائي;33.13724;11.18897
18;مدنين;بن قردان;م.إ.  النجاح;ابتدائي;33.13555;11.14506
18;مدنين;بن قردان;م.إ.  الهداية ;ابتدائي;33.15252;11.18837
18;مدنين;بن قردان;م.إ.  الطابعي 2;ابتدائي;33.10910;11.18955
18;مدنين;بن قردان;م.إ.  حي الخياري;ابتدائي;33.15921;11.19736
18;مدنين;بن قردان;م.إ.  حي عوين;ابتدائي;33.17042;11.18377
18;مدنين;بن قردان;م.إ.  هنشير مزطورة;ابتدائي;33.10743;11.17200
18;مدنين;بن قردان;م.إ.  المثابرة;ابتدائي;33.15278;11.22959
18;مدنين;بن قردان;م.إ. حي الشارة;ابتدائي;33.11651;11.25243
18;مدنين;بن قردان;م.إ. إبن خلدون;ابتدائي;33.12460;11.16380
18;مدنين;بن قردان;م.إ.حي النجاح 1;ابتدائي;33.13906;11.20664
18;مدنين;بن قردان;م.إ. حي الشواوطة;ابتدائي;33.09000;11.16000
18;مدنين;بن قردان;م.إ   ابن سينا جلال;ابتدائي;33.83964;11.10506
18;مدنين;بن قردان;م.إ حي الشاطئ;ابتدائي;33.19136;11.20437
18;مدنين;بن قردان;م.إ. جميلة الوسطى;ابتدائي;33.14114;11.28471
18;مدنين;بن قردان;م.إ. هنشير حواشي;ابتدائي;33.0995363;11.2150858
18;مدنين;جرجيس;م.إ.  شارع بورقيبة ;ابتدائي;33.50177;11.11014
18;مدنين;جرجيس;م.إ.  2 مارس 34 - ساحة الشباب ;ابتدائي;33.50437;11.10948
18;مدنين;جرجيس;م.إ.   الموانسة;ابتدائي;33.50362;11.08405
18;مدنين;جرجيس;م.إ.  حمادي;ابتدائي;33.49060;11.06772
18;مدنين;جرجيس;م.إ.  قصر أولاد سعيد;ابتدائي;33.51641;11.10204
18;مدنين;جرجيس;م.إ.  حمادي القبلي;ابتدائي;33.48401;11.08167
18;مدنين;جرجيس;م.إ.  حسي الجربي;ابتدائي;33.61597;11.02417
18;مدنين;جرجيس;م.إ.  السواقي;ابتدائي;33.50351;11.06346
18;مدنين;جرجيس;م.إ.  سيدي شماخ;ابتدائي;33.59116;11.02481
18;مدنين;جرجيس;م.إ.  قصر الزاوية;ابتدائي;33.51763;11.11213
18;مدنين;جرجيس;م.إ.  صانغو;ابتدائي;33.57049;11.09234
18;مدنين;جرجيس;م.إ.  شكيربان;ابتدائي;33.48616;11.09351
18;مدنين;جرجيس;م.إ.  رأس الظهرة;ابتدائي;33.51971;11.08111
18;مدنين;جرجيس;م.إ.  الصحبي;ابتدائي;33.51008;11.07307
18;مدنين;جرجيس;م.إ.  القريبيس;ابتدائي;33.55427;10.98001
18;مدنين;جرجيس;م.إ.  خوي الغدير;ابتدائي;33.53195;10.99463
18;مدنين;جرجيس;م.إ.  الغرابات;ابتدائي;33.39548;10.79312
18;مدنين;جرجيس;م.إ.  البيبان;ابتدائي;33.28117;11.28722
18;مدنين;جرجيس;م.إ.  خلف الله;ابتدائي;33.44210;10.92255
18;مدنين;جرجيس;م.إ.  الحسيان;ابتدائي;33.47360;11.07474
18;مدنين;جرجيس;م.إ.  البساتين ;ابتدائي;33.52794;11.09235
18;مدنين;جرجيس;م.إ.  شارع محمد الخامس;ابتدائي;33.50460;11.10941
18;مدنين;جرجيس;م.إ.  السويحل;ابتدائي;33.54690;11.10343
18;مدنين;جرجيس;م.إ.  الرصيفات;ابتدائي;33.55219;10.94407
18;مدنين;جرجيس;م.إ.  واد عبد النبي;ابتدائي;33.53139;11.11117
18;مدنين;جرجيس;م.إ.  غرة جوان الموانسة;ابتدائي;33.50368;11.08751
18;مدنين;جرجيس;م.إ.  حي الحبيب حسي الجربي;ابتدائي;33.60795;11.04322
18;مدنين;جرجيس;م.إ. الاخيات ;ابتدائي;33.50518;11.09765
18;مدنين;جرجيس;م.إ. المراتحية;ابتدائي;33.55184;10.99613
18;مدنين;جرجيس;م.إ. حمادي الهشام;ابتدائي;33.49171;11.06702
18;مدنين;جرجيس;م.إ.  حسي الجربي الغربي;ابتدائي;33.61593;11.01089
18;مدنين;جرجيس;م.إ.  الطاهر صفر ;ابتدائي;33.50560;11.11053
18;مدنين;جرجيس;م.إ.  رأس الظهرة الغربي;ابتدائي;33.51470;11.09010
18;مدنين;جرجيس;م.إ.  البياضة;ابتدائي;33.49332;11.04785
18;مدنين;جرجيس;م.إ.  ابن عرفة;ابتدائي;33.50062;11.08250
18;مدنين;جرجيس;م.إ.   النور;ابتدائي;33.36040;11.01163
18;مدنين;جرجيس;م.إ.مالك أبن أنس;ابتدائي;33.30174;11.05564
18;مدنين;حومة السوق;م.إ.  شارع بورقيبة جربة;ابتدائي;33.52469;10.51300
18;مدنين;حومة السوق;م.إ.  حي تاوريت;ابتدائي;33.87645;10.86433
18;مدنين;حومة السوق;م.إ.  2 مارس 34 بوملال;ابتدائي;33.87575;10.84991
18;مدنين;حومة السوق;م.إ.  الرياض;ابتدائي;33.82298;10.85641
18;مدنين;حومة السوق;م.إ.  صدغيان;ابتدائي;33.82539;10.92092
18;مدنين;حومة السوق;م.إ.  مليتة المركز;ابتدائي;33.86277;10.80950
18;مدنين;حومة السوق;م.إ.  والغ;ابتدائي;33.83078;10.87658
18;مدنين;حومة السوق;م.إ.  القشعيين;ابتدائي;33.82888;10.90863
18;مدنين;حومة السوق;م.إ.  حومة الأرباح;ابتدائي;33.80653;10.85062
18;مدنين;حومة السوق;م.إ.  غيزن;ابتدائي;33.85860;10.92940
18;مدنين;حومة السوق;م.إ.  الحشان;ابتدائي;33.85161;10.83566
18;مدنين;حومة السوق;م.إ.  مزراية;ابتدائي;33.84985;10.95497
18;مدنين;حومة السوق;م.إ.  بازيم;ابتدائي;33.82470;10.80629
18;مدنين;حومة السوق;م.إ.  فاتو النور;ابتدائي;33.86799;10.88834
18;مدنين;حومة السوق;م.إ.  السواني;ابتدائي;33.86808;10.86775
18;مدنين;حومة السوق;م.إ.  بني باندو جربة;ابتدائي;33.88126;10.83955
18;مدنين;حومة السوق;م.إ.  حومة القايد;ابتدائي;33.81884;10.94684
18;مدنين;حومة السوق;م.إ.  مفيدة بورقيبة;ابتدائي;33.86975;10.85725
18;مدنين;حومة السوق;م.إ.  سيدي زايد;ابتدائي;33.87634;10.88141
18;مدنين;حومة السوق;م.إ.  المرقان;ابتدائي;33.85441;10.78377
18;مدنين;حومة السوق;م.إ. ابن رشد - بركوك ;ابتدائي;33.84899;10.85520
18;مدنين;حومة السوق;م.إ. مليتة الجديدة;ابتدائي;33.87369;10.80088
18;مدنين;حومة السوق;م.إ.  الفوز طريق المطار;ابتدائي;33.52997;10.50595
18;مدنين;حومة السوق;م.إ. مجين- الأمل;ابتدائي;33.81761;10.83369
18;مدنين;حومة السوق;م.إ.  الرياض الجديدة;ابتدائي;33.81558;10.85805
18;مدنين;حومة السوق;م.إ.  بومخيل- العهد الجديد;ابتدائي;33.83512;10.89036
18;مدنين;حومة السوق;م.إ.  حي تاوريت 2;ابتدائي;33.51460;10.51581
18;مدنين;أجيم;م.إ.  2 مارس 34 آجيم;ابتدائي;33.72484;10.75072
18;مدنين;أجيم;م.إ.  قلالة;ابتدائي;33.72703;10.85666
18;مدنين;أجيم;م.إ.  الخنانسة;ابتدائي;33.75702;10.79247
18;مدنين;أجيم;م.إ. واد الزبيب;ابتدائي;33.78245;10.82651
18;مدنين;أجيم;م.إ.  السرندي;ابتدائي;33.77604;10.82743
18;مدنين;أجيم;م.إ.  المثانية;ابتدائي;33.72741;10.76951
18;مدنين;أجيم;م.إ.  القرع;ابتدائي;33.80863;10.78998
18;مدنين;أجيم;م.إ.  تلات;ابتدائي;33.74421;10.84703
18;مدنين;أجيم;م.إ.  مزران;ابتدائي;33.76779;10.76151
18;مدنين;أجيم;م.إ.  الفاهمين;ابتدائي;33.71919;10.86304
18;مدنين;أجيم;م.إ.  غرة جوان آجيم;ابتدائي;33.73563;10.74977
18;مدنين;أجيم;م.إ.  9 أفريل آجيم;ابتدائي;33.71608;10.76094
18;مدنين;ميدون;م.إ. الماي;ابتدائي;33.80016;10.88357
18;مدنين;ميدون;م.إ.  المحبوبين;ابتدائي;33.79288;10.96105
18;مدنين;ميدون;م.إ.  سدويكش;ابتدائي;33.74263;10.91946
18;مدنين;ميدون;م.إ.  2 مارس 34 ميدون;ابتدائي;33.80655;10.99204
18;مدنين;ميدون;م.إ.  ربانة;ابتدائي;33.77431;10.89484
18;مدنين;ميدون;م.إ.  آركو;ابتدائي;33.78421;11.02225
18;مدنين;ميدون;م.إ. بني معقل;ابتدائي;33.75931;10.95222
18;مدنين;ميدون;م.إ.  أولاد عمر;ابتدائي;33.83461;10.98004
18;مدنين;ميدون;م.إ.  خزرون;ابتدائي;33.81407;10.96444
18;مدنين;ميدون;م.إ.  الحزم;ابتدائي;33.79022;10.92584
18;مدنين;ميدون;م.إ.  ورسيغن;ابتدائي;33.73184;10.88815
18;مدنين;ميدون;م.إ.  سيدي ياتي;ابتدائي;33.81538;11.01644
18;مدنين;ميدون;م.إ. تالبت ميدون;ابتدائي;33.71235;10.92341
18;مدنين;ميدون;م.إ.  15 أكتوبر ميدون;ابتدائي;33.82189;10.98809
18;مدنين;ميدون;م.إ.  الحدادة ;ابتدائي;33.79050;11.03978
18;مدنين;ميدون;م.إ.  تملال ;ابتدائي;33.80139;11.00676
18;مدنين;ميدون;م.إ.  المحراب;ابتدائي;33.79588;10.94246
18;مدنين;ميدون;م.إ. الادريسي ( الماي  سابقا)2;ابتدائي;33.79804;10.89823
18;مدنين;ميدون;م.إ.  وادي أمغارالأمل;ابتدائي;33.78479;10.86781
18;مدنين;ميدون;م.إ.  تازيري;ابتدائي;33.74065;10.91046
18;مدنين;ميدون;م.إ. الشبابية;ابتدائي;33.76626;10.98328
18;مدنين;ميدون;م.إ. ميدون;ابتدائي;33.46003;10.58582
18;مدنين;#N/A;م.إ.  ابن خلدون ;ابتدائي;33.793235;10.978952
19;قابس;قابس المدينة;م.إ.  شارع بورقيبة;ابتدائي;33.88793;10.10070
19;قابس;قابس المدينة;م.إ.  الريادة نهج جمال عبد الناصر;ابتدائي;33.87707;10.09310
19;قابس;قابس المدينة;م.إ.  نهج علي الجمل ;ابتدائي;33.88699;10.09618
19;قابس;قابس المدينة;م.إ.  الفوز- نهج البشير الجزيري;ابتدائي;33.88381;10.09190
19;قابس;قابس المدينة;م.إ.  محمد علي  ;ابتدائي;33.87758;10.09956
19;قابس;قابس المدينة;م.إ.  شط السلام;ابتدائي;33.90318;10.10487
19;قابس;قابس المدينة;م.إ.  الهداية نهج بنزرت;ابتدائي;33.88702;10.09684
19;قابس;قابس المدينة;م.إ. نهج الواحة;ابتدائي;33.88967;10.09185
19;قابس;قابس المدينة;م.إ.  نهج الهادي شاكر;ابتدائي;33.88977;10.11117
19;قابس;قابس المدينة;م.إ.  القناينة العهد الجديد;ابتدائي;33.90642;10.09650
19;قابس;قابس الجنوبية;م.إ.  مطرش الشاطئ;ابتدائي;33.87038;10.12608
19;قابس;قابس الجنوبية;م.إ.  الموازير;ابتدائي;33.73557;10.01533
19;قابس;قابس الجنوبية;م.إ.  المدو;ابتدائي;33.80597;10.06868
19;قابس;قابس الجنوبية;م.إ.  ليماوة;ابتدائي;33.75342;10.08792
19;قابس;قابس الجنوبية;م.إ.  حي المنارة;ابتدائي;33.86480;10.10690
19;قابس;قابس الجنوبية;م.إ.  النور المكفوفين;ابتدائي;33.86945;10.11004
19;قابس;قابس الجنوبية;م.إ.  سيدي بولبابة ;ابتدائي;33.86704;10.08890
19;قابس;قابس الجنوبية;م.إ. عين زرريق;ابتدائي;33.85798;10.10192
19;قابس;قابس الجنوبية;م.إ.  تبلبو;ابتدائي;33.83999;10.11564
19;قابس;قابس الجنوبية;م.إ. الظهرة تبلبو;ابتدائي;33.83284;10.13336
19;قابس;قابس الجنوبية;م.إ.  ابن خلدون;ابتدائي;33.86876;10.11071
19;قابس;قابس الجنوبية;م.إ.  الشماسة;ابتدائي;33.86955;10.08630
19;قابس;قابس الجنوبية;م.إ.  مطرش;ابتدائي;33.86016;10.11653
19;قابس;قابس الجنوبية;م.إ.  وادي السدر;ابتدائي;33.80333;10.03222
19;قابس;قابس الجنوبية;م.إ.  2 مارس 34 حي الازدهار;ابتدائي;33.86724;10.10067
19;قابس;قابس الجنوبية;م.إ.  حي الأمل 1;ابتدائي;33.86277;10.09303
19;قابس;قابس الجنوبية;م.إ. المنارة تبلبو;ابتدائي;33.84897;10.10793
19;قابس;قابس الجنوبية;م.إ.  التمولة;ابتدائي;33.80263;10.13855
19;قابس;قابس الجنوبية;م.إ.  حي الأمل 4;ابتدائي;33.85290;10.09187
19;قابس;قابس الغربية;م.إ.  علي بن بلقاسم شنني;ابتدائي;33.87300;10.06396
19;قابس;قابس الغربية;م.إ. عبدالمجيد البوشماوي بوشمة;ابتدائي;33.90616;10.06075
19;قابس;قابس الغربية;م.إ.  النحال;ابتدائي;33.88920;10.07071
19;قابس;قابس الغربية;م.إ.  سيدي عبد الظاهر;ابتدائي;33.87787;10.06151
19;قابس;قابس الغربية;م.إ.  الرماثي;ابتدائي;33.83079;9.97817
19;قابس;قابس الغربية;م.إ.  القواندة;ابتدائي;33.86665;9.92975
19;قابس;قابس الغربية;م.إ.  2 مارس 34 بوشمة;ابتدائي;33.90122;10.05586
19;قابس;قابس الغربية;م.إ.  شنني التجريبية;ابتدائي;33.86899;10.06222
19;قابس;قابس الغربية;م.إ.  بدورة;ابتدائي;33.86218;10.07387
19;قابس;قابس الغربية;م.إ.  الخوارزمي شنني;ابتدائي;33.86938;10.05650
19;قابس;قابس الغربية;م.إ.  الخنزرية;ابتدائي;33.8667996;9.9295935
19;قابس;الغنوش;م.إ. غنوش الشمالية;ابتدائي;33.94162;10.06279
19;قابس;الغنوش;م.إ.  غنوش الشرقية;ابتدائي;33.93521;10.06983
19;قابس;الغنوش;م.إ. غنوش الغربية;ابتدائي;33.93561;10.06960
19;قابس;الغنوش;م.إ.  الحي الشعبي غنوش - التحرير;ابتدائي;33.93271;10.04148
19;قابس;الغنوش;م.إ.  غنوش الشاطئ;ابتدائي;33.94914;10.06932
19;قابس;الغنوش;م.إ.  غنوش الجديدة;ابتدائي;33.94545;10.05858
19;قابس;الغنوش;م.إ. طارق بن زياد;ابتدائي;33.93249;10.06284
19;قابس;المطوية;م.إ.  شارع بورقيبة ;ابتدائي;33.95700;10.00976
19;قابس;المطوية;م.إ.  الشبان 1 ;ابتدائي;33.95694;10.00057
19;قابس;وذرف;م.إ.  سيدي عبد الرحمان وذرف;ابتدائي;33.98457;9.96849
19;قابس;وذرف;م.إ.  2 مارس 34 وذرف;ابتدائي;33.98440;9.96689
19;قابس;المطوية;م.إ. العكاريت;ابتدائي;34.10719;9.98046
19;قابس;المطوية;م.إ. العوينات;ابتدائي;33.99250;10.00389
19;قابس;وذرف;م.إ.  شارع بورقيبة (وذرف);ابتدائي;33.98085;9.97611
19;قابس;وذرف;م.إ.  الهيشة;ابتدائي;34.15599;9.98926
19;قابس;المطوية;م.إ.  العمارات;ابتدائي;34.05814;9.97129
19;قابس;وذرف;م.إ.  الغرائرة;ابتدائي;34.17773;9.94166
19;قابس;وذرف;م.إ.  الميدة;ابتدائي;34.05786;9.89037
19;قابس;وذرف;م.إ.  الطلحة;ابتدائي;34.08987;9.91192
19;قابس;المطوية;م.إ.  الشبان 2  ;ابتدائي;33.95768;10.00204
19;قابس;الحامة;م.إ.  ساحة الدغباجي;ابتدائي;33.88520;9.79544
19;قابس;الحامة;م.إ. الكرامة ;ابتدائي;33.87848;9.79414
19;قابس;الحامة;م.إ.  الدبدابة;ابتدائي;33.87846;9.79418
19;قابس;الحامة الغربية;م.إ.  الصمباط;ابتدائي;33.87836;9.77102
19;قابس;الحامة الغربية;م.إ.  بشيمة 1 البرج;ابتدائي;33.90598;9.71387
19;قابس;الحامة;م.إ.  الواحة;ابتدائي;33.89831;9.79592
19;قابس;الحامة الغربية;م.إ. بن غيلوف;ابتدائي;33.88158;9.62086
19;قابس;الحامة الغربية;م.إ. بوعطوش;ابتدائي;33.89685;9.78534
19;قابس;الحامة الغربية;م.إ.   قليب الدخان;ابتدائي;33.89418;9.58387
19;قابس;الحامة;م.إ.  شانشو;ابتدائي;33.88833;9.89644
19;قابس;الحامة الغربية;م.إ.  الشارب;ابتدائي;33.57073;9.24361
19;قابس;الحامة;م.إ.  2 مارس 34 حي الرجراج;ابتدائي;33.88592;9.79948
19;قابس;الحامة;م.إ. الإمام سحنون;ابتدائي;33.88127;9.79523
19;قابس;الحامة الغربية;م.إ.  بشيمة 2;ابتدائي;33.92416;9.72485
19;قابس;الحامة;م.إ.  القصر الحامة;ابتدائي;33.89210;9.79790
19;قابس;الحامة;م.إ.  وادي النور;ابتدائي;33.87260;9.80308
19;قابس;الحامة الغربية;م.إ.  الحامة الغربية;ابتدائي;33.87891;9.78460
19;قابس;الحامة الغربية;م.إ.صمباط الشمالية;ابتدائي;33.88516;9.76958
19;قابس;الحامة الغربية;م.إ.  أولاد سعيد;ابتدائي;33.89700;9.77108
19;قابس;الحامة;م.إ.  الصماريـــة;ابتدائي;33.89916;9.80093
19;قابس;الحامة;م.إ.  حي محمد علي;ابتدائي;33.88919;9.80474
19;قابس;منزل حبيب;م.إ.  2 مارس 34 منزل الحبيب;ابتدائي;34.21827;9.62012
19;قابس;منزل حبيب;م.إ.  والي;ابتدائي;34.14498;9.88270
19;قابس;منزل حبيب;م.إ.  وادي الزيتون;ابتدائي;34.13229;9.70691
19;قابس;منزل حبيب;م.إ.  الفجيج;ابتدائي;34.06873;9.74297
19;قابس;منزل حبيب;م.إ.  زقراطة;ابتدائي;34.14922;9.76987
19;قابس;منزل حبيب;م.إ.  المهاملة;ابتدائي;34.20765;9.46632
19;قابس;منزل حبيب;م.إ. العوسج;ابتدائي;34.17276;9.34990
19;قابس;منزل حبيب;م.إ.  أولاد ضــــــو;ابتدائي;34.15470;9.90920
19;قابس;منزل حبيب;م.إ. باطن القزاح;ابتدائي;34.07694;9.80100
19;قابس;منزل حبيب;م.إ.  السفيــــــة;ابتدائي;34.15670;9.42873
19;قابس;منزل حبيب;م.إ.  باطن الجداري;ابتدائي;34.12317;9.86518
19;قابس;منزل حبيب;م.إ.  الطاهر الحداد ;ابتدائي;34.23194;9.59866
19;قابس;منزل حبيب;م.إ.  أولاد السويسي;ابتدائي;34.14731;9.28915
19;قابس;منزل حبيب;م.إ.  أولاد خود;ابتدائي;34.14643;9.85089
19;قابس;منزل حبيب;م.إ. الحرية خاوي الزغابنة;ابتدائي;34.15270;9.88415
19;قابس;منزل حبيب;م.إ.الطاهر الاسود;ابتدائي;34.18511;9.68007
19;قابس;مطماطة;م.إ.  مطماطة;ابتدائي;33.54432;9.96935
19;قابس;مطماطة;م.إ.  حافي رأسه;ابتدائي;33.51099;10.00689
19;قابس;مطماطة;م.إ. تمزرط;ابتدائي;33.53490;9.86698
19;قابس;مطماطة;م.إ.  تشين;ابتدائي;33.47648;10.00005
19;قابس;مطماطة;م.إ.  تاوجوت;ابتدائي;33.56660;9.86332
19;قابس;مطماطة;م.إ.  الزريبة;ابتدائي;33.47229;10.03585
19;قابس;مطماطة;م.إ.  القصر ;ابتدائي;33.55610;9.91563
19;قابس;مطماطة الجديدة;م.إ.  2 مارس 34 مطماطة الجديدة;ابتدائي;33.66742;10.01617
19;قابس;مطماطة الجديدة;م.إ. الأفام;ابتدائي;33.60646;10.06575
19;قابس;مطماطة الجديدة;م.إ. زراوة الجديدة;ابتدائي;33.65905;9.79521
19;قابس;مطماطة الجديدة;م.إ.  بني زلطن;ابتدائي;33.54236;10.10056
19;قابس;مطماطة الجديدة;م.إ.  مزاتة;ابتدائي;33.52331;10.08013
19;قابس;مطماطة الجديدة;م.إ. الذكارة;ابتدائي;33.6441458;10.04929
19;قابس;مطماطة الجديدة;م.إ.  بني عيسى الجديدة - الأمل;ابتدائي;33.65705;9.91315
19;قابس;مطماطة الجديدة;م.إ.  زاتن بني زلطن;ابتدائي;33.59762;10.10428
19;قابس;مطماطة الجديدة;م.إ.  حي النور;ابتدائي;33.66149;10.01411
19;قابس;مطماطة الجديدة;م.إ.  العامرة;ابتدائي;33.51200;10.09051
19;قابس;مارث;م.إ.  27 أكتوبر مارث;ابتدائي;33.62046;10.28290
19;قابس;مارث;م.إ. 2 مارس 34 مارث;ابتدائي;33.61636;10.28690
19;قابس;مارث;م.إ.  الزارات طه حسين;ابتدائي;33.66469;10.34798
19;قابس;مارث;م.إ. كتانة;ابتدائي;33.75614;10.19761
19;قابس;مارث;م.إ.  عيون الزركين;ابتدائي;33.67065;10.22799
19;قابس;مارث;م.إ.  عرام;ابتدائي;33.58429;10.32220
19;قابس;مارث;م.إ. ابن رشيق;ابتدائي;33.62022;10.28094
19;قابس;مارث;م.إ.  العلايا;ابتدائي;33.63766;10.34464
19;قابس;مارث;م.إ. زركين 1;ابتدائي;33.70663;10.26239
19;قابس;مارث;م.إ.  البطاهرة1;ابتدائي;33.56125;10.26260
19;قابس;مارث;م.إ.  وادي الغيران;ابتدائي;33.63905;10.16562
19;قابس;مارث;م.إ.  زريـــق البرانية;ابتدائي;33.73508;10.15759
19;قابس;مارث;م.إ.  دخيلة المسانة;ابتدائي;33.51403;10.21963
19;قابس;مارث;م.إ. المجني;ابتدائي;33.53279;10.30451
19;قابس;مارث;م.إ.  سيدي يحي;ابتدائي;33.60491;10.30486
19;قابس;مارث;م.إ.  شط العوامر;ابتدائي;33.64405;10.39510
19;قابس;مارث;م.إ. القصبة;ابتدائي;33.60843;10.24451
19;قابس;مارث;م.إ.  لماية;ابتدائي;33.71999;10.31259
19;قابس;مارث;م.إ.  واريفن;ابتدائي;33.57128;10.17927
19;قابس;مارث;م.إ.  العزائزة;ابتدائي;33.58044;10.27223
19;قابس;مارث;م.إ.  العرقوب;ابتدائي;33.63653;10.29088
19;قابس;مارث;م.إ.   الغندري;ابتدائي;33.71142;10.14328
19;قابس;مارث;م.إ.  المظيلة;ابتدائي;33.58472;10.26703
19;قابس;مارث;م.إ. وادي الحجل;ابتدائي;33.76757;10.21969
19;قابس;مارث;م.إ.  سيدي سلام;ابتدائي;33.72236;10.19312
19;قابس;مارث;م.إ. حي الزهور الزارات;ابتدائي;33.67273;10.35393
19;قابس;مارث;م.إ. 14 جانفي 2011;ابتدائي;33.62370;10.32645
19;قابس;مارث;م.إ.  البطاهرة 2;ابتدائي;33.53981;10.26653
19;قابس;مارث;م.إ.  ابن خلدون مارث الشرقية;ابتدائي;33.62094;10.29686
19;قابس;مارث;م.إ.  السدرية;ابتدائي;33.63881;10.32419
19;قابس;مارث;م.إ.  مارث الغربية;ابتدائي;33.60013;10.28028
19;قابس;دخيلة توجان;م.إ.  توجان;ابتدائي;33.46906;10.13063
19;قابس;دخيلة توجان;م.إ.  تونين;ابتدائي;33.51044;10.14448
19;قابس;دخيلة توجان;م.إ.  دخيلة توجان;ابتدائي;33.43550;10.20148
19;قابس;دخيلة توجان;م.إ.  زمرتن;ابتدائي;33.42029;10.12719
19;قابس;دخيلة توجان;م.إ.  مزرع بن سلامة;ابتدائي;33.47155;10.25849
19;قابس;دخيلة توجان;م.إ. البراوكة;ابتدائي;33.50519;10.11251
19;قابس;دخيلة توجان;م.إ. أولاد مهلهل;ابتدائي;33.43586;10.17430
19;قابس;دخيلة توجان;م.إ. الجماعيين;ابتدائي;33.43128;10.17780
19;قابس;دخيلة توجان;م.إ.  الحميلة;ابتدائي;33.53066;10.19291
19;قابس;دخيلة توجان;م.إ.  الأدباش;ابتدائي;33.48606;10.09198
19;قابس;دخيلة توجان;م.إ.  الجوابيت;ابتدائي;33.50062;10.12485
20;صفاقس 1;صفاقس الغربية;م.إ.  مركز دمق;ابتدائي;34.75221;10.71476
20;صفاقس 1;صفاقس الغربية;م.إ.  حي السرور;ابتدائي;34.74161;10.73753
20;صفاقس 1;صفاقس الغربية;م.إ.  مركز شاكر الاسعاد;ابتدائي;34.74025;10.73947
20;صفاقس 1;صفاقس الغربية;م.إ.  حي الحبيب 1;ابتدائي;34.72108;10.72004
20;صفاقس 1;صفاقس الغربية;م.إ.  حي الحبيب 2;ابتدائي;34.71641;10.72296
20;صفاقس 1;صفاقس الغربية;م.إ.  التحرير طريق العين;ابتدائي;34.74694;10.73996
20;صفاقس 1;صفاقس الغربية;م.إ.  سيدي الجيلاني;ابتدائي;34.75926;10.72002
20;صفاقس 1;صفاقس الغربية;م.إ.  خليل بن احمد - المحارزة;ابتدائي;34.72894;10.74104
20;صفاقس 1;صفاقس الغربية;م.إ.  المراكشي 1طريق المطار 2;ابتدائي;34.73374;10.72518
20;صفاقس 1;صفاقس الغربية;م.إ.  الهدى طريق المطار;ابتدائي;34.74056;10.70780
20;صفاقس 1;صفاقس الغربية;م.إ.  النصر  وادي الرمل;ابتدائي;34.73042;10.72247
20;صفاقس 1;صفاقس الغربية;م.إ. فرحات حشاد-حي النور;ابتدائي;34.73635;10.70711
20;صفاقس 1;صفاقس الغربية;م.إ.  حي البحري 2;ابتدائي;34.72806;10.71019
20;صفاقس 1;صفاقس الغربية;م.إ.  حي البحري 3 (عقبة إبن نافع);ابتدائي;34.72775;10.70448
20;صفاقس 1;صفاقس الغربية;م.إ.   المراكشي 2 طريق المطار2;ابتدائي;34.73415;10.72461
20;صفاقس 1;صفاقس الغربية;م.إ.  حي المسعدين;ابتدائي;34.72562;10.72547
20;صفاقس 1;صفاقس الغربية;م.إ.  حي البحري 4;ابتدائي;34.72741;10.70042
20;صفاقس 1;صفاقس الغربية;م.إ.  الاخلاص مركز دمق;ابتدائي;34.74696;10.71769
20;صفاقس 1;صفاقس الغربية;م.إ.  حي الحبيب 3;ابتدائي;34.72158;10.72014
20;صفاقس 1;#N/A;م.إ.  حي الحبيب 4;ابتدائي;34.716305;10.721818
20;صفاقس 1;#N/A;م.إ.  حي  المسعدين الجديدة ;ابتدائي;34.725027;10.725706
20;صفاقس 1;صفاقس المدينة;م.إ. ساحة القصبة;ابتدائي;34.73383;10.75939
20;صفاقس 1;صفاقس المدينة;م.إ. الرحمة;ابتدائي;34.76154;10.76449
20;صفاقس 1;صفاقس المدينة;م.إ.  الهادي السعيدي;ابتدائي;34.74612;10.75995
20;صفاقس 1;صفاقس المدينة;م.إ.   بغداد1;ابتدائي;34.74575;10.76350
20;صفاقس 1;صفاقس المدينة;م.إ.  73شارع بوقطفة;ابتدائي;34.75765;10.77073
20;صفاقس 1;صفاقس المدينة;م.إ.  نهج الجامع;ابتدائي;34.75728;10.76756
20;صفاقس 1;صفاقس المدينة;م.إ.  طريق السلطنية البستان;ابتدائي;34.75791;10.77547
20;صفاقس 1;صفاقس المدينة;م.إ.  جوهر;ابتدائي;34.74909;10.76680
20;صفاقس 1;صفاقس المدينة;م.إ.  شارع بنزرت;ابتدائي;34.75763;10.76334
20;صفاقس 1;صفاقس المدينة;م.إ.  مركز الباشا;ابتدائي;34.76158;10.75536
20;صفاقس 1;صفاقس المدينة;م.إ.  بغداد 2;ابتدائي;34.74633;10.76417
20;صفاقس 1;صفاقس المدينة;م.إ.  محمد بالي شارع الجزائر;ابتدائي;34.73249;10.75653
20;صفاقس 1;صفاقس المدينة;م.إ.   أنطول فرانس;ابتدائي;34.73356;10.75519
20;صفاقس 1;صفاقس المدينة;م.إ.  2 مارس 34صفاقس;ابتدائي;34.73256;10.76695
20;صفاقس 1;صفاقس المدينة;م.إ.   شكيب أرسلان;ابتدائي;34.74490;10.75509
20;صفاقس 1;صفاقس المدينة;م.إ.  القومية نهج بنسعيد;ابتدائي;34.74843;10.75189
20;صفاقس 1;صفاقس المدينة;م.إ.  عين شيخ روحه;ابتدائي;34.75389;10.74737
20;صفاقس 1;صفاقس المدينة;م.إ.  سيدي عباس;ابتدائي;34.76255;10.73938
20;صفاقس 1;صفاقس المدينة;م.إ.  ابن خلدون;ابتدائي;34.74614;10.74822
20;صفاقس 1;صفاقس المدينة;م.إ.  شقرون صفاقس;ابتدائي;34.74841;10.74484
20;صفاقس 1;صفاقس المدينة;م.إ.  محمد الجمل العالية;ابتدائي;34.75227;10.73059
20;صفاقس 1;طينة;م.إ.  الحاجب;ابتدائي;34.71887;10.64734
20;صفاقس 1;طينة;م.إ.  عين فلات;ابتدائي;34.68182;10.70100
20;صفاقس 1;طينة;م.إ.  ابن الجزار;ابتدائي;34.69393;10.70296
20;صفاقس 1;طينة;م.إ.  سيدي سالم;ابتدائي;34.67355;10.71605
20;صفاقس 1;طينة;م.إ.  حي المعز;ابتدائي;34.68512;10.70660
20;صفاقس 1;طينة;م.إ. طينة الجديدة 1 ( ابوالقاسم الشابي) ;ابتدائي;34.67036;10.69580
20;صفاقس 1;طينة;م.إ.  الحاجب 2;ابتدائي;34.69972;10.66154
20;صفاقس 1;طينة;م.إ.  ط.المحارزة كلم5;ابتدائي;34.71181;10.70611
20;صفاقس 1;طينة;م.إ.  ابن سينا;ابتدائي;34.69394;10.70417
20;صفاقس 1;طينة;م.إ.  حي الخضـراء;ابتدائي;34.72589;10.66628
20;صفاقس 1;طينة;م.إ.  حي طينة2;ابتدائي;34.66399;10.70177
20;صفاقس 1;طينة;م.إ. طينة 3;ابتدائي;34.66338;10.70156
20;صفاقس 1;طينة;م.إ. طينة 4;ابتدائي;34.67001;10.69631
20;صفاقس 1;#N/A;م.إ.  المعز 2;ابتدائي;34.684973;10.706810
20;صفاقس 1;#N/A;م.إ.  حي الوفاء;ابتدائي;34.722349;10.667081
20;صفاقس 1;بئر علي بن خليفة;م.إ.  2 مارس 34بئر علي;ابتدائي;34.73658;10.09165
20;صفاقس 1;بئر علي بن خليفة;م.إ.  أم الشوشة;ابتدائي;34.71182;10.13911
20;صفاقس 1;بئر علي بن خليفة;م.إ.  القندول;ابتدائي;34.62611;10.05376
20;صفاقس 1;بئر علي بن خليفة;م.إ.  سيدي منصور السويسي;ابتدائي;34.65404;10.22198
20;صفاقس 1;بئر علي بن خليفة;م.إ.  سيدي الظاهر 1;ابتدائي;34.92360;10.07278
20;صفاقس 1;بئر علي بن خليفة;م.إ.  بئر الكرانمة;ابتدائي;34.69112;10.06762
20;صفاقس 1;بئر علي بن خليفة;م.إ.  اللطائفة;ابتدائي;34.75458;10.18440
20;صفاقس 1;بئر علي بن خليفة;م.إ.  وادي الرخام;ابتدائي;34.77264;10.01118
20;صفاقس 1;بئر علي بن خليفة;م.إ.  السوينية;ابتدائي;34.58350;10.14151
20;صفاقس 1;بئر علي بن خليفة;م.إ.  العوايد;ابتدائي;34.62377;10.12637
20;صفاقس 1;بئر علي بن خليفة;م.إ.  الربائعة;ابتدائي;34.86722;10.10722
20;صفاقس 1;بئر علي بن خليفة;م.إ.  بئر الشوكات;ابتدائي;34.70743;10.02528
20;صفاقس 1;بئر علي بن خليفة;م.إ.  بئر أولاد محمود;ابتدائي;34.83225;10.04723
20;صفاقس 1;بئر علي بن خليفة;م.إ.  الشرايط;ابتدائي;34.70890;9.94618
20;صفاقس 1;بئر علي بن خليفة;م.إ. رأس فرطوط;ابتدائي;34.79166;10.13303
20;صفاقس 1;بئر علي بن خليفة;م.إ.  بئر الغرائبـــة;ابتدائي;34.73692;9.98153
20;صفاقس 1;بئر علي بن خليفة;م.إ.  ذراع العرس;ابتدائي;34.64032;9.93184
20;صفاقس 1;بئر علي بن خليفة;م.إ.  المرازيق;ابتدائي;34.56394;10.00239
20;صفاقس 1;بئر علي بن خليفة;م.إ.  رأس السواني;ابتدائي;34.63455;10.17384
20;صفاقس 1;بئر علي بن خليفة;م.إ.  الخمايسة;ابتدائي;34.78252;10.08962
20;صفاقس 1;بئر علي بن خليفة;م.إ.  ودران;ابتدائي;34.67084;9.92834
20;صفاقس 1;بئر علي بن خليفة;م.إ.  الطلاب;ابتدائي;34.57328;10.10938
20;صفاقس 1;بئر علي بن خليفة;م.إ.  الطويلة;ابتدائي;34.63152;9.97201
20;صفاقس 1;بئر علي بن خليفة;م.إ. اليزيدي;ابتدائي;34.65508;10.02665
20;صفاقس 1;بئر علي بن خليفة;م.إ.  عرفات;ابتدائي;34.73090;10.08922
20;صفاقس 1;بئر علي بن خليفة;م.إ.  الحواشين;ابتدائي;34.84814;9.98532
20;صفاقس 1;بئر علي بن خليفة;م.إ.  الرواشد;ابتدائي;34.68581;9.98376
20;صفاقس 1;بئر علي بن خليفة;م.إ.  العروق;ابتدائي;34.74294;9.93719
20;صفاقس 1;بئر علي بن خليفة;م.إ. الحجاج أولاد عمر;ابتدائي;34.66964;10.14140
20;صفاقس 1;بئر علي بن خليفة;م.إ.  الخروع;ابتدائي;34.61607;10.21109
20;صفاقس 1;بئر علي بن خليفة;م.إ.  الطرفاوي;ابتدائي;34.64811;10.25397
20;صفاقس 1;بئر علي بن خليفة;م.إ. المندرة;ابتدائي;34.61319;10.28841
20;صفاقس 1;بئر علي بن خليفة;م.إ.  السودان سيدي الظاهر;ابتدائي;34.98201;10.06478
20;صفاقس 1;بئر علي بن خليفة;م.إ.  بوسليم;ابتدائي;34.70365;10.28300
20;صفاقس 1;بئر علي بن خليفة;م.إ.  سيدي الظاهر 2;ابتدائي;34.89815;10.07257
20;صفاقس 1;بئر علي بن خليفة;م.إ.  وادي الرخام الشمالية;ابتدائي;34.80186;9.99476
20;صفاقس 1;بئر علي بن خليفة;م.إ.  أم الشوشة الشمالية;ابتدائي;34.70065;10.16689
20;صفاقس 1;بئر علي بن خليفة;م.إ.  هنشير الزبدة;ابتدائي;34.60315;9.93769
20;صفاقس 1;بئر علي بن خليفة;م.إ.  النصر أولاد ميارة;ابتدائي;34.60537;10.00862
20;صفاقس 1;بئر علي بن خليفة;م.إ.  بئر شوية;ابتدائي;34.63464;10.09282
20;صفاقس 1;بئر علي بن خليفة;م.إ.  ماجل الزيتونة;ابتدائي;34.78156;10.05319
20;صفاقس 1;بئر علي بن خليفة;م.إ.  وادي غويلية;ابتدائي;34.67992;10.09310
20;صفاقس 1;بئر علي بن خليفة;م.إ.  سيدي علي بلعابد;ابتدائي;34.78815;10.16950
20;صفاقس 1;بئر علي بن خليفة;م.إ.  عقلة المثنان;ابتدائي;34.75782;9.97819
20;صفاقس 1;بئر علي بن خليفة;م.إ.  المناصرية;ابتدائي;34.67083;10.01003
20;صفاقس 1;بئر علي بن خليفة;م.إ. حي المستقبل;ابتدائي;34.74162;10.10276
20;صفاقس 1;بئر علي بن خليفة;م.إ. الحمر;ابتدائي;34.67399;10.04774
20;صفاقس 1;بئر علي بن خليفة;م.إ.  الربائعة2;ابتدائي;34.84719;10.09949
20;صفاقس 1;بئر علي بن خليفة;م.إ.  حي الناظور;ابتدائي;34.74469;10.08336
20;صفاقس 1;بئر علي بن خليفة;م.إ.  اولاد محمود الشمالية;ابتدائي;34.85874;10.02350
20;صفاقس 1;بئر علي بن خليفة;م.إ. التبينات;ابتدائي;34.67219;10.22887
20;صفاقس 1;بئر علي بن خليفة;م.إ  الحمالة;ابتدائي;34.60846;10.03876
20;صفاقس 1;الصخيرة;م.إ.  2 مارس 34 الصخيرة;ابتدائي;34.29881;10.07172
20;صفاقس 1;الصخيرة;م.إ.  سيدي مهذب;ابتدائي;34.31043;10.03186
20;صفاقس 1;الصخيرة;م.إ.  الغرايرة;ابتدائي;34.25746;9.90979
20;صفاقس 1;الصخيرة;م.إ.  سيدي محمد نويقص;ابتدائي;34.44479;10.05319
20;صفاقس 1;الصخيرة;م.إ.  الشفافرة;ابتدائي;34.25390;9.83153
20;صفاقس 1;الصخيرة;م.إ.  القنيطرة;ابتدائي;34.21426;9.99550
20;صفاقس 1;الصخيرة;م.إ. صبيح النور;ابتدائي;34.23792;9.92704
20;صفاقس 1;الصخيرة;م.إ.  حمادة أولاد الحاج موسى;ابتدائي;34.41741;10.10119
20;صفاقس 1;الصخيرة;م.إ.  بوسعيد;ابتدائي;34.25835;9.99361
20;صفاقس 1;الصخيرة;م.إ.  حمادة فندق الشيباني;ابتدائي;34.35642;10.11548
20;صفاقس 1;الصخيرة;م.إ.  الفريشات;ابتدائي;34.36512;10.16723
20;صفاقس 1;الصخيرة;م.إ.  النوال;ابتدائي;34.36921;9.90668
20;صفاقس 1;الصخيرة;م.إ.  المالحة;ابتدائي;34.19970;9.90240
20;صفاقس 1;الصخيرة;م.إ.  الجروالة;ابتدائي;34.27475;9.96368
20;صفاقس 1;الصخيرة;م.إ.  وادي النخلة;ابتدائي;34.34712;10.00478
20;صفاقس 1;الصخيرة;م.إ. المغذية;ابتدائي;34.44121;10.00875
20;صفاقس 1;الصخيرة;م.إ.  نوال الجديدة;ابتدائي;34.41473;9.95091
20;صفاقس 1;الصخيرة;م.إ.  الشوكات;ابتدائي;34.49312;10.05770
20;صفاقس 1;الصخيرة;م.إ.  حمادة أولاد النفاتي;ابتدائي;34.38110;10.05471
20;صفاقس 1;الصخيرة;م.إ.  صبيح الشرقية;ابتدائي;34.22441;9.94625
20;صفاقس 1;الصخيرة;م.إ.  نوال الشمالية;ابتدائي;34.43791;9.95029
20;صفاقس 1;الصخيرة;م.إ.  البشير المهذبي;ابتدائي;34.28450;10.06492
20;صفاقس 1;الصخيرة;م.إ.  هنشير القصير;ابتدائي;34.24418;9.95987
20;صفاقس 1;الصخيرة;م.إ.  هنشير الرمث;ابتدائي;34.27235;9.79976
20;صفاقس 1;الصخيرة;م.إ.  الساطور;ابتدائي;34.28518;9.91212
20;صفاقس 1;الصخيرة;م.إ.  صبيح الجنوبية;ابتدائي;34.24255;9.89211
20;صفاقس 1;الصخيرة;م.إ.  الخبيات;ابتدائي;34.32775;9.75207
20;صفاقس 1;الصخيرة;م.إ.  الحمادة سيدي مهذب;ابتدائي;34.32991;10.07403
20;صفاقس 1;الصخيرة;م.إ.  الحادثة;ابتدائي;34.25749;9.86740
20;صفاقس 1;الصخيرة;م.إ.  الخوي;ابتدائي;34.26468;10.03236
20;صفاقس 1;الصخيرة;م.إ.  الشفافرة الشرقية;ابتدائي;34.25243;9.85581
20;صفاقس 1;الصخيرة;م.إ. المغذية  2;ابتدائي;34.42971;10.01384
20;صفاقس 1;الصخيرة;م.إ. حي الأمل;ابتدائي;34.30188;10.07418
20;صفاقس 1;المحرس;م.إ.  نهج الشهداء;ابتدائي;34.52369;10.49726
20;صفاقس 1;المحرس;م.إ.  الأمال ;ابتدائي;34.52692;10.50177
20;صفاقس 1;المحرس;م.إ.  2 /3/ 34 المحرس;ابتدائي;34.52721;10.49999
20;صفاقس 1;المحرس;م.إ.  نقطة;ابتدائي;34.56962;10.59403
20;صفاقس 1;المحرس;م.إ.  خاوي الغزال;ابتدائي;34.48912;10.36159
20;صفاقس 1;المحرس;م.إ.  عيثة الشلايا;ابتدائي;34.62708;10.50148
20;صفاقس 1;المحرس;م.إ.  السمارة;ابتدائي;34.44634;10.29084
20;صفاقس 1;المحرس;م.إ.  السكاينة;ابتدائي;34.54729;10.36941
20;صفاقس 1;المحرس;م.إ.  المواساة;ابتدائي;34.58150;10.41754
20;صفاقس 1;المحرس;م.إ.  بوعكازين;ابتدائي;34.58762;10.56169
20;صفاقس 1;المحرس;م.إ.  القطيفة الشفار;ابتدائي;34.54394;10.54192
20;صفاقس 1;المحرس;م.إ.  العادي;ابتدائي;34.55769;10.51281
20;صفاقس 1;المحرس;م.إ.  القطيفة سيدي غريب;ابتدائي;34.51380;10.31836
20;صفاقس 1;المحرس;م.إ.  موريج;ابتدائي;34.60621;10.56495
20;صفاقس 1;المحرس;م.إ. الخندق;ابتدائي;34.63765;10.53685
20;صفاقس 1;المحرس;م.إ. القوادرية;ابتدائي;34.58369;10.38383
20;صفاقس 1;الغريبة;م.إ.  الشعال;ابتدائي;34.56038;10.30975
20;صفاقس 1;الغريبة;م.إ.  الغريبة;ابتدائي;34.49773;10.21228
20;صفاقس 1;الغريبة;م.إ.  الحشيشينة;ابتدائي;34.42135;10.18301
20;صفاقس 1;الغريبة;م.إ.  السودان;ابتدائي;34.54111;10.13706
20;صفاقس 1;الغريبة;م.إ.  نفيضة العجل;ابتدائي;34.52299;10.28534
20;صفاقس 1;الغريبة;م.إ.  الربطة;ابتدائي;34.56994;10.26671
20;صفاقس 1;الغريبة;م.إ.  الحمام;ابتدائي;34.53799;10.17754
20;صفاقس 1;الغريبة;م.إ.  قرعة السمارة;ابتدائي;34.47682;10.25844
20;صفاقس 1;الغريبة;م.إ.  فائض العتيل;ابتدائي;34.45265;10.14341
20;صفاقس 1;الغريبة;م.إ.  الخوالة;ابتدائي;34.39532;10.23379
20;صفاقس 1;الغريبة;م.إ. أولاد الكيلاني;ابتدائي;34.50284;10.19971
20;صفاقس 1;عقارب;م.إ.  عقارب;ابتدائي;34.73942;10.52891
20;صفاقس 1;عقارب;م.إ.  قرقور;ابتدائي;34.62828;10.59838
20;صفاقس 1;عقارب;م.إ.  التراكة1;ابتدائي;34.79955;10.48749
20;صفاقس 1;عقارب;م.إ.  الجواودة بن سهلون;ابتدائي;34.68106;10.43348
20;صفاقس 1;عقارب;م.إ.  الجواودة بولذياب;ابتدائي;34.74124;10.37289
20;صفاقس 1;عقارب;م.إ. مركز الصغار;ابتدائي;34.73058;10.60502
20;صفاقس 1;عقارب;م.إ.  العطيات;ابتدائي;34.77739;10.36595
20;صفاقس 1;عقارب;م.إ.  المحروقة;ابتدائي;34.81339;10.30131
20;صفاقس 1;عقارب;م.إ.  المصادقة;ابتدائي;34.72935;10.49156
20;صفاقس 1;عقارب;م.إ.  زليانة;ابتدائي;34.85241;10.32696
20;صفاقس 1;عقارب;م.إ.  الفلاق;ابتدائي;34.61185;10.35670
20;صفاقس 1;عقارب;م.إ.  أولاد المبروك;ابتدائي;34.71331;10.39664
20;صفاقس 1;عقارب;م.إ.  قرقور الشمالية;ابتدائي;34.66180;10.57733
20;صفاقس 1;عقارب;م.إ.  المراعنية;ابتدائي;34.74351;10.30429
20;صفاقس 1;عقارب;م.إ.  العطاطشة;ابتدائي;34.78840;10.53014
20;صفاقس 1;عقارب;م.إ.  2 مارس 34 عقارب;ابتدائي;34.74164;10.52786
20;صفاقس 1;عقارب;م.إ.  أولاد الحاج السعد;ابتدائي;34.77169;10.50699
20;صفاقس 1;عقارب;م.إ.  السواعد;ابتدائي;34.79477;10.44221
20;صفاقس 1;عقارب;م.إ.  السوالم ;ابتدائي;34.74525;10.55134
20;صفاقس 1;عقارب;م.إ.  عقارب الشرقية;ابتدائي;34.73270;10.55422
20;صفاقس 1;عقارب;م.إ.  قرقور الشرقية;ابتدائي;34.64777;10.59083
20;صفاقس 1;عقارب;م.إ.  قرقور الغربية;ابتدائي;34.62993;10.57999
20;صفاقس 1;عقارب;م.إ.  حي ابن ابراهيم;ابتدائي;34.74541;10.52502
20;صفاقس 1;عقارب;م.إ.الرفيفات;ابتدائي;34.64103;10.61714
20;صفاقس 1;عقارب;م.إ.  الوادي الكبير;ابتدائي;34.66258;10.32145
20;صفاقس 1;عقارب;م.إ. الفتح;ابتدائي;34.66681;10.35154
20;صفاقس 1;عقارب;م.إ.  التراكة 2;ابتدائي;34.81444;10.47527
20;صفاقس 1;عقارب;م.إ. اولاد مبروك 2;ابتدائي;34.73882;10.42328
20;صفاقس 1;عقارب;م.إ. أولاد حمد قرقور;ابتدائي;34.67495;10.54862
20;صفاقس 1;عقارب;م.إ.أولاد حمودة قرقور;ابتدائي;34.60902;10.60303
20;صفاقس 1;عقارب;م.إ. عقارب الجديدة;ابتدائي;34.73919;10.52936
21;صفاقس 2;صفاقس الجنوبية;م.إ.  مركز الجلولي;ابتدائي;34.76828572339282;10.721288024389938
21;صفاقس 2;صفاقس الجنوبية;م.إ. مركز بن حليمة;ابتدائي;34.76727;10.70981
21;صفاقس 2;صفاقس الجنوبية;م.إ.  مركز علولو;ابتدائي;34.783788764462365;10.69332211138922
21;صفاقس 2;صفاقس الجنوبية;م.إ.  عين الشرفي;ابتدائي;34.7980353;10.6769143
21;صفاقس 2;صفاقس الجنوبية;م.إ.  مركز القصاص;ابتدائي;34.7565839999999;10.703241
21;صفاقس 2;صفاقس الجنوبية;م.إ.  مركز معلى;ابتدائي;34.75640212063928;10.697709361369716
21;صفاقس 2;صفاقس الجنوبية;م.إ.  صالح واردة مركز الخراط;ابتدائي;34.768408634783796;10.684699859157147
21;صفاقس 2;صفاقس الجنوبية;م.إ.  مركز والي;ابتدائي;34.79094499842374;10.699323341407371
21;صفاقس 2;صفاقس الجنوبية;م.إ.  مركز السلامي;ابتدائي;34.77882;10.72600
21;صفاقس 2;صفاقس الجنوبية;م.إ. مركز كمون;ابتدائي;34.78526;10.72113
21;صفاقس 2;صفاقس الجنوبية;م.إ.  الرشاد  الجديدة;ابتدائي;34.79652;10.71294
21;صفاقس 2;صفاقس الجنوبية;م.إ.  عيون المايل;ابتدائي;34.82710;10.67248
21;صفاقس 2;صفاقس الجنوبية;م.إ.  مركز بوخذير;ابتدائي;34.81416096205116;10.681514381864883
21;صفاقس 2;صفاقس الجنوبية;م.إ.  العرفات;ابتدائي;34.83343;10.70315
21;صفاقس 2;صفاقس الجنوبية;م.إ.  سيدي عبد الكافي;ابتدائي;34.91065;10.66105
21;صفاقس 2;صفاقس الجنوبية;م.إ.  مركز الشيخ ابراهيم;ابتدائي;34.79006;10.64842
21;صفاقس 2;صفاقس الجنوبية;م.إ. سيدي خليفة الطياري;ابتدائي;34.75598;10.67653
21;صفاقس 2;صفاقس الجنوبية;م.إ.  الحرية - سوق السيارات;ابتدائي;34.81095782024138;10.703706641635002
21;صفاقس 2;صفاقس الجنوبية;م.إ.  بوزيان;ابتدائي;34.77368;10.73793
21;صفاقس 2;صفاقس الجنوبية;م.إ.  عين تركية;ابتدائي;34.84428521131785;10.61873235520963
21;صفاقس 2;صفاقس الجنوبية;م.إ.طريق العين كم 7;ابتدائي;34.77453;10.69134
21;صفاقس 2;صفاقس الجنوبية;م.إ.  برشانة;ابتدائي;34.88174207565744;10.630988990153785
21;صفاقس 2;صفاقس الجنوبية;م.إ.  بومرة;ابتدائي;34.76118;10.62645
21;صفاقس 2;صفاقس الجنوبية;م.إ.  طريق منزل شاكر كلم 17-النور-;ابتدائي;34.83129;10.59891
21;صفاقس 2;صفاقس الجنوبية;م.إ  قرمدة الجديدة;ابتدائي;34.80692936870401;10.7115258770934
21;صفاقس 2;صفاقس الجنوبية;م.إ  الهذيلية;ابتدائي;34.82139;10.69435
21;صفاقس 2;صفاقس الجنوبية;م.إ. حي العوابد;ابتدائي;34.823864496202596;10.683339255707152
21;صفاقس 2;#N/A;م.إ.  بالعوابد ;ابتدائي;34.82222;10.68253
21;صفاقس 2;ساقية الدير;م.إ.  الكمال مركز كعنيش;ابتدائي;34.77161;10.77513
21;صفاقس 2;ساقية الدير;م.إ.  مركز بشة;ابتدائي;34.77799;10.77761
21;صفاقس 2;ساقية الدير;م.إ. ساقية الداير;ابتدائي;34.788669754784635;10.779917354181404
21;صفاقس 2;ساقية الدير;م.إ.  الأمانة ;ابتدائي;34.79377;10.78111
21;صفاقس 2;ساقية الدير;م.إ.  عين بن سليمة;ابتدائي;34.78201;10.78732
21;صفاقس 2;ساقية الدير;م.إ.  الحي البلدي;ابتدائي;34.772132620266284;10.796858511425295
21;صفاقس 2;ساقية الدير;م.إ.  مركز الحطاب;ابتدائي;34.79610;10.78114
21;صفاقس 2;ساقية الدير;م.إ.  شارع الرشاد;ابتدائي;34.81012233266665;10.782548247516926
21;صفاقس 2;ساقية الدير;م.إ.  مركز السبعي;ابتدائي;34.80990;10.78783
21;صفاقس 2;ساقية الدير;م.إ.  حي بورقيبة 1;ابتدائي;34.76175;10.79192
21;صفاقس 2;ساقية الدير;م.إ.  حي بورقيبة 2;ابتدائي;34.76145;10.78642
21;صفاقس 2;ساقية الدير;م.إ.   الخليج;ابتدائي;34.77129;10.80096
21;صفاقس 2;ساقية الدير;م.إ.  السلطنية كلم 7;ابتدائي;34.78681;10.80018
21;صفاقس 2;ساقية الدير;م.إ.  طريق حبانة;ابتدائي;34.78937876874132;10.823554154005333
21;صفاقس 2;ساقية الدير;م.إ. حي الأمل;ابتدائي;34.76831;10.77020
21;صفاقس 2;ساقية الدير;م.إ.   سيدي بوعلي;ابتدائي;34.80114508617773;10.794206212001694
21;صفاقس 2;ساقية الدير;م.إ.  حي ملاك;ابتدائي;34.79875;10.81347
21;صفاقس 2;ساقية الدير;م.إ.  سيدي منصور;ابتدائي;34.79812;10.86437
21;صفاقس 2;ساقية الدير;م.إ.  الحي الجديد;ابتدائي;34.80411;10.86440
21;صفاقس 2;ساقية الدير;م.إ.  البدارنة;ابتدائي;34.87324;10.83999
21;صفاقس 2;ساقية الدير;م.إ.  السعادي طريق السلطنية;ابتدائي;34.82531;10.84091
21;صفاقس 2;ساقية الدير;م.إ.  طريق السلطنية كم 4;ابتدائي;34.76863;10.78385
21;صفاقس 2;ساقية الدير;م.إ.  الصداقة;ابتدائي;34.82583;10.80222
21;صفاقس 2;ساقية الدير;م.إ. المنصورة;ابتدائي;34.80282468677325;10.840308927305836
21;صفاقس 2;ساقية الدير;م.إ. حي برقيبة 3;ابتدائي;34.76150;10.79155
21;صفاقس 2;#N/A;م.إ.  القرقوري ;ابتدائي;34.793499;10.794426
21;صفاقس 2;ساقية الزيت;م.إ.  الفوز;ابتدائي;34.80069207809512;10.761607466429405
21;صفاقس 2;ساقية الزيت;م.إ.  مركز الشيشمة;ابتدائي;34.77470;10.76100
21;صفاقس 2;ساقية الزيت;م.إ.  الثريا;ابتدائي;34.792175964384406;10.768449709617427
21;صفاقس 2;ساقية الزيت;م.إ.  شارع بورقيبة;ابتدائي;34.79888;10.76081
21;صفاقس 2;ساقية الزيت;م.إ.  شارع الزيادي;ابتدائي;34.79916;10.77052
21;صفاقس 2;ساقية الزيت;م.إ.  شارع الهادي شاكر;ابتدائي;34.80625;10.75530
21;صفاقس 2;ساقية الزيت;م.إ.  الوادي;ابتدائي;34.81612;10.74516
21;صفاقس 2;ساقية الزيت;م.إ.  البشرى;ابتدائي;34.81518673911719;10.762616318098924
21;صفاقس 2;ساقية الزيت;م.إ.  مركز السدرة;ابتدائي;34.81274356721219;10.761407996827383
21;صفاقس 2;ساقية الزيت;م.إ.  شارع الحرية;ابتدائي;34.81777;10.77512
21;صفاقس 2;ساقية الزيت;م.إ.  خالد ابن الوليد;ابتدائي;34.77447;10.76316
21;صفاقس 2;ساقية الزيت;م.إ.  البساتين / مركز العروي;ابتدائي;34.77540172166563;10.753695001471115
21;صفاقس 2;ساقية الزيت;م.إ.  الاصلاح  الشيحية;ابتدائي;34.78828400710051;10.745570896926242
21;صفاقس 2;ساقية الزيت;م.إ.  البدر  الشيحية;ابتدائي;34.79617;10.74237
21;صفاقس 2;ساقية الزيت;م.إ.  الشيحية الشمالية;ابتدائي;34.80344;10.73902
21;صفاقس 2;ساقية الزيت;م.إ.  المنارة;ابتدائي;34.80797;10.72911
21;صفاقس 2;ساقية الزيت;م.إ.  الإمام سحنون;ابتدائي;34.79397;10.73496
21;صفاقس 2;ساقية الزيت;م.إ.  المثابرة;ابتدائي;34.82383;10.75524
21;صفاقس 2;ساقية الزيت;م.إ. طريق تونس كم 10;ابتدائي;34.83565;10.76549
21;صفاقس 2;ساقية الزيت;م.إ.  سيدي صالح;ابتدائي;34.88757;10.76118
21;صفاقس 2;ساقية الزيت;م.إ.  بئر عباس;ابتدائي;34.86922;10.71063
21;صفاقس 2;ساقية الزيت;م.إ.  ابن رشيق;ابتدائي;34.7828911;10.751164
21;صفاقس 2;ساقية الزيت;م.إ.  الأنس 1;ابتدائي;34.828220962402035;10.759736794331825
21;صفاقس 2;ساقية الزيت;م.إ. الأنس 3;ابتدائي;34.82488868856438;10.751101056980454
21;صفاقس 2;جبنيانة;م.إ.  شارع بورقيبة;ابتدائي;35.031571424499184;10.908079144867123
21;صفاقس 2;جبنيانة;م.إ.  2مارس34جبنيانة;ابتدائي;35.03032;10.91096
21;صفاقس 2;جبنيانة;م.إ.  حزق 1;ابتدائي;35.02873;10.96254
21;صفاقس 2;جبنيانة;م.إ.  العجانقـة;ابتدائي;35.13801;10.90400
21;صفاقس 2;جبنيانة;م.إ.  مركز العجمي;ابتدائي;35.068939876354555;10.983387493476329
21;صفاقس 2;جبنيانة;م.إ.  اللــوزة;ابتدائي;35.03020;11.00313
21;صفاقس 2;جبنيانة;م.إ.  اولاد بوسميـر;ابتدائي;35.082740465858336;10.967715900212477
21;صفاقس 2;جبنيانة;م.إ.  اولاد يوسف;ابتدائي;35.06104137253013;10.856911256666592
21;صفاقس 2;جبنيانة;م.إ.  المجاذبــة;ابتدائي;35.10821;10.85301
21;صفاقس 2;جبنيانة;م.إ.  دوار اللـواتـة;ابتدائي;35.05161;11.00450
21;صفاقس 2;جبنيانة;م.إ.  القـلالجــة;ابتدائي;35.08215;10.93981
21;صفاقس 2;جبنيانة;م.إ.  اولاد احمد;ابتدائي;35.03865;10.86249
21;صفاقس 2;جبنيانة;م.إ.  الجبارنــة;ابتدائي;35.10940391539385;10.90371609863524
21;صفاقس 2;جبنيانة;م.إ.  بطــرية;ابتدائي;35.07544;11.01876
21;صفاقس 2;جبنيانة;م.إ.  أولاد منصـر;ابتدائي;35.01220;10.96240
21;صفاقس 2;جبنيانة;م.إ.  المناصرية;ابتدائي;35.09516480396811;10.884635687925824
21;صفاقس 2;جبنيانة;م.إ.  حي الحدائق;ابتدائي;35.03845;10.89341
21;صفاقس 2;جبنيانة;م.إ. اولاد حميدة;ابتدائي;35.06105;10.85701
21;صفاقس 2;جبنيانة;م.إ.  العقاقشـــة;ابتدائي;35.05249;10.96667
21;صفاقس 2;جبنيانة;م.إ.  الدرابلــة;ابتدائي;35.01708;10.92893
21;صفاقس 2;جبنيانة;م.إ.  حزق2;ابتدائي;35.02614;10.96606
21;صفاقس 2;جبنيانة;م.إ.  سيدي عبدالعزيز;ابتدائي;35.105886038720634;10.948877593039247
21;صفاقس 2;جبنيانة;م.إ.  أولاد مجاهد;ابتدائي;35.157547455867196;10.898083620632482
21;صفاقس 2;جبنيانة;م.إ.  الغراســة;ابتدائي;35.12642;10.88701
21;صفاقس 2;جبنيانة;م.إ. المساترية;ابتدائي;35.01698;10.90635
21;صفاقس 2;#N/A;م.إ.  الحمازة;ابتدائي;35.123385;10.871215
21;صفاقس 2;العامرة;م.إ.  بليانة 1;ابتدائي;34.99278760655767;10.935431366892821
21;صفاقس 2;العامرة;م.إ.   بليانة الشرقية;ابتدائي;35.0052 ;10.9431
21;صفاقس 2;العامرة;م.إ.  العامرة 1;ابتدائي;34.98457530547758;10.896169091874293
21;صفاقس 2;العامرة;م.إ.  العامرة 2;ابتدائي;34.97818;10.89858
21;صفاقس 2;العامرة;م.إ.  الكتاتنة;ابتدائي;34.93981370132464;10.866239218948374
21;صفاقس 2;العامرة;م.إ.  السعادي طريق المهدية;ابتدائي;34.88585;10.84585
21;صفاقس 2;العامرة;م.إ.  العوابد;ابتدائي;34.87285;10.89711
21;صفاقس 2;العامرة;م.إ.  أولاد مسلم;ابتدائي;34.96197;10.85435
21;صفاقس 2;العامرة;م.إ.  المهارة;ابتدائي;34.97253;10.81247
21;صفاقس 2;العامرة;م.إ.  عين غزال;ابتدائي;35.00287;10.89762
21;صفاقس 2;العامرة;م.إ.  أفّي;ابتدائي;34.98530;10.84791
21;صفاقس 2;العامرة;م.إ.  الفيض;ابتدائي;34.95589;10.89871
21;صفاقس 2;العامرة;م.إ.  الجواودة;ابتدائي;35.00793;10.84702
21;صفاقس 2;العامرة;م.إ.  الغلالبة;ابتدائي;34.97724;10.83711
21;صفاقس 2;العامرة;م.إ.  العقاربة;ابتدائي;34.89829;10.82188
21;صفاقس 2;العامرة;م.إ. ذراع بن زايد;ابتدائي;34.92957;10.89141
21;صفاقس 2;#N/A;م.إ.  أولاد الغالي;ابتدائي;34.9183;10.8655
21;صفاقس 2;الحنشة;م.إ.  2 مارس 34 الحنشة;ابتدائي;35.12236142889637;10.741154930351271
21;صفاقس 2;الحنشة;م.إ. أولاد حمـد 1;ابتدائي;35.14491;10.70119
21;صفاقس 2;الحنشة;م.إ.  أولاد طاهر;ابتدائي;35.09089;10.78150
21;صفاقس 2;الحنشة;م.إ.  الغرابة;ابتدائي;34.94629474641335;10.745439061289671
21;صفاقس 2;الحنشة;م.إ.  الغطاطسة;ابتدائي;35.11585;10.62529
21;صفاقس 2;الحنشة;م.إ. الغيب;ابتدائي;35.046178310834726;10.716518441515941
21;صفاقس 2;الحنشة;م.إ.  مركز مصباح;ابتدائي;35.07141;10.68229
21;صفاقس 2;الحنشة;م.إ.   سيدي حسن بلحاج;ابتدائي;35.18653;10.79475
21;صفاقس 2;الحنشة;م.إ.  بئر الشعبة;ابتدائي;35.06507;10.74612
21;صفاقس 2;الحنشة;م.إ.  بئر صالح;ابتدائي;35.20533;10.71210
21;صفاقس 2;الحنشة;م.إ. الحلالفة;ابتدائي;35.21660;10.75060
21;صفاقس 2;الحنشة;م.إ.  هنشير الجب;ابتدائي;35.02714;10.77552
21;صفاقس 2;الحنشة;م.إ.  أولاد عمر 1;ابتدائي;35.227296037490056;10.656450586197696
21;صفاقس 2;الحنشة;م.إ.  سيدي محمد بن عمر;ابتدائي;34.92582760148953;10.778542025256225
21;صفاقس 2;الحنشة;م.إ. البطاطحة;ابتدائي;35.20795;10.59948
21;صفاقس 2;الحنشة;م.إ. الخشارمة;ابتدائي;35.0451011;10.7897
21;صفاقس 2;الحنشة;م.إ.  المنصورة;ابتدائي;35.11902;10.74266
21;صفاقس 2;الحنشة;م.إ.  وادي الرقة;ابتدائي;35.22663;10.78267
21;صفاقس 2;الحنشة;م.إ.  النيب;ابتدائي;35.04163;10.69304
21;صفاقس 2;الحنشة;م.إ.  دخان المحطة;ابتدائي;34.98823;10.76032
21;صفاقس 2;الحنشة;م.إ.  سيدي غريب;ابتدائي;35.12924;10.80138
21;صفاقس 2;الحنشة;م.إ. الجلايلة;ابتدائي;35.09238;10.69809
21;صفاقس 2;الحنشة;م.إ. أولاد احمد 2;ابتدائي;35.14762;10.71876
21;صفاقس 2;الحنشة;م.إ.  الحجارة;ابتدائي;35.23097;10.62094
21;صفاقس 2;الحنشة;م.إ.  دخان الشرقية;ابتدائي;34.98856;10.76141
21;صفاقس 2;الحنشة;م.إ.  البياضين;ابتدائي;35.13390818311266;10.645823178833375
21;صفاقس 2;الحنشة;م.إ. الجمال;ابتدائي;35.07302;10.69588
21;صفاقس 2;الحنشة;م.إ.  أولاد عمر 2;ابتدائي;35.20816;10.68295
21;صفاقس 2;الحنشة;م.إ.  الحلالفة الجنوبية;ابتدائي;35.18571;10.75099
21;صفاقس 2;الحنشة;م.إ.الحجارة 2;ابتدائي;35.242641939579165;10.636929989633638
21;صفاقس 2;الحنشة;م.إ. الطهــاهرة;ابتدائي;35.00138;10.79505
21;صفاقس 2;منزل شاكر;م.إ.  2 مارس 34 منزل شاكر;ابتدائي;34.96091;10.36254
21;صفاقس 2;منزل شاكر;م.إ.  بوثدي;ابتدائي;35.09819;10.26917
21;صفاقس 2;منزل شاكر;م.إ.  ماجل الدرج;ابتدائي;35.00866;10.56775
21;صفاقس 2;منزل شاكر;م.إ.  العوادنة;ابتدائي;35.10411;10.57375
21;صفاقس 2;منزل شاكر;م.إ. الرياض بوجربوع;ابتدائي;35.02387;10.65795
21;صفاقس 2;منزل شاكر;م.إ.  فسقية التبن;ابتدائي;35.03603;10.36994
21;صفاقس 2;منزل شاكر;م.إ.  بشكة;ابتدائي;34.90439;10.37396
21;صفاقس 2;منزل شاكر;م.إ.  بئر الملولي;ابتدائي;34.8572009;10.5539683
21;صفاقس 2;منزل شاكر;م.إ.  الحاج قاسم 2;ابتدائي;34.89663;10.21055
21;صفاقس 2;منزل شاكر;م.إ.  المراعية;ابتدائي;35.07196;10.48928
21;صفاقس 2;منزل شاكر;م.إ.  أولاد سعادة;ابتدائي;35.02333;10.47078
21;صفاقس 2;منزل شاكر;م.إ. أولاد يوسف الشمالية;ابتدائي;34.94436;10.51601
21;صفاقس 2;منزل شاكر;م.إ.  تليل العجلة;ابتدائي;35.00688;10.09088
21;صفاقس 2;منزل شاكر;م.إ.  زعيبيط;ابتدائي;34.95578;10.46292
21;صفاقس 2;منزل شاكر;م.إ.  ليماية;ابتدائي;35.02885;10.18685
21;صفاقس 2;منزل شاكر;م.إ.  الشوشة;ابتدائي;34.97954;10.68780
21;صفاقس 2;منزل شاكر;م.إ.  العقاير;ابتدائي;35.113;10.34565
21;صفاقس 2;منزل شاكر;م.إ.  الأعشاش;ابتدائي;35.14061055555598;10.599271265761127
21;صفاقس 2;منزل شاكر;م.إ.  مركز البرمكي;ابتدائي;35.07071;10.58964
21;صفاقس 2;منزل شاكر;م.إ.  القوادرية;ابتدائي;34.96677;10.63804
21;صفاقس 2;منزل شاكر;م.إ.  البرمكي 2;ابتدائي;35.08128;10.63500
21;صفاقس 2;منزل شاكر;م.إ.  بئر بن عياد;ابتدائي;34.90950;10.59202
21;صفاقس 2;منزل شاكر;م.إ.  الحاج قاسم 1;ابتدائي;34.92943;10.11444
21;صفاقس 2;منزل شاكر;م.إ. وادي الظل;ابتدائي;35.09921526876685;10.530317502932098
21;صفاقس 2;منزل شاكر;م.إ.  الرحامنة;ابتدائي;35.17509;10.60580
21;صفاقس 2;منزل شاكر;م.إ.  الطيايرة;ابتدائي;35.06539;10.40673
21;صفاقس 2;منزل شاكر;م.إ.  بوجربوع الشمالية;ابتدائي;35.03779;10.62381
21;صفاقس 2;منزل شاكر;م.إ.  المهاذبة;ابتدائي;35.01226;10.41213
21;صفاقس 2;منزل شاكر;م.إ.  الحاج قاسم 3;ابتدائي;34.87525;10.26902
21;صفاقس 2;منزل شاكر;م.إ.  سوق الأعشاش;ابتدائي;35.12359;10.57334
21;صفاقس 2;منزل شاكر;م.إ.  المصابحية;ابتدائي;35.055728987531914;10.335609672634698
21;صفاقس 2;منزل شاكر;م.إ  البورة;ابتدائي;34.99500;10.57600
21;صفاقس 2;قرقنة;م.إ.  2 /3/ 34 مليتة;ابتدائي;34.65140850639087;11.028835181400959
21;صفاقس 2;قرقنة;م.إ. النجاة;ابتدائي;34.77038;11.24909
21;صفاقس 2;قرقنة;م.إ.  القراطن;ابتدائي;34.81775;11.25910
21;صفاقس 2;قرقنة;م.إ.  العطايا;ابتدائي;34.74345;11.29705
21;صفاقس 2;قرقنة;م.إ.  الرملة;ابتدائي;34.70726;11.20268
21;صفاقس 2;قرقنة;م.إ.  أولاد بوعلي;ابتدائي;34.70048;11.19390
21;صفاقس 2;قرقنة;م.إ. أولاد يانق;ابتدائي;34.67339;11.13978
21;صفاقس 2;قرقنة;م.إ.  أولاد قاسم;ابتدائي;34.68475;11.16844
21;صفاقس 2;قرقنة;م.إ.  أولاد عزالدين;ابتدائي;34.65457;11.08828
22;المهدية;المهدية;م.إ.  ابن رشد;ابتدائي;35.502564;11.064364
22;المهدية;المهدية;م.إ. سيدي القديدي;ابتدائي;35.5061611;11.0736258
22;المهدية;المهدية;م.إ.  هيبون بورقيبة;ابتدائي;35.512662;11.045219
22;المهدية;المهدية;م.إ.  الأكواش;ابتدائي;35.4998787;11.0465882
22;المهدية;رجيش;م.إ. رجيش شارع بورقيبة;ابتدائي;35.464498;11.036384
22;المهدية;المهدية;م.إ.  شارع علي البلهوان;ابتدائي;35.502867;11.048113
22;المهدية;المهدية;م.إ.  2مارس 34 الزقانة;ابتدائي;35.490768;11.046714
22;المهدية;المهدية;م.إ.  الحكايمة;ابتدائي;35.470800;10.888379
22;المهدية;المهدية;م.إ.  شيبة/الفتح;ابتدائي;35.524367;10.937085
22;المهدية;المهدية;م.إ. السعد;ابتدائي;35.468033;10.932034
22;المهدية;المهدية;م.إ.  الدخيلة;ابتدائي;35.519184;10.973806
22;المهدية;المهدية;م.إ.  البشير صفر المهدية;ابتدائي;35.505281;11.053465
22;المهدية;رجيش;م.إ.  رجيش حشاد;ابتدائي;35.462265;11.040083
22;المهدية;المهدية;م.إ.  أولاد الذوادي (الحكايمة);ابتدائي;35.447436;10.872247
22;المهدية;المهدية;م.إ.  الزواوين (الحكايمة);ابتدائي;35.451911;10.855128
22;المهدية;المهدية;م.إ.  الجواودة;ابتدائي;35.478937;10.871780
22;المهدية;المهدية;م.إ.  الجواودة المنصوريّة;ابتدائي;35.497042;10.890657
22;المهدية;المهدية;م.إ. هيبون الفتح;ابتدائي;35.5126577;11.0447848
22;المهدية;المهدية;م.إ. سيدي مسعود;ابتدائي;35.519114;11.029644
22;المهدية;المهدية;م.إ.  برج عريف;ابتدائي;35.506649;11.027863
22;المهدية;المهدية;م.إ.  الروضة;ابتدائي;35.5070664;11.0381498
22;المهدية;المهدية;م.إ.  السلام بالزهراء;ابتدائي;35.494682;11.042671
22;المهدية;المهدية;م.إ.  أولاد بلعيد;ابتدائي;35.483441;10.940684
22;المهدية;السواسي;م.إ.  2 مارس 34 السواسي;ابتدائي;35.342634;10.549312
22;المهدية;السواسي;م.إ.  الكساسبة;ابتدائي;35.384239;10.633222
22;المهدية;السواسي;م.إ.  سيدي زيد;ابتدائي;35.361198;10.498362
22;المهدية;السواسي;م.إ.  الشحيمات الجنوبية;ابتدائي;35.390402;10.46077
22;المهدية;السواسي;م.إ. الحميدات;ابتدائي;35.316768;10.613086
22;المهدية;السواسي;م.إ.  الجميعات;ابتدائي;35.303528;10.517317
22;المهدية;السواسي;م.إ.  أولاد مولاهم الشرقية;ابتدائي;35.343567;10.430493
22;المهدية;السواسي;م.إ. ابن خلدون السواسي;ابتدائي;35.346506;10.542429
22;المهدية;السواسي;م.إ.  القدارات;ابتدائي;35.281804;10.538517
22;المهدية;السواسي;م.إ.  أولاد مولاهم الغربية;ابتدائي;35.3191248;10.4043746
22;المهدية;السواسي;م.إ. الستوت;ابتدائي;35.433097;10.433706
22;المهدية;السواسي;م.إ.  أولاد عبد الله;ابتدائي;35.407421;10.617744
22;المهدية;السواسي;م.إ.  أولاد عمر السيدة;ابتدائي;35.362866;10.571289
22;المهدية;السواسي;م.إ.  الجعاونية;ابتدائي;35.320453;10.568928
22;المهدية;السواسي;م.إ.  الجماملة;ابتدائي;35.344824;10.508115
22;المهدية;السواسي;م.إ.  الرجيبات;ابتدائي;35.355037;10.409357
22;المهدية;السواسي;م.إ.  الطوالب السواسي;ابتدائي;35.411855;10.445244
22;المهدية;السواسي;م.إ. أولاد عون;ابتدائي;35.363200;10.636033
22;المهدية;السواسي;م.إ. القوادرية;ابتدائي;35.324058;10.591517
22;المهدية;السواسي;م.إ. الحثرمين;ابتدائي;35.359655;10.447973
22;المهدية;السواسي;م.إ.  السودان;ابتدائي;35.255261;10.568839
22;المهدية;السواسي;م.إ. السلايمية;ابتدائي;35.310556;10.494333
22;المهدية;السواسي;م.إ.  المرابطية;ابتدائي;35.324560;10.513640
22;المهدية;السواسي;م.إ.  الزعيرات;ابتدائي;35.300263;10.427879
22;المهدية;السواسي;م.إ.  الشعرة;ابتدائي;35.350316;10.489427
22;المهدية;السواسي;م.إ.  البزاينية;ابتدائي;35.376607;10.507544
22;المهدية;السواسي;م.إ.  أولاد خليفة;ابتدائي;35.379153;10.436308
22;المهدية;السواسي;م.إ. الفــرجان;ابتدائي;35.288464;10.558944
22;المهدية;السواسي;م.إ.المسلان السواسي;ابتدائي;35.40873;10.58434
22;المهدية;#N/A;م.إ.  الشرقّة;ابتدائي;35.3420234;10.3984483
22;المهدية;بومرداس;م.إ.  بومرداس الحبيب;ابتدائي;35.457124;10.723746
22;المهدية;بومرداس;م.إ. 34/3/2 كركر;ابتدائي;35.483603;10.640596
22;المهدية;بومرداس;م.إ.  الرواضي;ابتدائي;35.411961;10.697902
22;المهدية;بومرداس;م.إ.  الزراطة;ابتدائي;35.439712;10.677600
22;المهدية;بومرداس;م.إ. الشوارعية;ابتدائي;35.434948;10.766615
22;المهدية;بومرداس;م.إ. بوهلال علي 1;ابتدائي;35.426713;10.649936
22;المهدية;بومرداس;م.إ.  بوهلال علي 2;ابتدائي;35.403995;10.671353
22;المهدية;بومرداس;م.إ.  منزل حمزة;ابتدائي;35.421655;10.807186
22;المهدية;بومرداس;م.إ.  كركر المحطة;ابتدائي;35.470354;10.659803
22;المهدية;بومرداس;م.إ.  الملاهمة;ابتدائي;35.446200;10.616400
22;المهدية;بومرداس;م.إ.  العواذبية;ابتدائي;35.379830;10.680423
22;المهدية;بومرداس;م.إ.  2 مارس منزل حمزة;ابتدائي;35.404403;10.794432
22;المهدية;بومرداس;م.إ. الحوس;ابتدائي;35.444193;10.725751
22;المهدية;بومرداس;م.إ.  أولاد امحمد;ابتدائي;35.4494699;10.7463884
22;المهدية;بومرداس;م.إ. النعايمة;ابتدائي;35.409380;10.725926
22;المهدية;شربان;م.إ.  34/3/2 شربان;ابتدائي;35.284759;10.386818
22;المهدية;شربان;م.إ.  أولاد الحناشي;ابتدائي;35.309603;10.458462
22;المهدية;شربان;م.إ.  غرة جوان55 الشحدة;ابتدائي;35.256500;10.325786
22;المهدية;شربان;م.إ.  القواسم;ابتدائي;35.160959;10.427232
22;المهدية;شربان;م.إ.  هنشير بوعزيز;ابتدائي;35.237211;10.402531
22;المهدية;شربان;م.إ.  خير الدين;ابتدائي;35.186222;10.400314
22;المهدية;شربان;م.إ.  الشرف شربان;ابتدائي;35.198192;10.361319
22;المهدية;شربان;م.إ.  أولاد شريفة;ابتدائي;35.186512;10.538412
22;المهدية;شربان;م.إ.  البصرة شربان;ابتدائي;35.172078;10.478953
22;المهدية;شربان;م.إ.  القرادحة;ابتدائي;35.218233;10.491086
22;المهدية;شربان;م.إ.  أولاد احمد;ابتدائي;35.214513;10.546454
22;المهدية;شربان;م.إ.  المزاهدة;ابتدائي;35.285679;10.353775
22;المهدية;شربان;م.إ.  العبابدة;ابتدائي;35.2690637;10.413614
22;المهدية;شربان;م.إ.  الشوايقية;ابتدائي;35.219575;10.457250
22;المهدية;شربان;م.إ.  أولاد التومي;ابتدائي;35.284881;10.465926
22;المهدية;شربان;م.إ.  حي الرياض القواسم;ابتدائي;35.179065;10.446608
22;المهدية;شربان;م.إ.  الشواشين;ابتدائي;35.248921;10.487852
22;المهدية;شربان;م.إ. الخيور;ابتدائي;35.1744167;10.5066613
22;المهدية;هبيرة;م.إ. المحارزة;ابتدائي;35.355819;10.241869
22;المهدية;هبيرة;م.إ.  2 مارس 34 هبيرة;ابتدائي;35.168975;10.228916
22;المهدية;هبيرة;م.إ.  منزل حشاد هبيرة;ابتدائي;35.184975;10.280746
22;المهدية;هبيرة;م.إ.  الشحدة;ابتدائي;35.244953;10.213417
22;المهدية;هبيرة;م.إ.  الرقائقة;ابتدائي;35.214290;10.302786
22;المهدية;هبيرة;م.إ. الكراعيد1 حوان;ابتدائي;35.154761;10.314147
22;المهدية;هبيرة;م.إ.  الحجارة;ابتدائي;35.200769;10.236068
22;المهدية;هبيرة;م.إ.  أولاد نصيب الشط;ابتدائي;35.279861;10.239467
22;المهدية;هبيرة;م.إ.  المحارزة الجنوبية;ابتدائي;35.371889;10.204885
22;المهدية;هبيرة;م.إ.  أولاد نصيب - عقبة ابن نافع;ابتدائي;35.263862;10.180654
22;المهدية;الجم;م.إ. شارع الهادي شاكر;ابتدائي;35.294546;10.701188
22;المهدية;الجم;م.إ.  الحي الجديد 1;ابتدائي;35.299270;10.710310
22;المهدية;الجم;م.إ.  العاشورية ;ابتدائي;35.292847;10.707298
22;المهدية;الجم;م.إ.  2 مارس34 التلالسة;ابتدائي;35.350756;10.787182
22;المهدية;الجم;م.إ.  العشابة;ابتدائي;35.303200;10.792156
22;المهدية;الجم;م.إ.  الزغابنة;ابتدائي;35.233952;10.708825
22;المهدية;الجم;م.إ.  العيثة- الامتياز;ابتدائي;35.275320;10.639325
22;المهدية;الجم;م.إ.  سيدي بوهلال;ابتدائي;35.280533;10.585867
22;المهدية;الجم;م.إ.  العبابسة;ابتدائي;35.388974;10.770364
22;المهدية;الجم;م.إ.  بني ثابت;ابتدائي;35.378672;10.702636
22;المهدية;الجم;م.إ.  رياض بوهلال;ابتدائي;35.261667;10.6033062
22;المهدية;الجم;م.إ.  المشالات;ابتدائي;35.338043;10.637628
22;المهدية;الجم;م.إ.  أولاد عرجون;ابتدائي;35.269425;10.810322
22;المهدية;الجم;م.إ.  النصيرات;ابتدائي;35.326495;10.792893
22;المهدية;الجم;م.إ.  ابن سينا;ابتدائي;35.285617;10.712359
22;المهدية;الجم;م.إ.  الشياب;ابتدائي;35.274756;10.838667
22;المهدية;الجم;م.إ.  الحي الجديد 2;ابتدائي;35.299717;10.710675
22;المهدية;الجم;م.إ.  وادي حمودة;ابتدائي;35.269173;10.756490
22;المهدية;ملولش;م.إ.  ملولش  الشهيد سفيان بن احمد;ابتدائي;35.166001;11.035566
22;المهدية;ملولش;م.إ.  أولاد المبروك;ابتدائي;35.132964;11.016470
22;المهدية;ملولش;م.إ.  أولاد جاء بالله;ابتدائي;35.204658;10.919129
22;المهدية;ملولش;م.إ.  أولاد عبد الله;ابتدائي;35.185633;10.989127
22;المهدية;ملولش;م.إ.  2 مارس 34 المنصورة;ابتدائي;35.174926;10.930886
22;المهدية;ملولش;م.إ.  بني طورش;ابتدائي;35.229736;10.977861
22;المهدية;ملولش;م.إ.  العرقوب;ابتدائي;35.164503;10.975781
22;المهدية;ملولش;م.إ.  أولاد احمد;ابتدائي;35.160866;11.003219
22;المهدية;ملولش;م.إ.  الهود;ابتدائي;35.137944;10.959969
22;المهدية;ملولش;م.إ. الفقائرة;ابتدائي;35.159542;11.026269
22;المهدية;ملولش;م.إ.  18 جانفي أولاد جاء بالله;ابتدائي;35.208349;10.943934
22;المهدية;الشابة;م.إ.  الشابة الوسطى;ابتدائي;35.236898;11.111692
22;المهدية;الشابة;م.إ.  الشابة الشرقية;ابتدائي;35.239346;11.117335
22;المهدية;الشابة;م.إ.  الشابة الوهاب;ابتدائي;35.230660;11.114628
22;المهدية;الشابة;م.إ.  السعفات;ابتدائي;35.267594;11.040632
22;المهدية;الشابة;م.إ.  طريق المرسى;ابتدائي;35.235581;11.117367
22;المهدية;الشابة;م.إ.  الفراحتة;ابتدائي;35.243007;11.089553
22;المهدية;الشابة;م.إ.  الشابة حشاد;ابتدائي;35.235631;11.126539
22;المهدية;الشابة;م.إ. جنان الجلاصي;ابتدائي;35.2904028;11.0232196
22;المهدية;الشابة;م.إ.  2 مارس 34 الغضابنة;ابتدائي;35.288784;11.051295
22;المهدية;الشابة;م.إ.  الخمارة;ابتدائي;35.304386;11.041408
22;المهدية;قصور الساف;م.إ.  قصور الساف بورقيبة;ابتدائي;35.419111;10.994798
22;المهدية;قصور الساف;م.إ.  قصور الساف الشهداء;ابتدائي;35.415435;10.997785
22;المهدية;قصور الساف;م.إ.  قصور الساف زروق;ابتدائي;35.416098;10.986548
22;المهدية;قصور الساف;م.إ. قصور الساف الفتح;ابتدائي;35.415606;11.002042
22;المهدية;البرادعة;م.إ.  البرادعة;ابتدائي;35.349962;10.990766
22;المهدية;البرادعة;م.إ.  الرشارشة 1;ابتدائي;35.302774;10.984034
22;المهدية;قصور الساف;م.إ.  سيدي عساكر الشرقية;ابتدائي;35.435837;10.922414
22;المهدية;قصور الساف;م.إ.  سلقطة;ابتدائي;35.397237;11.041385
22;المهدية;قصور الساف;م.إ.  قصور الساف- علي المحجوب;ابتدائي;35.41510;10.99178
22;المهدية;قصور الساف;م.إ.  قصور الساف الروضة;ابتدائي;35.419032;10.995157
22;المهدية;قصور الساف;م.إ.  سيدي عساكر الغربية;ابتدائي;35.413836;10.879953
22;المهدية;البرادعة;م.إ. حي الحجاج (الرشارشة);ابتدائي;35.294094;10.964229
22;المهدية;البرادعة;م.إ.  الصوالح;ابتدائي;35.363439;10.995412
22;المهدية;البرادعة;م.إ.  الحسينات;ابتدائي;35.319739;10.987948
22;المهدية;قصور الساف;م.إ.  34/3/2 سلقطة;ابتدائي;35.393164;11.039239
22;المهدية;البرادعة;م.إ.  أولاد مسلم;ابتدائي;35.361803;10.970094
22;المهدية;البرادعة;م.إ.  الحناينة;ابتدائي;35.280476;10.995708
22;المهدية;البرادعة;م.إ.  القدارة;ابتدائي;35.303527;11.005921
22;المهدية;البرادعة;م.إ.  ابن رشد البرادعة;ابتدائي;35.339039;10.987239
22;المهدية;البرادعة;م.إ.  الرشارشة 2 المهدية;ابتدائي;35.302820;10.983264
22;المهدية;البرادعة;م.إ. العوينة الرشراشة;ابتدائي;35.26569;10.95601
22;المهدية;سيدي علوان;م.إ.  سيدي علوان بورقيبة;ابتدائي;35.372204;10.937069
22;المهدية;سيدي علوان;م.إ.  نهج بن خليفة ;ابتدائي;35.376327;10.933858
22;المهدية;سيدي علوان;م.إ.  ساقية الخادم;ابتدائي;35.385289;10.874069
22;المهدية;سيدي علوان;م.إ.  وادي باجة;ابتدائي;35.344958;10.878428
22;المهدية;سيدي علوان;م.إ.  وادي قلات;ابتدائي;35.394586;10.816831
22;المهدية;سيدي علوان;م.إ.  سعفات وادي باجة;ابتدائي;35.310110;10.851365
22;المهدية;سيدي علوان;م.إ.  زالبة الشرقية;ابتدائي;35.244953;10.904920
22;المهدية;سيدي علوان;م.إ.  زالبة الغربية;ابتدائي;35.202271;10.849787
22;المهدية;سيدي علوان;م.إ.  زردة;ابتدائي;35.298338;10.920446
22;المهدية;سيدي علوان;م.إ.  الصعدة;ابتدائي;35.365676;10.825484
22;المهدية;سيدي علوان;م.إ.  البعاجلة;ابتدائي;35.388619;10.920384
22;المهدية;سيدي علوان;م.إ. الشواش;ابتدائي;35.403167;10.854883
22;المهدية;سيدي علوان;م.إ.  المصيفة;ابتدائي;35.171278;10.842222
22;المهدية;سيدي علوان;م.إ.  أولاد عائشة;ابتدائي;35.183883;10.874586
22;المهدية;سيدي علوان;م.إ.  الأمل وادي باجة;ابتدائي;35.344072;10.843278
22;المهدية;سيدي علوان;م.إ.  أولاد بالليل;ابتدائي;35.381619;10.899592
22;المهدية;سيدي علوان;م.إ.  العيايطة;ابتدائي;35.367146;10.885444
22;المهدية;سيدي علوان;م.إ.  قشانة;ابتدائي;35.393114;10.842392
22;المهدية;سيدي علوان;م.إ.  الزوازي;ابتدائي;35.335764;10.818763
22;المهدية;سيدي علوان;م.إ.  الماجرية;ابتدائي;35.322487;10.890241
22;المهدية;سيدي علوان;م.إ.أولاد أحمد زالبة;ابتدائي;35.1973354;10.8195373
22;المهدية;أولاد الشامخ;م.إ.  الفوز;ابتدائي;35.496661;10.318892
22;المهدية;أولاد الشامخ;م.إ.  الغرارقة;ابتدائي;35.396834;10.258402
22;المهدية;أولاد الشامخ;م.إ.  أولاد الشامخ 6;ابتدائي;35.492477;10.314234
22;المهدية;أولاد الشامخ;م.إ.  العجيلات;ابتدائي;35.420121;10.354418
22;المهدية;أولاد الشامخ;م.إ.  أولاد بوزيد;ابتدائي;35.464512;10.357080
22;المهدية;أولاد الشامخ;م.إ.  الشحيمات الشمالية;ابتدائي;35.434342;10.393703
22;المهدية;أولاد الشامخ;م.إ.  أولاد عمر;ابتدائي;35.467726;10.418551
22;المهدية;أولاد الشامخ;م.إ.  أولاد الشامخ 7;ابتدائي;35.513095;10.273992
22;المهدية;أولاد الشامخ;م.إ.  السمرة;ابتدائي;35.433900;10.276140
22;المهدية;أولاد الشامخ;م.إ.  بئر بو سليم;ابتدائي;35.429003;10.232319
22;المهدية;أولاد الشامخ;م.إ.  الهواني;ابتدائي;35.454333;10.314394
22;المهدية;أولاد الشامخ;م.إ.  الحرية;ابتدائي;35.471314;10.268522
22;المهدية;أولاد الشامخ;م.إ.  فريق العمارات;ابتدائي;35.371688;10.397015
22;المهدية;أولاد الشامخ;م.إ.  البراشنية;ابتدائي;35.453274;10.247832
22;المهدية;أولاد الشامخ;م.إ.  لمانع;ابتدائي;35.531533;10.254906
22;المهدية;أولاد الشامخ;م.إ. المنيدرة;ابتدائي;35.401528;10.289144
22;المهدية;أولاد الشامخ;م.إ.  الرزايقية;ابتدائي;35.464884;10.439225
22;المهدية;أولاد الشامخ;م.إ. الدراغثة;ابتدائي;35.468926;10.391771
23;القيروان;القيروان الشمالية;م.إ.  التطبيقية الأسوار;ابتدائي;35.67578;10.10466
23;القيروان;القيروان الشمالية;م.إ.  غربي القيروان;ابتدائي;35.6789006;10.0908592
23;القيروان;القيروان الشمالية;م.إ.  الهدى;ابتدائي;35.6726776;10.0959969
23;القيروان;القيروان الشمالية;م.إ.  ابن الجزار الرحبة;ابتدائي;35.67971;10.09785
23;القيروان;القيروان الشمالية;م.إ.  أولاد فرحان;ابتدائي;35.68250;10.10148
23;القيروان;القيروان الشمالية;م.إ.  المنشية 1;ابتدائي;35.67859;10.07751
23;القيروان;القيروان الشمالية;م.إ.  الأغالبة;ابتدائي;35.674833713356286;10.085386741155006
23;القيروان;القيروان الشمالية;م.إ.  الباطن;ابتدائي;35.71251;10.00097
23;القيروان;القيروان الشمالية;م.إ.  ذراع التمار;ابتدائي;35.73683;10.10225
23;القيروان;القيروان الشمالية;م.إ.  الغابات;ابتدائي;35.73393;10.15317
23;القيروان;القيروان الشمالية;م.إ.  المتبسطة;ابتدائي;35.7899538;10.1443611
23;القيروان;القيروان الشمالية;م.إ.  القطرانية;ابتدائي;35.7532111;10.0562021
23;القيروان;القيروان الشمالية;م.إ.  دار الأمان;ابتدائي;35.69375;10.08210
23;القيروان;القيروان الشمالية;م.إ. المرازيق;ابتدائي;35.6970029;10.1989257
23;القيروان;القيروان الشمالية;م.إ.  أبو زمعة البلوي;ابتدائي;35.68284;10.08211
23;القيروان;القيروان الشمالية;م.إ.  عقبة ابن نافع;ابتدائي;35.67153;10.08215
23;القيروان;القيروان الشمالية;م.إ. ابن عرفة حي عقبة;ابتدائي;35.66897;10.07661
23;القيروان;القيروان الشمالية;م.إ.  المنشية2;ابتدائي;35.67522;10.07981
23;القيروان;القيروان الشمالية;م.إ. الصحابي 2;ابتدائي;35.6850561;10.0845524
23;القيروان;القيروان الشمالية;م.إ.  أولاد حمودة;ابتدائي;35.73080;10.20737
23;القيروان;القيروان الشمالية;م.إ.  حي النور;ابتدائي;35.67513;10.07455
23;القيروان;القيروان الشمالية;م.إ.  ماجل السعايدية;ابتدائي;35.78592;10.07304
23;القيروان;القيروان الشمالية;م.إ.  الصحابي4;ابتدائي;35.69254;10.09316
23;القيروان;القيروان الجنوبية;م.إ.  التطبيقية طارق ابن زياد;ابتدائي;35.67242;10.10458
23;القيروان;القيروان الجنوبية;م.إ. التربية;ابتدائي;35.66710;10.10012
23;القيروان;القيروان الجنوبية;م.إ.  المنصورة;ابتدائي;35.66224;10.08907
23;القيروان;القيروان الجنوبية;م.إ.  صبرة;ابتدائي;35.65844;10.09103
23;القيروان;القيروان الجنوبية;م.إ. التطبيقية الطيب المهيري;ابتدائي;35.67281;10.10381
23;القيروان;القيروان الجنوبية;م.إ.  حي النصر;ابتدائي;35.66945;10.08523
23;القيروان;القيروان الجنوبية;م.إ.  2 مارس 34 القيروان;ابتدائي;35.65276;10.08608
23;القيروان;القيروان الجنوبية;م.إ.  سيدي عمر الكناني;ابتدائي;35.56031;10.11321
23;القيروان;القيروان الجنوبية;م.إ.  مرق الليل;ابتدائي;35.63637;9.98021
23;القيروان;القيروان الجنوبية;م.إ.  بريكات العرقوب;ابتدائي;35.46374;9.92212
23;القيروان;القيروان الجنوبية;م.إ.  عين الخزازية;ابتدائي;35.62971;10.2122931
23;القيروان;القيروان الجنوبية;م.إ.  الشرقية;ابتدائي;35.6807954;10.1751117
23;القيروان;القيروان الجنوبية;م.إ.  الخضراء;ابتدائي;35.5039822;9.9481795
23;القيروان;القيروان الجنوبية;م.إ.  المخصومة;ابتدائي;35.59048;10.19156
23;القيروان;القيروان الجنوبية;م.إ.  النبش;ابتدائي;35.52080;10.20884
23;القيروان;القيروان الجنوبية;م.إ. رقادة;ابتدائي;35.61099;10.06491
23;القيروان;القيروان الجنوبية;م.إ.  زعفرانة;ابتدائي;35.5330088;10.0557549
23;القيروان;القيروان الجنوبية;م.إ.  أولاد نهار;ابتدائي;35.62677;10.16845
23;القيروان;القيروان الجنوبية;م.إ.  هنشير بيشي;ابتدائي;35.51035;10.01215
23;القيروان;القيروان الجنوبية;م.إ.  الحنباز;ابتدائي;35.60457;10.25794
23;القيروان;القيروان الجنوبية;م.إ.  التبان 1;ابتدائي;35.66193;10.11033
23;القيروان;القيروان الجنوبية;م.إ.  الحمام;ابتدائي;35.53600333887292;9.959151171135554
23;القيروان;القيروان الجنوبية;م.إ.  القواسم;ابتدائي;35.49436;10.22568
23;القيروان;القيروان الجنوبية;م.إ.  التبان 2;ابتدائي;35.6589323;10.1089171
23;القيروان;القيروان الجنوبية;م.إ. ابن الجزار 2;ابتدائي;35.64903;10.09080
23;القيروان;القيروان الجنوبية;م.إ.  حي السلام;ابتدائي;35.66414;10.08324
23;القيروان;القيروان الجنوبية;م.إ. الامام سحنون;ابتدائي;35.67451;10.11782
23;القيروان;الشبيكة;م.إ.  قرية الهوارب;ابتدائي;35.56770;9.77031
23;القيروان;الشبيكة;م.إ.  فج الرويسات;ابتدائي;35.76340;9.88830
23;القيروان;الشبيكة;م.إ.  عبيدة الشرقية;ابتدائي;35.58759;10.00354
23;القيروان;الشبيكة;م.إ.  الشبيكة المركز;ابتدائي;35.61776;9.92977
23;القيروان;الشبيكة;م.إ.  ذراع عفان;ابتدائي;35.52002;9.84405
23;القيروان;الشبيكة;م.إ.  عبيدة الغربية;ابتدائي;35.51807;9.90868
23;القيروان;الشبيكة;م.إ.  القرين;ابتدائي;35.62765;9.87229
23;القيروان;الشبيكة;م.إ. الكرمة;ابتدائي;35.5638304;9.8401408
23;القيروان;الشبيكة;م.إ.  الجواودة الهداية;ابتدائي;35.69660;9.92715
23;القيروان;الشبيكة;م.إ.  ورفلة;ابتدائي;35.63395;9.94805
23;القيروان;الشبيكة;م.إ.  الرويسات;ابتدائي;35.76572;9.91777
23;القيروان;الشبيكة;م.إ.  سيدي علي بن سالم;ابتدائي;35.5865562;9.9087534
23;القيروان;الشبيكة;م.إ.  العوامرية;ابتدائي;35.67433;9.97913
23;القيروان;الشبيكة;م.إ.  الفراجنية;ابتدائي;35.5391319;9.9990859
23;القيروان;الشبيكة;م.إ.  سيدي محمود;ابتدائي;35.80536;9.92313
23;القيروان;الشبيكة;م.إ.  فندرة;ابتدائي;35.72776;9.88403
23;القيروان;الشبيكة;م.إ.  النجــاح;ابتدائي;35.53647;9.88600
23;القيروان;الشبيكة;م.إ. المجدوب;ابتدائي;35.65381;9.96046
23;القيروان;الشبيكة;م.إ.  الملالسة;ابتدائي;35.5936989;9.9381112
23;القيروان;الشبيكة;م.إ.  الصوالحية;ابتدائي;35.55924;9.96370
23;القيروان;الشبيكة;م.إ.  القوازين;ابتدائي;35.70012;9.88842
23;القيروان;الشبيكة;م.إ.  الشبيـكة 2 حي صابرين;ابتدائي;35.6235007;9.9241171
23;القيروان;الشبيكة;م.إ. الحميدات الأمل;ابتدائي;35.59153;9.98144
23;القيروان;الشبيكة;م.إ. الرماضنية الأمل;ابتدائي;35.68323;9.90692
23;القيروان;السبيخة;م.إ.  فرحات حشاد ;ابتدائي;35.9301063;10.0230564
23;القيروان;السبيخة;م.إ.  عين بومرة;ابتدائي;35.9663775;9.9495027
23;القيروان;السبيخة;م.إ.  عين دباب;ابتدائي;36.021209;9.8755162
23;القيروان;السبيخة;م.إ.  العلم;ابتدائي;35.9120937;10.0504559
23;القيروان;السبيخة;م.إ.  العويثة;ابتدائي;36.0013688;10.2088239
23;القيروان;السبيخة;م.إ. البلاطة;ابتدائي;35.91453;10.12588
23;القيروان;السبيخة;م.إ. سرديانة;ابتدائي;35.93096;9.9040546
23;القيروان;السبيخة;م.إ.  الشرفة;ابتدائي;35.84919;9.93341
23;القيروان;السبيخة;م.إ. دار بن عائشة;ابتدائي;36.00645;10.15578
23;القيروان;السبيخة;م.إ.  دار الجمعية;ابتدائي;36.0340706;10.1943971
23;القيروان;السبيخة;م.إ.  الذريعات;ابتدائي;35.97325;10.15514
23;القيروان;السبيخة;م.إ. الدخيلة;ابتدائي;35.86760;10.00513
23;القيروان;السبيخة;م.إ.  القفي;ابتدائي;36.06262;10.14053
23;القيروان;السبيخة;م.إ. هندي الزيتونة;ابتدائي;36.00131;10.09244
23;القيروان;السبيخة;م.إ.  السبارة;ابتدائي;35.88837;9.88616
23;القيروان;السبيخة;م.إ.  سيدي مسعود;ابتدائي;35.9910832;9.8556707
23;القيروان;السبيخة;م.إ.  فطناسة;ابتدائي;35.81776;9.98847
23;القيروان;السبيخة;م.إ.  نفات;ابتدائي;36.1201356;10.1501863
23;القيروان;السبيخة;م.إ.  هماد;ابتدائي;36.00492;9.96583
23;القيروان;السبيخة;م.إ.  السواكت;ابتدائي;36.03922;10.17200
23;القيروان;السبيخة;م.إ.  المنجي سليم;ابتدائي;35.9283696;10.0264574
23;القيروان;السبيخة;م.إ.  الدلوسي;ابتدائي;35.89733;10.08246
23;القيروان;السبيخة;م.إ.  الخضر;ابتدائي;35.99021;10.03592
23;القيروان;السبيخة;م.إ.  التفوّق;ابتدائي;35.86643;9.90923
23;القيروان;السبيخة;م.إ. المعراجي;ابتدائي;35.94821;10.10539
23;القيروان;السبيخة;م.إ.  الجواودة القفي;ابتدائي;36.05908;10.18723
23;القيروان;السبيخة;م.إ.  سيدي ابراهيم الزهار;ابتدائي;35.83882;9.99922
23;القيروان;السبيخة;م.إ. حي الرياض;ابتدائي;35.9303936;10.0218913
23;القيروان;السبيخة;م.إ.  السعايدية;ابتدائي;35.95223;9.92657
23;القيروان;السبيخة;م.إ.  وادي الخريوع;ابتدائي;36.05069;10.10448
23;القيروان;السبيخة;م.إ.  أولاد شهيب;ابتدائي;35.87178;9.83537
23;القيروان;السبيخة;م.إ.  الطرابلسية;ابتدائي;35.950879;10.1317884
23;القيروان;السبيخة;م.إ. فرايحية;ابتدائي;35.91740;9.94755
23;القيروان;السبيخة;م.إ. الفريوات;ابتدائي;35.9603224;9.9756195
23;القيروان;السبيخة;م.إ.فضلون;ابتدائي;36.04408;10.0904
23;القيروان;السبيخة;م.إ  الرواونة;ابتدائي;35.9814186;10.1024085
23;القيروان;الوسلاتية;م.إ.  حشاد;ابتدائي;35.8490126;9.5896849
23;القيروان;الوسلاتية;م.إ. بئر غرزان;ابتدائي;35.77693;9.67245
23;القيروان;الوسلاتية;م.إ.  القمبورة;ابتدائي;35.88934;9.55416
23;القيروان;الوسلاتية;م.إ. الحمالة;ابتدائي;35.97383;9.68769
23;القيروان;الوسلاتية;م.إ.  قصر اللمسة;ابتدائي;36.0349321;9.691542
23;القيروان;الوسلاتية;م.إ.  الأبيرة;ابتدائي;35.92352;9.71998
23;القيروان;الوسلاتية;م.إ.  وادي القصب;ابتدائي;36.04823;9.76335
23;القيروان;الوسلاتية;م.إ. الصعانين;ابتدائي;35.9173809;9.6487225
23;القيروان;الوسلاتية;م.إ.  سيدي عمارة;ابتدائي;35.82591;9.53667
23;القيروان;الوسلاتية;م.إ. أولاد عيار;ابتدائي;36.00480;9.78511
23;القيروان;الوسلاتية;م.إ.  سيدي الريماني;ابتدائي;35.75285;9.53601
23;القيروان;الوسلاتية;م.إ. السرج;ابتدائي;35.94058;9.63182
23;القيروان;الوسلاتية;م.إ.  زغدود;ابتدائي;35.95286;9.75901
23;القيروان;الوسلاتية;م.إ.  المعازيل;ابتدائي;35.71872;9.55465
23;القيروان;الوسلاتية;م.إ.الحرية;ابتدائي;35.8476663;9.5860835
23;القيروان;الوسلاتية;م.إ.   رأس العيثة;ابتدائي;35.74770;9.66164
23;القيروان;الوسلاتية;م.إ. حي الصنوبر;ابتدائي;35.8507846;9.5960076
23;القيروان;الوسلاتية;م.إ. القليعة;ابتدائي;35.91488;9.57458
23;القيروان;الوسلاتية;م.إ.  ابن سينا;ابتدائي;35.8523648;9.5540146
23;القيروان;الوسلاتية;م.إ. أولاد بامر;ابتدائي;35.90584;9.59915
23;القيروان;الوسلاتية;م.إ.  السلام;ابتدائي;35.84071;9.68139
23;القيروان;الوسلاتية;م.إ.  الصدارة;ابتدائي;35.79320;9.64382
23;القيروان;الوسلاتية;م.إ. العثمانية;ابتدائي;35.87980;9.52812
23;القيروان;الوسلاتية;م.إ.  الطاوسة;ابتدائي;35.9982819;9.7306469
23;القيروان;الوسلاتية;م.إ.  الامتياز;ابتدائي;35.8516622;9.589408
23;القيروان;عين جلولة;م.إ. عين جلولة;ابتدائي;35.79745;9.80365
23;القيروان;عين جلولة;م.إ.  النحالة;ابتدائي;35.76189;9.76319
23;القيروان;عين جلولة;م.إ.  مقرة;ابتدائي;35.79298;9.73165
23;القيروان;عين جلولة;م.إ.  الطفيفيلة;ابتدائي;35.8520213;9.728338
23;القيروان;عين جلولة;م.إ.  الحسيان;ابتدائي;35.84684;9.81059
23;القيروان;العلا;م.إ.  العلا المركز;ابتدائي;35.61339;9.56223
23;القيروان;العلا;م.إ.  البحيرة;ابتدائي;35.63798;9.45296
23;القيروان;العلا;م.إ.  الجوامعية;ابتدائي;35.61280;9.40795
23;القيروان;العلا;م.إ. الهناشير;ابتدائي;35.65781;9.41837
23;القيروان;العلا;م.إ.  المساعيد;ابتدائي;35.70503;9.51075
23;القيروان;العلا;م.إ.  الرقي;ابتدائي;35.6270045;9.3701326
23;القيروان;العلا;م.إ.  الطوال;ابتدائي;35.67875;9.37633
23;القيروان;العلا;م.إ.  العلا الحبيب;ابتدائي;35.6131439;9.5627199
23;القيروان;العلا;م.إ.  المريقب;ابتدائي;35.61496;9.52094
23;القيروان;العلا;م.إ. 1 جانفي فرحات حشاد - أولاد عمر;ابتدائي;35.67858;9.53150
23;القيروان;العلا;م.إ.  20 مارس الدبابشة;ابتدائي;35.68404;9.48375
23;القيروان;العلا;م.إ. النقاز;ابتدائي;35.61483;9.48104
23;القيروان;العلا;م.إ.  3 أوت أولاد عمر;ابتدائي;35.67127;9.52256
23;القيروان;العلا;م.إ.  الغرابة;ابتدائي;35.68107;9.30034
23;القيروان;العلا;م.إ.  العريبة;ابتدائي;35.58876;9.53092
23;القيروان;العلا;م.إ.  المعمرية;ابتدائي;35.69698;9.34800
23;القيروان;العلا;م.إ.  الفجاجرية;ابتدائي;35.62983;9.54508
23;القيروان;العلا;م.إ. الطاهر صفر;ابتدائي;35.60166;9.57633
23;القيروان;العلا;م.إ. المحافيظ القطار;ابتدائي;35.63800;9.53086
23;القيروان;العلا;م.إ.  الجلالبة الزعيرات;ابتدائي;35.70965;9.47371
23;القيروان;العلا;م.إ. البراهمية;ابتدائي;35.59636;9.42672
23;القيروان;العلا;م.إ.  مصــراطة;ابتدائي;35.65651;9.49180
23;القيروان;العلا;م.إ.  طرزة الشمالية;ابتدائي;35.6071483;9.5519338
23;القيروان;العلا;م.إ.  أولاد سعيدان;ابتدائي;35.62737;9.5731973
23;القيروان;العلا;م.إ.  صيادة الشمالية;ابتدائي;35.65594;9.36872
23;القيروان;حفوز;م.إ. حفوز المركز;ابتدائي;35.6328777;9.6758548
23;القيروان;حفوز;م.إ.  عين البيضاء;ابتدائي;35.52332;9.72343
23;القيروان;حفوز;م.إ.  عين غراب;ابتدائي;35.5864716;9.7338315
23;القيروان;حفوز;م.إ.  عين زانة;ابتدائي;35.6493226;9.7387716
23;القيروان;حفوز;م.إ.  العالية;ابتدائي;35.72934;9.60593
23;القيروان;حفوز;م.إ.  الشريشيرة;ابتدائي;35.66653;9.80853
23;القيروان;حفوز;م.إ.  الحوفية;ابتدائي;35.5993696;9.7791581
23;القيروان;حفوز;م.إ.  الخطاطفة;ابتدائي;35.4962693;9.737545
23;القيروان;حفوز;م.إ.  خيط الوادي 1;ابتدائي;35.7075618;9.6312972
23;القيروان;حفوز;م.إ.  وادي الجباس;ابتدائي;35.64707;9.56870
23;القيروان;حفوز;م.إ. أولاد خلف الله;ابتدائي;35.52607;9.78825
23;القيروان;حفوز;م.إ.  طرزة الجنوبية;ابتدائي;35.52554;9.61187
23;القيروان;حفوز;م.إ.  الزرق;ابتدائي;35.70246;9.80703
23;القيروان;حفوز;م.إ.  الكتيفات;ابتدائي;35.66295;9.61941
23;القيروان;حفوز;م.إ.  عين الكدية;ابتدائي;35.70744;9.66961
23;القيروان;حفوز;م.إ. الحرشة;ابتدائي;35.56694;9.65230
23;القيروان;حفوز;م.إ. حي الزياتين;ابتدائي;35.636624;9.6737661
23;القيروان;حفوز;م.إ.  أولاد خليف;ابتدائي;35.50034;9.78691
23;القيروان;حفوز;م.إ.  الزملة;ابتدائي;35.49908;9.69920
23;القيروان;حفوز;م.إ.  المرايحية;ابتدائي;35.600314;9.6836337
23;القيروان;حفوز;م.إ.  العنق;ابتدائي;35.6901769;9.5905534
23;القيروان;حفوز;م.إ.  الزبارة;ابتدائي;35.54372;9.70192
23;القيروان;حفوز;م.إ.  خيط الوادي 2/حاج عمار;ابتدائي;35.7302996;9.6464462
23;القيروان;حفوز;م.إ. أولاد العيساوي;ابتدائي;35.64629;9.59790
23;القيروان;حفوز;م.إ.  حمام طرزة;ابتدائي;35.59425;9.6382687
23;القيروان;حاجب العيون;م.إ.  2 مارس 34 الحاجب;ابتدائي;35.39483;9.54527
23;القيروان;حاجب العيون;م.إ.  محطة الحاجب;ابتدائي;35.3686283;9.5696107
23;القيروان;حاجب العيون;م.إ. المبيت;ابتدائي;35.3982897;9.5428761
23;القيروان;حاجب العيون;م.إ. عين مجونة;ابتدائي;35.47276;9.68085
23;القيروان;حاجب العيون;م.إ. الشواشي عن العلا;ابتدائي;35.54673;9.5114584
23;القيروان;حاجب العيون;م.إ. السرجة عن العلا;ابتدائي;35.5644262;9.4725574
23;القيروان;حاجب العيون;م.إ.  الثلاجة;ابتدائي;35.4926844;9.5124612
23;القيروان;حاجب العيون;م.إ.  القنطرة;ابتدائي;35.4350406;9.5135775
23;القيروان;حاجب العيون;م.إ.  قصر السويسين;ابتدائي;35.44368;9.62633
23;القيروان;حاجب العيون;م.إ. المناسة;ابتدائي;35.28766;9.63289
23;القيروان;حاجب العيون;م.إ. أولاد عباس;ابتدائي;35.36508;9.49906
23;القيروان;حاجب العيون;م.إ. أولاد عامر;ابتدائي;35.48794;9.63938
23;القيروان;حاجب العيون;م.إ.  الرحيمة;ابتدائي;35.4417824;9.5846324
23;القيروان;حاجب العيون;م.إ. دار الخريف;ابتدائي;35.37501;9.63318
23;القيروان;حاجب العيون;م.إ.  الدغيمة;ابتدائي;35.29242;9.56508
23;القيروان;حاجب العيون;م.إ. العنيزات;ابتدائي;35.3869089;9.58757
23;القيروان;حاجب العيون;م.إ. الحجاج;ابتدائي;35.5654136;9.4728162
23;القيروان;حاجب العيون;م.إ. عيثة النساء;ابتدائي;35.3243412;9.613469
23;القيروان;حاجب العيون;م.إ.  حي السعادة;ابتدائي;35.39245;9.55177
23;القيروان;حاجب العيون;م.إ.  السودان;ابتدائي;35.51643;9.46475
23;القيروان;حاجب العيون;م.إ.  دوار الفراحتية;ابتدائي;35.31756;9.65502
23;القيروان;حاجب العيون;م.إ. الفارسية;ابتدائي;35.42455;9.64196
23;القيروان;سيدي علي بن نصر الله;م.إ.  سيدي علي بن نصر الله;ابتدائي;35.35274;9.82652
23;القيروان;سيدي علي بن نصر الله;م.إ.  العجابنة;ابتدائي;35.2474285;9.8593446
23;القيروان;سيدي علي بن نصر الله;م.إ. بئر السلايمية;ابتدائي;35.35723;9.87396
23;القيروان;سيدي علي بن نصر الله;م.إ. فرحات حشاد/هنشير الهامل;ابتدائي;35.28833;9.87943
23;القيروان;سيدي علي بن نصر الله;م.إ. الكبارة;ابتدائي;35.18410;9.81776
23;القيروان;سيدي علي بن نصر الله;م.إ.  الخبنة;ابتدائي;35.3040241;9.7351912
23;القيروان;سيدي علي بن نصر الله;م.إ.  الرقوبة الحمراء;ابتدائي;35.23707;9.77597
23;القيروان;سيدي علي بن نصر الله;م.إ.  السلايمية;ابتدائي;35.31826;9.90198
23;القيروان;سيدي علي بن نصر الله;م.إ.  البريكات نصر الله;ابتدائي;35.25340;9.93904
23;القيروان;سيدي علي بن نصر الله;م.إ. ثامر;ابتدائي;35.20190;9.87392
23;القيروان;سيدي علي بن نصر الله;م.إ.  حي النسيم;ابتدائي;35.3471319;9.8376798
23;القيروان;سيدي علي بن نصر الله;م.إ.  النور;ابتدائي;35.2085639;9.9291575
23;القيروان;سيدي علي بن نصر الله;م.إ. أبو القاسم الشابي;ابتدائي;35.29814;9.77063
23;القيروان;سيدي علي بن نصر الله;م.إ.  خبنة الطمامة;ابتدائي;35.23056;9.73107
23;القيروان;سيدي علي بن نصر الله;م.إ.  النجاح;ابتدائي;35.21581;9.81902
23;القيروان;سيدي علي بن نصر الله;م.إ.  الجمال;ابتدائي;35.20465;9.78677
23;القيروان;سيدي علي بن نصر الله;م.إ. حي العزاعزة;ابتدائي;35.36384;9.83528
23;القيروان;سيدي علي بن نصر الله;م.إ. الريايشة;ابتدائي;35.2973078;9.8530129
23;القيروان;سيدي علي بن نصر الله;م.إ.  البشايرية;ابتدائي;35.24688;9.80484
23;القيروان;منزل المهيري;م.إ.  الفلايلية;ابتدائي;35.40449;9.89991
23;القيروان;منزل المهيري;م.إ.  الحميدات;ابتدائي;35.47252;9.84722
23;القيروان;منزل المهيري;م.إ. منزل المهيري 1;ابتدائي;35.42429;9.85264
23;القيروان;منزل المهيري;م.إ.  رقوبة علي بن سعد;ابتدائي;35.41715;9.80336
23;القيروان;منزل المهيري;م.إ.  محطة سيدي سعد;ابتدائي;35.38860;9.75792
23;القيروان;منزل المهيري;م.إ. الطويلة;ابتدائي;35.44294;9.74733
23;القيروان;منزل المهيري;م.إ.  سد بورقيبة;ابتدائي;35.38196;9.71743
23;القيروان;منزل المهيري;م.إ. العزاعزة;ابتدائي;35.4203126;9.851907
23;القيروان;منزل المهيري;م.إ.  هنشير المستيري;ابتدائي;35.4530144;9.8822436
23;القيروان;منزل المهيري;م.إ.  منزل المهيري 2;ابتدائي;35.4186014;9.8459273
23;القيروان;منزل المهيري;م.إ. الحميدات الشرقية 2;ابتدائي;35.49147;9.87475
23;القيروان;سيدي عمر بوحجلة;م.إ.  بوحجلة المركز;ابتدائي;35.4000276;10.0489055
23;القيروان;سيدي عمر بوحجلة;م.إ. الفتح سيدي عمر;ابتدائي;35.39487;10.09809
23;القيروان;سيدي عمر بوحجلة;م.إ.  بن ونيس;ابتدائي;35.4760601;10.0538031
23;القيروان;سيدي عمر بوحجلة;م.إ.  بئر علي بن عمارة;ابتدائي;35.35723;10.12860
23;القيروان;سيدي عمر بوحجلة;م.إ.  بئر احمد;ابتدائي;35.37130;9.94034
23;القيروان;سيدي عمر بوحجلة;م.إ.  بئر الشرفاء;ابتدائي;35.28720;10.05237
23;القيروان;سيدي عمر بوحجلة;م.إ.  بئر الدولة;ابتدائي;35.26197;10.02980
23;القيروان;سيدي عمر بوحجلة;م.إ.  بئر الجديد;ابتدائي;35.3413759;10.0368917
23;القيروان;سيدي عمر بوحجلة;م.إ.  بئر مسيكين;ابتدائي;35.45996;10.06937
23;القيروان;سيدي عمر بوحجلة;م.إ.  ذراع بوكف;ابتدائي;35.3092765;9.9568537
23;القيروان;سيدي عمر بوحجلة;م.إ. ذراع مريرة;ابتدائي;35.4001497;10.1319522
23;القيروان;سيدي عمر بوحجلة;م.إ.  القطيفة;ابتدائي;35.4148826;9.9370917
23;القيروان;سيدي عمر بوحجلة;م.إ. هنشير طراد;ابتدائي;35.4630644;9.9998143
23;القيروان;سيدي عمر بوحجلة;م.إ. الازدهار;ابتدائي;35.3532181;9.9261406
23;القيروان;سيدي عمر بوحجلة;م.إ. الجهينات;ابتدائي;35.359355;9.9957196
23;القيروان;سيدي عمر بوحجلة;م.إ.  خلوة المويسات;ابتدائي;35.3924382;9.9688632
23;القيروان;سيدي عمر بوحجلة;م.إ.  الودي;ابتدائي;35.2538;10.1366483
23;القيروان;سيدي عمر بوحجلة;م.إ. أولاد عاشور;ابتدائي;35.3108984;10.1284613
23;القيروان;سيدي عمر بوحجلة;م.إ. أولاد نصير;ابتدائي;35.4555314;10.1349003
23;القيروان;سيدي عمر بوحجلة;م.إ. ابن خلدون ;ابتدائي;35.3946;10.0463579
23;القيروان;سيدي عمر بوحجلة;م.إ.  اللبية;ابتدائي;35.3371562;10.0940491
23;القيروان;سيدي عمر بوحجلة;م.إ.  الزقب ;ابتدائي;35.2804712;10.0957429
23;القيروان;سيدي عمر بوحجلة;م.إ.  الرماضـــنية;ابتدائي;35.2217613;10.1767893
23;القيروان;سيدي عمر بوحجلة;م.إ.  جهينة;ابتدائي;35.3087696;9.9597018
23;القيروان;سيدي عمر بوحجلة;م.إ.  20 مارس 56;ابتدائي;35.2472576;10.0612027
23;القيروان;سيدي عمر بوحجلة;م.إ.  بئر العربي;ابتدائي;35.4170308;9.9945662
23;القيروان;سيدي عمر بوحجلة;م.إ.  أولاد فرح;ابتدائي;35.44806;9.94860
23;القيروان;سيدي عمر بوحجلة;م.إ.  24 جانفي 52;ابتدائي;35.33600;9.96001
23;القيروان;سيدي عمر بوحجلة;م.إ. سيدي احمد;ابتدائي;35.43393;10.08112
23;القيروان;سيدي عمر بوحجلة;م.إ.  العواقبية;ابتدائي;35.3356704;10.0172741
23;القيروان;سيدي عمر بوحجلة;م.إ.  فرق الصيودة;ابتدائي;35.3690644;10.121467
23;القيروان;سيدي عمر بوحجلة;م.إ. المعرفة;ابتدائي;35.4004753;10.0483315
23;القيروان;سيدي عمر بوحجلة;م.إ.  الفوز الحدايدية;ابتدائي;35.3075712;10.0641069
23;القيروان;سيدي عمر بوحجلة;م.إ.  السهايلية;ابتدائي;35.3816022;10.0152867
23;القيروان;سيدي عمر بوحجلة;م.إ.  أولاد مبارك;ابتدائي;35.39112;9.99269
23;القيروان;سيدي عمر بوحجلة;م.إ. قصر الدباش;ابتدائي;35.2980537;10.1576496
23;القيروان;سيدي عمر بوحجلة;م.إ. السوالمية;ابتدائي;35.37657;10.06121
23;القيروان;سيدي عمر بوحجلة;م.إ.  العواينية;ابتدائي;35.22431;10.13090
23;القيروان;سيدي عمر بوحجلة;م.إ. أولاد بوحوش;ابتدائي;35.4834668;10.089571
23;القيروان;سيدي عمر بوحجلة;م.إ.  بئر براقة;ابتدائي;35.3253596;9.9860407
23;القيروان;سيدي عمر بوحجلة;م.إ.  القصعات;ابتدائي;35.42396;10.14909
23;القيروان;سيدي عمر بوحجلة;م.إ.  الظواهر;ابتدائي;35.4681111;10.0202422
23;القيروان;الشراردة;م.إ.  بئر المالح الشراردة المركز;ابتدائي;35.11605;10.03254
23;القيروان;الشراردة;م.إ.  بئر هويدي;ابتدائي;35.21635;9.96478
23;القيروان;الشراردة;م.إ.  العوايد;ابتدائي;35.04824;10.04027
23;القيروان;الشراردة;م.إ.  حسين الغرسلاوي/بئرالحلو;ابتدائي;35.13900;10.06500
23;القيروان;الشراردة;م.إ. بئر الوصفان;ابتدائي;35.20270;10.15025
23;القيروان;الشراردة;م.إ. الشرايطية الجنوبية;ابتدائي;35.18345;10.08947
23;القيروان;الشراردة;م.إ.  التقدم;ابتدائي;35.19177;10.00246
23;القيروان;الشراردة;م.إ.الادواز (مرزوق الفرخ);ابتدائي;35.2809527;9.9652573
23;القيروان;الشراردة;م.إ.  العواقبية;ابتدائي;35.13326;10.12598
23;القيروان;الشراردة;م.إ.  ابن زلوش;ابتدائي;35.17102;10.04049
23;القيروان;الشراردة;م.إ. المساعدية الجنوبية;ابتدائي;35.1067452;10.0930057
23;القيروان;الشراردة;م.إ.  تيسير الشوايحية;ابتدائي;35.20170;10.03683
23;القيروان;الشراردة;م.إ.  بئر الفيض;ابتدائي;35.15941;10.17547
23;القيروان;الشراردة;م.إ.  بئر زروق;ابتدائي;35.23179;9.99723
23;القيروان;الشراردة;م.إ.  الأمل;ابتدائي;35.09029;10.03331
23;القيروان;الشراردة;م.إ.  الحرايرية;ابتدائي;35.11697;10.07245
23;القيروان;الشراردة;م.إ.  العبايدية;ابتدائي;35.0889432;10.0659217
23;القيروان;الشراردة;م.إ. الشواشنية;ابتدائي;35.100479;10.0700344
23;القيروان;الشراردة;م.إ.  المزاهدية;ابتدائي;35.17652;10.12032
23;القيروان;الشراردة;م.إ. الطيب المهيري;ابتدائي;35.13914;10.03634
23;القيروان;الشراردة;م.إ.  العهد الجديد;ابتدائي;35.15938;10.00890
23;القيروان;الشراردة;م.إ.  الحدايدية;ابتدائي;35.20298;10.10356
23;القيروان;الشراردة;م.إ.  أولاد لحمــر;ابتدائي;35.25483;10.00677
23;القيروان;الشراردة;م.إ. الهواني;ابتدائي;35.202299;9.9848646
23;القيروان;الشراردة;م.إ.  المنارة;ابتدائي;35.188992;10.1888233
24;المنستير;المنستير;م.إ.  غرة جوان المنستير;ابتدائي;35.7682061;10.8353337
24;المنستير;المنستير;م.إ.   الصادق مزالي ;ابتدائي;35.77560;10.82382
24;المنستير;المنستير;م.إ.  عبد الله الزناد ;ابتدائي;35.77582;10.82467
24;المنستير;المنستير;م.إ.  الهادي نعمان;ابتدائي;35.76408;10.83659
24;المنستير;المنستير;م.إ.  طريق القيروان ;ابتدائي;35.76732;10.82079
24;المنستير;المنستير;م.إ.  2 مارس 34 سقانص;ابتدائي;35.77234;10.79767
24;المنستير;المنستير;م.إ.  ابن خلدون خنيس;ابتدائي;35.71326;10.81832
24;المنستير;المنستير;م.إ.  حي السلام ;ابتدائي;35.76328;10.82027
24;المنستير;المنستير;م.إ.  حي السعادة ;ابتدائي;35.77181;10.81563
24;المنستير;المنستير;م.إ.  الهادي يوسف خنيس;ابتدائي;35.70917;10.81350
24;المنستير;المنستير;م.إ.  حي البساتين ;ابتدائي;35.76152;10.82087
24;المنستير;المنستير;م.إ.  طريق رمادة ;ابتدائي;35.76559;10.81569
24;المنستير;المنستير;م.إ.  السواني ;ابتدائي;35.4815759;10.5063078
24;المنستير;المنستير;م.إ.  حي العمران ;ابتدائي;35.76247;10.80683
24;المنستير;المنستير;م.إ.  سيدي نصر ;ابتدائي;35.75744;10.81159
24;المنستير;المنستير;م.إ.  سقانص النخيل ;ابتدائي;35.77563;10.78603
24;المنستير;المنستير;م.إ.  الفرينة ;ابتدائي;35.775568;10.786233
24;المنستير;المنستير;م.إ. عمر سكلي خنيس;ابتدائي;35.71983;10.81093
24;المنستير;المنستير;م.إ. العقبة;ابتدائي;35.431074;10.4811224
24;المنستير;المنستير;م.إ. الرياض;ابتدائي;35.75686;10.82689
24;المنستير;المنستير;م.إ. الحي السادس;ابتدائي;35.45584;10.45354
24;المنستير;قصيبة المديوني;م.إ.بورقيبة قصيبة المديوني;ابتدائي;35.68917;10.84161
24;المنستير;قصيبة المديوني;م.إ.  الفتح;ابتدائي;35.68593;10.84484
24;المنستير;قصيبة المديوني;م.إ.  طوزة ابن خلدون;ابتدائي;35.63752;10.82935
24;المنستير;قصيبة المديوني;م.إ.  طوزة بورقيبة;ابتدائي;35.63376;10.82653
24;المنستير;قصيبة المديوني;م.إ.  بنان حمدان;ابتدائي;35.67918;10.83863
24;المنستير;قصيبة المديوني;م.إ.  بوضر;ابتدائي;35.65945;10.82707
24;المنستير;قصيبة المديوني;م.إ.  بنان 20 مارس;ابتدائي;35.67170;10.83531
24;المنستير;قصيبة المديوني;م.إ.  بنان الجمهورية;ابتدائي;35.67962;10.83920
24;المنستير;قصيبة المديوني;م.إ.  بنان ناجي بن سالم;ابتدائي;35.67265;10.82562
24;المنستير;قصيبة المديوني;م.إ. الناظور;ابتدائي;35.68099;10.84907
24;المنستير;#N/A;م.إ.  حي الملعب طوزة;ابتدائي;35.6375997;10.8234283
24;المنستير;الوردنين;م.إ.  الأمل ;ابتدائي;35.70944;10.67093
24;المنستير;الوردنين;م.إ.  ابن يونس ;ابتدائي;35.70943;10.67683
24;المنستير;الوردنين;م.إ.  سيدي بوعثمان;ابتدائي;35.67625;10.69600
24;المنستير;الوردنين;م.إ.  منزل خير;ابتدائي;35.69909;10.70765
24;المنستير;الوردنين;م.إ.  التقدم;ابتدائي;35.71046;10.67050
24;المنستير;الوردنين;م.إ. عبد الله فرحات ;ابتدائي;35.70785;10.67449
24;المنستير;الوردنين;م.إ.  الشهداء;ابتدائي;35.70941;10.68409
24;المنستير;الساحلين;م.إ.  السلام;ابتدائي;35.75276;10.71438
24;المنستير;الساحلين;م.إ.  الحبيب;ابتدائي;35.75358;10.70729
24;المنستير;الساحلين;م.إ.  معتمر ;ابتدائي;35.75050;10.69307
24;المنستير;الساحلين;م.إ.  مسجد عيسى;ابتدائي;35.72433;10.71462
24;المنستير;الساحلين;م.إ.  سيدي عامر;ابتدائي;35.44207;10.422091
24;المنستير;الساحلين;م.إ.  شاكر الساحلين;ابتدائي;35.74965;10.71941
24;المنستير;#N/A;م.إ.  معتمر 2;ابتدائي;35.75;10.693
24;المنستير;زرمدين;م.إ.  3 جانفي 1953 زرمدين;ابتدائي;35.57305;10.73335
24;المنستير;زرمدين;م.إ.  شارع بوقيبة;ابتدائي;35.57397;10.73237
24;المنستير;زرمدين;م.إ.  أولاد العرضاوي منزل الحياة;ابتدائي;35.52863;10.59209
24;المنستير;زرمدين;م.إ.  منزل الحياة ابن خلدون;ابتدائي;35.53097;10.60511
24;المنستير;زرمدين;م.إ.  العلالشة;ابتدائي;35.51197;10.55012
24;المنستير;زرمدين;م.إ.  المليشات الفتح;ابتدائي;35.51185;10.53147
24;المنستير;زرمدين;م.إ.  المزاوغة;ابتدائي;35.54257;10.57282
24;المنستير;زرمدين;م.إ.  المهيري;ابتدائي;35.57980;10.73340
24;المنستير;زرمدين;م.إ. منزل الحياة الشابي;ابتدائي;35.53472;10.63261
24;المنستير;زرمدين;م.إ.  القدس;ابتدائي;35.58145;10.72945
24;المنستير;زرمدين;م.إ.  ابن خلدون;ابتدائي;35.56765;10.72164
24;المنستير;زرمدين;م.إ.  المزاوغة الشمالية;ابتدائي;35.57769;10.55949
24;المنستير;زرمدين;م.إ.  أولاد منجة-مليشات;ابتدائي;35.52818;10.56053
24;المنستير;زرمدين;م.إ. الطرابلسية منزل الحياة;ابتدائي;35.54838;10.62769
24;المنستير;بني حسان;م.إ.  حشاد ;ابتدائي;35.57002;10.81099
24;المنستير;بني حسان;م.إ.  34/3/2 بني حسان;ابتدائي;35.56841;10.80602
24;المنستير;بني حسان;م.إ.  الغنادة;ابتدائي;35.49526;10.69721
24;المنستير;بني حسان;م.إ.  الجنائحة 1;ابتدائي;35.53003;10.75767
24;المنستير;بني حسان;م.إ.  الجنائحة 2- المستقبل;ابتدائي;35.53118;10.77293
24;المنستير;بني حسان;م.إ.  العثامنة;ابتدائي;35.48420;10.67294
24;المنستير;جمال;م.إ.  القصاص;ابتدائي;35.62691;10.76023
24;المنستير;جمال;م.إ.  سيدي مسعود;ابتدائي;35.62159;10.75542
24;المنستير;جمال;م.إ.  الهداية ;ابتدائي;35.62701;10.76440
24;المنستير;جمال;م.إ.  زاوية قنطش شارع بورقيبة;ابتدائي;35.63664;10.76425
24;المنستير;جمال;م.إ. منزل كامل شارع بورقيبة;ابتدائي;35.62744;10.66246
24;المنستير;جمال;م.إ. الطيايرة;ابتدائي;35.57669;10.77394
24;المنستير;جمال;م.إ.  الشهداء ;ابتدائي;35.62311;10.76525
24;المنستير;جمال;م.إ.  بئر الطيب;ابتدائي;35.65008;10.69517
24;المنستير;جمال;م.إ.   ابن الجزار ;ابتدائي;35.61666;10.75698
24;المنستير;جمال;م.إ.  الحي الجديد منزل كامل;ابتدائي;35.62335;10.67355
24;المنستير;جمال;م.إ.  المهيري ;ابتدائي;35.62249;10.75483
24;المنستير;جمال;م.إ.  السعيدة;ابتدائي;35.60363;10.60533
24;المنستير;جمال;م.إ.  حي المنار;ابتدائي;35.62866;10.77142
24;المنستير;جمال;م.إ.  ب - س - ب جمال;ابتدائي;35.61428;10.76217
24;المنستير;جمال;م.إ.  حي الفتح ;ابتدائي;35.60864;10.75643
24;المنستير;جمال;م.إ.   حي التضامن ;ابتدائي;35.62573;10.74525
24;المنستير;جمال;م.إ.حنبعل  زاوية قنطش;ابتدائي;35.63318;10.75844
24;المنستير;بمبلة;م.إ.  بورقيبة ;ابتدائي;35.70096;10.79822
24;المنستير;بمبلة;م.إ.  حشاد ;ابتدائي;35.69844;10.79088
24;المنستير;بمبلة;م.إ.  المنار - بالمنارة;ابتدائي;35.69816;10.77636
24;المنستير;بمبلة;م.إ.  منزل النورشارع بورقيبة;ابتدائي;35.66828;10.77782
24;المنستير;بمبلة;م.إ.   34/3/2 منزل النور;ابتدائي;35.67496;10.77652
24;المنستير;بمبلة;م.إ.  المصدور;ابتدائي;35.68038;10.72706
24;المنستير;بمبلة;م.إ.  منزل حرب;ابتدائي;35.70314;10.74314
24;المنستير;بمبلة;م.إ.  الجمهورية ;ابتدائي;35.69764;10.79320
24;المنستير;بمبلة;م.إ.  الشهيد سامي يوسف منزل النور;ابتدائي;35.66484;10.77102
24;المنستير;بمبلة;م.إ حي الخضراء;ابتدائي;35.41313;10.47216
24;المنستير;المكنين;م.إ.  الهدى ;ابتدائي;35.62999;10.90561
24;المنستير;المكنين;م.إ.الفتح  ( نهج بورقيبة );ابتدائي;35.62680;10.90016
24;المنستير;المكنين;م.إ. ابن صالح ;ابتدائي;35.62872;10.89946
24;المنستير;المكنين;م.إ.  الزهور;ابتدائي;35.63138;10.89447
24;المنستير;المكنين;م.إ.  النور ;ابتدائي;35.63273;10.90716
24;المنستير;المكنين;م.إ.  سعيد أبو بكر ;ابتدائي;35.63138;10.89143
24;المنستير;المكنين;م.إ.  الاخلاق ;ابتدائي;35.63617;10.90265
24;المنستير;المكنين;م.إ.  شراحيل;ابتدائي;35.50817;10.85341
24;المنستير;المكنين;م.إ.  الحجاج;ابتدائي;35.47955;10.80323
24;المنستير;المكنين;م.إ.  الفحول;ابتدائي;35.64638;10.89739
24;المنستير;المكنين;م.إ.  سيدي بنور أولاد سعيد;ابتدائي;35.51503;10.89843
24;المنستير;المكنين;م.إ.  منزل فارسي;ابتدائي;35.54962;10.86877
24;المنستير;المكنين;م.إ.  سيدي بنور الحي الجديد;ابتدائي;35.52412;10.91225
24;المنستير;المكنين;م.إ.  الحاج محمد زخامة ;ابتدائي;35.62664;10.91099
24;المنستير;المكنين;م.إ. الزامرين;ابتدائي;35.62473;10.88410
24;المنستير;المكنين;م.إ.  أولاد عزيزة الحجاج;ابتدائي;35.50117;10.81744
24;المنستير;المكنين;م.إ.  المرازقة بالفحول;ابتدائي;35.28460;10.46105
24;المنستير;المكنين;م.إ.  أولاد بوسيف الفحول;ابتدائي;35.46474;10.83823
24;المنستير;المكنين;م.إ.   السميرات حسن بن ابراهيم;ابتدائي;35.48034;10.76278
24;المنستير;المكنين;م.إ.  المزاهيد شراحيل;ابتدائي;35.52253;10.85882
24;المنستير;المكنين;م.إ.  فرج الحاج عثمان بالقراوة;ابتدائي;35.45525;10.80990
24;المنستير;المكنين;م.إ.  الحوم سيدي بنور;ابتدائي;35.52259;10.88584
24;المنستير;المكنين;م.إ.  الشواشين;ابتدائي;35.57641;10.84954
24;المنستير;المكنين;م.إ.  الاضياف;ابتدائي;35.50873;10.80735
24;المنستير;المكنين;م.إ.  خير الدين;ابتدائي;35.62598;10.89678
24;المنستير;المكنين;م.إ. الحرية ;ابتدائي;35.64098;10.91054
24;المنستير;المكنين;م.إ.  الفحول الجديدة;ابتدائي;35.44385;10.82708
24;المنستير;المكنين;م.إ. الفحول العهد الجديد;ابتدائي;35.74712;10.82383
24;المنستير;المكنين;م.إ.  المثابرة التوازرة;ابتدائي;35.50044;10.78523
24;المنستير;المكنين;م.إ.  النصر التوازرة;ابتدائي;35.74712;10.82383
24;المنستير;المكنين;م.إ.  ابن خلدون التوازرة;ابتدائي;35.63635;10.89853
24;المنستير;المكنين;م.إ. الرشاد  التوازرة;ابتدائي;35.49370;10.77989
24;المنستير;المكنين;م.إ.  أولاد جمعة -الفوز بالحجاج;ابتدائي;35.50910;10.83143
24;المنستير;المكنين;م.إ. المنار 1;ابتدائي;35.61192;10.89154
24;المنستير;المكنين;م.إ.النجاح;ابتدائي;35.64007;10.92358
24;المنستير;البقالط;م.إ.  الحي الجديد ;ابتدائي;35.61795;10.99075
24;المنستير;البقالط;م.إ.  البقالطة المحطة;ابتدائي;35.61630;10.99100
24;المنستير;البقالط;م.إ. البغدادي;ابتدائي;35.56890;11.01805
24;المنستير;البقالط;م.إ.  حشاد ;ابتدائي;35.61481;10.99722
24;المنستير;البقالط;م.إ.  الشرف;ابتدائي;35.60297;11.03028
24;المنستير;البقالط;م.إ. البحيرة;ابتدائي;35.61548;11.01979
24;المنستير;البقالط;م.إ.  زبيد;ابتدائي;35.63084;11.01442
24;المنستير;طبلبة;م.إ.  الهداية;ابتدائي;35.63962;10.96925
24;المنستير;طبلبة;م.إ.  النجاح;ابتدائي;35.64468;10.96455
24;المنستير;طبلبة;م.إ.  52/1/23;ابتدائي;35.64155;10.96562
24;المنستير;طبلبة;م.إ.  السكرين;ابتدائي;35.65396;10.94593
24;المنستير;طبلبة;م.إ.  بودريس;ابتدائي;35.64096;10.95958
24;المنستير;طبلبة;م.إ.  الشهيد إدريس الزواغي الفاضلين;ابتدائي;35.64389;10.97897
24;المنستير;طبلبة;م.إ.  3/2;ابتدائي;35.64724;10.97223
24;المنستير;طبلبة;م.إ. شط بن ريانة;ابتدائي;35.65400;10.96390
24;المنستير;قصر هلال;م.إ.  حي الرياض 3;ابتدائي;35.65036;10.86059
24;المنستير;قصر هلال;م.إ.   الحاج علي صوّة;ابتدائي;35.64906;10.88986
24;المنستير;قصر هلال;م.إ.  بوزويتة;ابتدائي;35.64254;10.89341
24;المنستير;قصر هلال;م.إ.  صفر;ابتدائي;35.64676;10.88406
24;المنستير;قصر هلال;م.إ. فرج  الإميّم;ابتدائي;35.64979;10.88275
24;المنستير;قصر هلال;م.إ.  2 مارس;ابتدائي;35.64155;10.89567
24;المنستير;قصر هلال;م.إ.  نهج بوغزالة;ابتدائي;35.64742;10.89452
24;المنستير;قصر هلال;م.إ.  حي الرياض 1;ابتدائي;35.65590;10.87455
24;المنستير;قصر هلال;م.إ. حي الرياض 2;ابتدائي;35.65494;10.86240
24;المنستير;قصر هلال;م.إ.  الفتح - وادي قاسم;ابتدائي;35.64205;10.87634
24;المنستير;قصر هلال;م.إ.  حي بئر سكرة;ابتدائي;35.65101;10.90244
24;المنستير;صيادة لمطة بوحجر;م.إ.  شارع بورقيبة لمطة;ابتدائي;35.67273;10.88685
24;المنستير;صيادة لمطة بوحجر;م.إ.  صيادة الجمهورية;ابتدائي;35.66812;10.89099
24;المنستير;صيادة لمطة بوحجر;م.إ. صيادة الشيخ منصور;ابتدائي;35.67076;10.89355
24;المنستير;صيادة لمطة بوحجر;م.إ. المختار الحجري;ابتدائي;35.67025;10.86318
24;المنستير;صيادة لمطة بوحجر;م.إ.  صيادة سليمان;ابتدائي;35.66661;10.89569
24;المنستير;صيادة لمطة بوحجر;م.إ.  بئر العايب لمطة;ابتدائي;35.67273;10.87432
25;سوسة;سوسة المدينة;م.إ.  الباب الشمالي ;ابتدائي;35.8286847;10.6390979
25;سوسة;سوسة المدينة;م.إ.  العمارات الجنوبية ;ابتدائي;35.8177604;10.6384533
25;سوسة;سوسة المدينة;م.إ.   الخزامة الشرقيــة ;ابتدائي;35.8469026;10.6154432
25;سوسة;سوسة المدينة;م.إ. التريكية ;ابتدائي;35.8215246;10.6378488
25;سوسة;سوسة المدينة;م.إ.   ابن خلدون ;ابتدائي;35.8134134;10.6419957
25;سوسة;سوسة المدينة;م.إ.  العمارات الشمالية ;ابتدائي;35.8359143;10.6333524
25;سوسة;سوسة الجوهرة;م.إ.  نهج المنصف باي ;ابتدائي;35.8335865;10.6241827
25;سوسة;سوسة الجوهرة;م.إ.  نهج الحكيم قرول ;ابتدائي;35.8315376;10.6307343
25;سوسة;سوسة الجوهرة;م.إ.  الصفايا ;ابتدائي;35.8362744;10.6220301
25;سوسة;سوسة الجوهرة;م.إ. بوحسينة  2;ابتدائي;35.8183119;10.6166313
25;سوسة;سوسة الجوهرة;م.إ.  بوحسينة;ابتدائي;35.8205144;10.6236046
25;سوسة;سوسة الجوهرة;م.إ.  نهج الغزالي ;ابتدائي;35.8210606;10.6281843
25;سوسة;سوسة الجوهرة;م.إ.  حي التعمير ;ابتدائي;35.8129634;10.6254067
25;سوسة;سوسة الجوهرة;م.إ.  خزامة الغربية;ابتدائي;35.8401018;10.6101052
25;سوسة;سوسة الجوهرة;م.إ.  وادي غنيم ;ابتدائي;35.8291897;10.6149315
25;سوسة;سوسة الجوهرة;م.إ.  الوفاء سهلول 2;ابتدائي;35.8430072;10.5954462
25;سوسة;سوسة الجوهرة;م.إ.  الامتياز- سهلول 1;ابتدائي;35.8340589;10.5944884
25;سوسة;سوسة الجوهرة;م.إ. الطموح سهلول 3;ابتدائي;35.8407247;10.5880283
25;سوسة;سوسة الجوهرة;م.إ. بوخيزر;ابتدائي;35.8094989;10.6160512
25;سوسة;سيدي عبد الحميد;م.إ.  خير الدين باشا ;ابتدائي;35.8032284;10.6392345
25;سوسة;سيدي عبد الحميد;م.إ.  اسد بن الفرات ;ابتدائي;35.8142995;10.6357185
25;سوسة;سيدي عبد الحميد;م.إ.  كدية مالك ;ابتدائي;35.8113688;10.6334528
25;سوسة;سيدي عبد الحميد;م.إ.  قصيبة الشط ;ابتدائي;35.8040879;10.6502203
25;سوسة;سيدي عبد الحميد;م.إ.  حي العوينة ;ابتدائي;35.8081317;10.6261793
25;سوسة;سيدي عبد الحميد;م.إ.  ابن سينا ;ابتدائي;35.8053706;10.6427343
25;سوسة;سيدي عبد الحميد;م.إ. حي الشباب ;ابتدائي;35.8056988;10.6334561
25;سوسة;سيدي عبد الحميد;م.إ.  2 مارس 34 قصيبة الشط ;ابتدائي;35.8005114;10.6528018
25;سوسة;سيدي عبد الحميد;م.إ.  سيدي عبد الحميد ;ابتدائي;35.7982848;10.6627617
25;سوسة;سيدي عبد الحميد;م.إ. الكفيف;ابتدائي;35.8141761;10.6350313
25;سوسة;#N/A;م.إ. الحمد;ابتدائي;35.7690704;10.6148758
25;سوسة;الزاوية القصيبة الثريات;م.إ.  الجمهورية ;ابتدائي;35.7909563;10.6209907
25;سوسة;الزاوية القصيبة الثريات;م.إ.  علي البلهوان ;ابتدائي;35.7707833;10.6243949
25;سوسة;الزاوية القصيبة الثريات;م.إ.  العفة ;ابتدائي;35.7670633;10.6280859
25;سوسة;الزاوية القصيبة الثريات;م.إ. الثريات السالم;ابتدائي;35.7572947;10.6513727
25;سوسة;الزاوية القصيبة الثريات;م.إ. جمال الدين قصيبة سوسة;ابتدائي;35.7648023;10.6332888
25;سوسة;الزاوية القصيبة الثريات;م.إ.  العهد الجديد زاوية سوسة;ابتدائي;35.7923528;10.6299934
25;سوسة;الزاوية القصيبة الثريات;م.إ. الإمتياز;ابتدائي;35.7809725;10.6294517
25;سوسة;سوسة الرياض;م.إ.  بورقيبة حي الزهور;ابتدائي;35.7882261;10.5820646
25;سوسة;سوسة الرياض;م.إ. الشابي- الرياض الخامس;ابتدائي;35.8030146;10.5833879
25;سوسة;سوسة الرياض;م.إ.  الفتح حي الرياض;ابتدائي;35.7997638;10.6006173
25;سوسة;سوسة الرياض;م.إ.  المستقبل حي الزهور;ابتدائي;35.7916185;10.5886401
25;سوسة;سوسة الرياض;م.إ.  الأمل حي الرياض;ابتدائي;35.8011502;10.6090105
25;سوسة;سوسة الرياض;م.إ.  الهداية حي الزهور;ابتدائي;35.7903096;10.5836185
25;سوسة;سوسة الرياض;م.إ.  ابن شرف حي الرياض;ابتدائي;35.8037136;10.5947309
25;سوسة;سوسة الرياض;م.إ.  طارق ابن زياد حي الرياض;ابتدائي;35.7970695;10.5967355
25;سوسة;سوسة الرياض;م.إ.  السعادة حي الزهور;ابتدائي;35.7906294;10.5763017
25;سوسة;سوسة الرياض;م.إ.  النجاح حي الرياض;ابتدائي;35.8026641;10.6005039
25;سوسة;سوسة الرياض;م.إ.  السلام حي الرياض;ابتدائي;35.8058841;10.6076287
25;سوسة;سوسة الرياض;م.إ المعرفة حي الرياض;ابتدائي;35.7973477;10.5884816
25;سوسة;حمام سوسة;م.إ.  الأخلاق;ابتدائي;35.8540917;10.5973231
25;سوسة;حمام سوسة;م.إ.  25 جويلية;ابتدائي;35.8568827;10.5910301
25;سوسة;حمام سوسة;م.إ.  طريق تونس;ابتدائي;35.8621095;10.5932801
25;سوسة;حمام سوسة;م.إ.  سهلول;ابتدائي;35.8482854;10.5917115
25;سوسة;حمام سوسة;م.إ. الشيخ محمد البحري;ابتدائي;35.8601312;10.5915836
25;سوسة;حمام سوسة;م.إ.  طريق الشاطئ;ابتدائي;35.8632821;10.6037567
25;سوسة;حمام سوسة;م.إ.  سيدي القنطاوي;ابتدائي;35.8874463;10.5957441
25;سوسة;حمام سوسة;م.إ. أبو القاسم الشابي;ابتدائي;35.8573587;10.5865934
25;سوسة;هرقلة;م.إ.  الحبيب الكامل-;ابتدائي;36.0292516;10.5091537
25;سوسة;هرقلة;م.إ.  السويح;ابتدائي;36.0304948;10.4015868
25;سوسة;هرقلة;م.إ.  العريبات;ابتدائي;36.0208145;10.4634375
25;سوسة;أكودة;م.إ.  بورقيبة;ابتدائي;35.8659682;10.5674908
25;سوسة;أكودة;م.إ.  الراجحية أكودة;ابتدائي;35.8672896;10.5680395
25;سوسة;أكودة;م.إ.  حشاد;ابتدائي;35.8695397;10.5705431
25;سوسة;أكودة;م.إ.  شط مريم;ابتدائي;35.9380982;10.5553231
25;سوسة;أكودة;م.إ.  الفقاعية;ابتدائي;35.9594904;10.5320934
25;سوسة;أكودة;"م.إ.  ""علي الحطاب أكودة""";ابتدائي;35.8725256;10.5619773
25;سوسة;أكودة;م.إ.  حاتم;ابتدائي;35.8776595;10.5643366
25;سوسة;أكودة;م.إ.  طنطانة;ابتدائي;35.9250405;10.5668737
25;سوسة;أكودة;م.إ.  وادي العروق;ابتدائي;35.8750749;10.5763331
25;سوسة;القلعة الكبيرة;م.إ.  ابن خلدون;ابتدائي;35.8717167;10.5322663
25;سوسة;القلعة الكبيرة;م.إ.  الحي الجديد;ابتدائي;35.8680426;10.5456528
25;سوسة;القلعة الكبيرة;م.إ.  غرة جوان;ابتدائي;35.8696939;10.5378685
25;سوسة;القلعة الكبيرة;م.إ.  9 أفريل القلعة الكبرى;ابتدائي;35.8714777;10.5425747
25;سوسة;القلعة الكبيرة;م.إ.  الحي الشرقي;ابتدائي;35.8758993;10.5422736
25;سوسة;القلعة الكبيرة;م.إ.  حي النزهة;ابتدائي;35.8897168;10.5334128
25;سوسة;القلعة الكبيرة;م.إ.  سد الشياب;ابتدائي;35.9330103;10.3881327
25;سوسة;القلعة الكبيرة;م.إ.  ابن عيسى;ابتدائي;35.8689852;10.5343968
25;سوسة;القلعة الكبيرة;م.إ.  البورة ا;ابتدائي;35.8931038;10.4141063
25;سوسة;القلعة الكبيرة;م.إ.  القبو;ابتدائي;35.8388572;10.3935615
25;سوسة;القلعة الكبيرة;م.إ.  الكرارية;ابتدائي;35.9270573;10.3466667
25;سوسة;القلعة الكبيرة;م.إ. حشاد;ابتدائي;35.8787441;10.5271117
25;سوسة;القلعة الكبيرة;"م.إ.  ""2 مارس """;ابتدائي;35.8680553;10.5304161
25;سوسة;القلعة الكبيرة;م.إ.  الزيتونة;ابتدائي;35.8687911;10.5251676
25;سوسة;القلعة الكبيرة;م.إ. المنصورة;ابتدائي;35.8651719;10.5423763
25;سوسة;القلعة الكبيرة;م.إ. أهل جميع;ابتدائي;35.9179339;10.4032104
25;سوسة;القلعة الكبيرة;م.إأولاد الصلعاني;ابتدائي;35.9301848;10.3654283
25;سوسة;القلعة الكبيرة;م.إ الغويرقة;ابتدائي;35.8316165;10.4570336
25;سوسة;سيدي بوعلي;م.إ.  ابن خلدون ;ابتدائي;35.9560244;10.4668807
25;سوسة;سيدي بوعلي;م.إ.  منزل المحطة ;ابتدائي;36.0111976;10.3779991
25;سوسة;سيدي بوعلي;م.إ.  سدّ أولاد علي ;ابتدائي;35.9456052;10.4403181
25;سوسة;سيدي بوعلي;م.إ.  سلمون ;ابتدائي;35.9971615;10.4360381
25;سوسة;سيدي بوعلي;م.إ.  السد الشمالي ;ابتدائي;35.9615567;10.4423393
25;سوسة;سيدي بوعلي;م.إ.  الكنانة ;ابتدائي;35.9483311;10.3939108
25;سوسة;سيدي بوعلي;م.إ.  وريمة ;ابتدائي;35.9214352;10.4471487
25;سوسة;سيدي بوعلي;م.إ.  الشويشة ;ابتدائي;35.9701879;10.3993101
25;سوسة;سيدي بوعلي;"م.إ.  ""الأنصاري"" ";ابتدائي;35.9576679 35.9576679;10.4785183
25;سوسة;القلعة الصغيرة;م.إ.  بورقيبة ;ابتدائي;35.8240702;10.5620998
25;سوسة;القلعة الصغيرة;م.إ.  البشرى ;ابتدائي;35.8249404;10.5607427
25;سوسة;القلعة الصغيرة;م.إ. النقر ;ابتدائي;35.7994773;10.5122341
25;سوسة;القلعة الصغيرة;م.إ.  ابن خلدون ;ابتدائي;35.8231768;10.5502557
25;سوسة;القلعة الصغيرة;م.إ.   الحبيب ;ابتدائي;35.8317786;10.5576024
25;سوسة;القلعة الصغيرة;م.إ.  غرة جوان;ابتدائي;35.8197084;10.5634632
25;سوسة;القلعة الصغيرة;م.إ.  وادي لاية ;ابتدائي;35.8003259;10.4623705
25;سوسة;القلعة الصغيرة;م.إ.  حي المنازه 1;ابتدائي;35.8317689;10.5847289
25;سوسة;القلعة الصغيرة;م.إ.  حي المنازه2 ;ابتدائي;35.8329359;10.5800029
25;سوسة;القلعة الصغيرة;م.إبت. النور(الصباغين);ابتدائي;35.8264147;10.5203664
25;سوسة;بوفيشة;م.إ.  حشاد ;ابتدائي;36.3002191;10.4582342
25;سوسة;بوفيشة;م.إ.  عين الرحمة ;ابتدائي;36.2299492;10.4207418
25;سوسة;بوفيشة;م.إ.  سيدي سعيد ;ابتدائي;36.3371598;10.4494941
25;سوسة;بوفيشة;م.إ.  سيدي خليفة ;ابتدائي;36.2557662;10.4042346
25;سوسة;بوفيشة;م.إ.  سيدي مطير;ابتدائي;36.3577463;10.4772356
25;سوسة;بوفيشة;م.إ.  ابن الجزار - السلوم;ابتدائي;36.2832097;10.4755894
25;سوسة;بوفيشة;م.إ.  الصفحة;ابتدائي;36.1862987;10.3440906
25;سوسة;بوفيشة;م.إ.  وادي الخروب ;ابتدائي;36.3126069;10.4016107
25;سوسة;بوفيشة;"م.إ.  ""2 مارس"" ";ابتدائي;36.2995825;10.4530674
25;سوسة;بوفيشة;م.إ.  الشابي كلم / 70 ;ابتدائي;36.3266789;10.4987761
25;سوسة;بوفيشة;م.إ.  المثاليث ;ابتدائي;36.1910342;10.4181393
25;سوسة;بوفيشة;م.إ. لندرية ;ابتدائي;36.2950268;10.4170565
25;سوسة;بوفيشة;المدسة الإبتدائية حي الرياض;ابتدائي;36.2928672;10.4520226
25;سوسة;مساكن;م.إ.  بطحاء السوق ;ابتدائي;35.7282432;10.5796844
25;سوسة;مساكن;م.إ.  نهج البريد ;ابتدائي;35.7260213;10.5830145
25;سوسة;مساكن;م.إ.  نهج المحطة ;ابتدائي;35.7256774;10.5836756
25;سوسة;مساكن;م.إ.  الحي الشمالي-;ابتدائي;35.7268862;10.5739695
25;سوسة;مساكن;م.إ.  الحي الجديد ;ابتدائي;35.7362912;10.5876382
25;سوسة;مساكن;م.إ. 2 مارس;ابتدائي;35.7285693;10.5728298
25;سوسة;مساكن;م.إ.  حي التحرير ;ابتدائي;35.7404808;10.5815884
25;سوسة;مساكن;م.إ.  بني كلثوم ;ابتدائي;35.7023924;10.5880257
25;سوسة;مساكن;م.إ.  المور الدين ;ابتدائي;35.7610821;10.5475536
25;سوسة;مساكن;م.إ.  إبن الهيثم المسعدين ;ابتدائي;35.7609044;10.5965759
25;سوسة;مساكن;م.إ.  بني ربيعة ;ابتدائي;35.6727716;10.5684394
25;سوسة;مساكن;م.إ.  البرجين ;ابتدائي;35.6673943;10.5762058
25;سوسة;مساكن;م.إ. الكنائس;ابتدائي;35.6782116;10.5086109
25;سوسة;مساكن;م.إ. الفرادة ;ابتدائي;35.5717222;10.5078329
25;سوسة;مساكن;م.إ.  الفرادة الجديدة ;ابتدائي;35.5904386;10.5192785
25;سوسة;مساكن;م.إ.  الكعيبي ;ابتدائي;35.7225374;10.5630392
25;سوسة;مساكن;م.إ.  النهوض  ;ابتدائي;35.7216345;10.5756215
25;سوسة;مساكن;م.إ. النجاح مساكن;ابتدائي;35.7352614;10.5874224
25;سوسة;مساكن;م.إ. النور ;ابتدائي;35.7324925;10.5926613
25;سوسة;مساكن;م.إ.  الإمام الشافعي ;ابتدائي;35.7284381;10.5908219
25;سوسة;مساكن;م.إ.  سيدي عبار ;ابتدائي;35.7326469;10.5647242
25;سوسة;مساكن;م.إ.  المسعدين 2;ابتدائي;35.7678138;10.6003851
25;سوسة;مساكن;م.إ.  الحرية;ابتدائي;35.7492812;10.5676435
25;سوسة;#N/A;م.إ.  السلام  بني كلثوم;ابتدائي;35.697483;10.580717
25;سوسة;سيدي الهاني;م.إ. غبغوب ;ابتدائي;35.6923501;10.4036172
25;سوسة;سيدي الهاني;م.إ.  كروسية ;ابتدائي;35.7580399;10.3165983
25;سوسة;سيدي الهاني;م.إ. سيدي الهاني ;ابتدائي;35.6806432;10.3114723
25;سوسة;سيدي الهاني;م.إ.  أولاد علي بلهاني ;ابتدائي;35.7111422;10.3365162
25;سوسة;سيدي الهاني;م.إ.  أولاد الخشين ;ابتدائي;35.7182808;10.2458715
25;سوسة;سيدي الهاني;م.إ.  أولاد بوبكر;ابتدائي;35.6690317;10.3432022
25;سوسة;سيدي الهاني;م.إ.  الشراشير ;ابتدائي;35.7472646;10.2563989
25;سوسة;سيدي الهاني;م.إ.  كروسية الشرقية ;ابتدائي;35.7857817;10.3255355
25;سوسة;سيدي الهاني;م.إ.  المويسات;ابتدائي;35.6883653;10.2731423
25;سوسة;سيدي الهاني;م.إ. أولاد الصغير ;ابتدائي;35.7069708;10.2305067
25;سوسة;سيدي الهاني;م.إ. العزيب;ابتدائي;35.7408009;10.3557888
25;سوسة;النفيضة;م.إ.  الهادي شاكر;ابتدائي;36.1342582;10.3805818
25;سوسة;النفيضة;م.إ.  الشقارنية ;ابتدائي;36.1656528;10.4163168
25;سوسة;النفيضة;م.إ.  أولاد عبد الله ;ابتدائي;36.1474693;10.3491504
25;سوسة;النفيضة;م.إ. منزل دار بلواعر ;ابتدائي;36.0372861;10.3224573
25;سوسة;النفيضة;م.إ. فرحات حشاد النفيضة;ابتدائي;36.1320068;10.3742306
25;سوسة;النفيضة;م.إ.  الفرادي ;ابتدائي;36.1074135;10.3194569
25;سوسة;النفيضة;م.إ.  عين قارصي;ابتدائي;36.1456798;10.2516942
25;سوسة;النفيضة;م.إ.  عين مذاكر ;ابتدائي;36.2010919;10.2771699
25;سوسة;النفيضة;م.إ.  هيشر ;ابتدائي;36.1361545;10.2066707
25;سوسة;النفيضة;م.إ.  منزل فاتح ;ابتدائي;36.1357975;10.2957173
25;سوسة;النفيضة;م.إ.  تكرونة ;ابتدائي;36.1521199;10.3334784
25;سوسة;النفيضة;م.إ.  الغويلات;ابتدائي;36.0461491;10.2924927
25;سوسة;النفيضة;م.إ. مرابط حشاد ;ابتدائي;36.0806753;10.2850752
25;سوسة;النفيضة;م.إ.  الغواليف ;ابتدائي;36.1026788;10.2403455
25;سوسة;النفيضة;م.إ.  قريميت الشرقية ;ابتدائي;36.1138323;10.2731382
25;سوسة;النفيضة;م.إ.  أولاد تليل ;ابتدائي;36.0468842;10.2592149
25;سوسة;النفيضة;م.إ.  قريميت الغربية ;ابتدائي;36.0797693;10.2546644
25;سوسة;النفيضة;م.إ.  سيدي سعيدان ;ابتدائي;36.0540827;10.2245969
25;سوسة;النفيضة;م.إ.  المدافعي ;ابتدائي;36.0421961;10.2489835
25;سوسة;النفيضة;م.إ.  الصمايدية أولاد بالليل;ابتدائي;36.0698892;10.2169168
25;سوسة;النفيضة;م.إ. العيايشة;ابتدائي;36.1362042;10.2304771
25;سوسة;النفيضة;م.إبت. الارتقاء (اولاد محمد);ابتدائي;36.0685308;10.2583711
25;سوسة;كندار;م.إ.  كندار;ابتدائي;35.9344769;10.3011585
25;سوسة;كندار;م.إ.  أولاد عامر;ابتدائي;36.0121589;10.3139509
25;سوسة;كندار;م.إ. البشاشمة ;ابتدائي;35.8402888;10.1795059
25;سوسة;كندار;م.إ. البلالمة ;ابتدائي;35.9314232;10.2378507
25;سوسة;كندار;م.إ. القماطة ;ابتدائي;35.9616132;10.3237741
25;سوسة;كندار;م.إ.  بئر الجديد;ابتدائي;35.8617044;10.1940723
25;سوسة;كندار;م.إ.  أولاد العابد ;ابتدائي;35.9889817;10.2935239
25;سوسة;كندار;م.إبت. الرقي;ابتدائي;35.9309923;10.3157006
26;نابل;نابل;م.إ.  الحبيب ثامر نابل;ابتدائي;36.4526236;10.7319957
26;نابل;نابل;م.إ. العربي زروق;ابتدائي;36.4567918;10.7402188
26;نابل;نابل;م.إ.  ابن خلدون;ابتدائي;36.4525823;10.7362891
26;نابل;نابل;م.إ.  سيدي عاشور;ابتدائي;36.4550317;10.7243046
26;نابل;نابل;م.إ.  الحبيب كرمة;ابتدائي;36.44755;10.74620
26;نابل;نابل;م.إ.  بئر شلوف- بلهوان;ابتدائي;36.4495755;10.7212162
26;نابل;نابل;م.إ.  سيدي عمر;ابتدائي;36.4612575;10.7399556
26;نابل;نابل;م.إ.  عين كميشة - شبي;ابتدائي;36.5038142;10.6783371
26;نابل;نابل;م.إ.  بوغدير;ابتدائي;36.45480;10.73587
26;نابل;نابل;م.إ.  2 مارس 34 نابل;ابتدائي;36.4551577;10.7246913
26;نابل;نابل;م.إ.  نيابوليس;ابتدائي;36.4468246;10.7291029
26;نابل;نابل;م.إ.  النارنج;ابتدائي;36.4602828;10.7239605
26;نابل;نابل;م.إ.  حي الهوارية السلامة;ابتدائي;36.4864196;10.6669619
26;نابل;نابل;م.إ. التميز(الرياض);ابتدائي;36.45115;10.74176
26;نابل;نابل;م.إ. حي الوفاء;ابتدائي;36.4435;10.69319
26;نابل;دارشعبان;م.إ.  الهادي شاكر;ابتدائي;36.4639191;10.7450071
26;نابل;دارشعبان;م.إ. الصادق الغضبان-ابن فورات;ابتدائي;36.46369;10.74732
26;نابل;دارشعبان;م.إ.  طارق ابن زياد;ابتدائي;36.4654416;10.7508384
26;نابل;دارشعبان;م.إ.  الفرينين;ابتدائي;36.5643949;10.6726553
26;نابل;دارشعبان;م.إ.  بيوب خميس الحجري;ابتدائي;36.5517156;10.6520829
26;نابل;دارشعبان;م.إ.  الهلالية;ابتدائي;36.4687916;10.7490502
26;نابل;دارشعبان;م.إ.  محمد صالح الغضبان;ابتدائي;36.464308;10.7467376
26;نابل;دارشعبان;م.إ. هنشير عمرون;ابتدائي;36.5037772;10.7172448
26;نابل;دارشعبان;م.إ.  النجاح دار شعبان الفهري;ابتدائي;36.4551737;10.7495478
26;نابل;دارشعبان;م.إ.  حي النزهة;ابتدائي;36.46312;10.74064
26;نابل;دارشعبان;م.إ.  البطين;ابتدائي;36.5020186;10.7023366
26;نابل;دارشعبان;م.إ.  زامو;ابتدائي;36.5104177;10.7301739
26;نابل;قربة;م.إ. التطبيقية بورقيبة;ابتدائي;36.5783177;10.8614491
26;نابل;قربة;م.إ.  ساحة السوق;ابتدائي;36.57538;10.85838
26;نابل;قربة;م.إ. الأخلاق;ابتدائي;36.58319;10.85938
26;نابل;قربة;م.إ.  التطبيقية الشابي بقربة;ابتدائي;36.56938;10.85526
26;نابل;قربة;م.إ.  السعادة;ابتدائي;36.57900;10.85616
26;نابل;قربة;م.إ.  شارع بورقيبة تازركة;ابتدائي;36.5454606;10.8363468
26;نابل;قربة;م.إ.  بوجريدة;ابتدائي;36.60302;10.75803
26;نابل;قربة;م.إ.  بني عيشون;ابتدائي;36.57564;10.84455
26;نابل;قربة;م.إ.  ديار الحجاج;ابتدائي;36.62646;10.86365
26;نابل;قربة;م.إ.  قرعة ساسي;ابتدائي;36.65344;10.85574
26;نابل;قربة;م.إ.  قصر سعد;ابتدائي;36.65517;10.90202
26;نابل;قربة;م.إ. الاثلاث;ابتدائي;36.63447;10.82888
26;نابل;قربة;م.إ.  بني عياش;ابتدائي;36.67071;10.80029
26;نابل;قربة;م.إ.  بوليدين;ابتدائي;36.61841;10.80726
26;نابل;قربة;م.إ. تازركة سيدي بلحسن;ابتدائي;36.55153;10.832582
26;نابل;قربة;م.إ.  بلياس قربة;ابتدائي;36.66121;10.87154
26;نابل;قربة;م.إ. قبة لاغا;ابتدائي;36.6160539;10.7121407
26;نابل;قربة;م.إ.  القصبات;ابتدائي;36.6504427;10.7605798
26;نابل;قربة;م.إ.  بولزهار;ابتدائي;36.68130;10.81351
26;نابل;قربة;م.إ.  جبل الحداد;ابتدائي;36.59985;10.79487
26;نابل;قربة;م.إ.  الحي الصناعي;ابتدائي;36.58119;10.82514
26;نابل;قربة;م.إ.  حي الجربي;ابتدائي;36.59136;10.86577
26;نابل;قربة;م.إ.  بني مشكال;ابتدائي;36.58480;10.73223
26;نابل;قربة;م.إ.  خراز;ابتدائي;36.67848;10.75987
26;نابل;قربة;م.إ. فرحات حشاد;ابتدائي;36.58370;10.85882
26;نابل;بني خلاد;م.إ.  بئر دراسن;ابتدائي;36.62326;10.69307
26;نابل;بني خلاد;م.إ.  ساحة التحرير;ابتدائي;36.65028;10.59293
26;نابل;بني خلاد;م.إ.  العربي زروق;ابتدائي;36.65015;10.59193
26;نابل;بني خلاد;م.إ.  زاوية الجديدي;ابتدائي;36.64433;10.5738752
26;نابل;بني خلاد;م.إ.  سيدي التومي;ابتدائي;36.62864;10.61684
26;نابل;بني خلاد;م.إ.  القبودي;ابتدائي;36.62808;10.55204
26;نابل;بني خلاد;م.إ. سيدي علية;ابتدائي;36.65777;10.61142
26;نابل;بني خلاد;م.إ.  القبة الكبيرة;ابتدائي;36.60387;10.58676
26;نابل;بني خلاد;م.إ.  باطرو;ابتدائي;36.58277;10.56943
26;نابل;بني خلاد;م.إ.  المزنين;ابتدائي;36.6011859;10.6915349
26;نابل;بني خلاد;م.إ. حنوس;ابتدائي;36.63153;10.67248
26;نابل;بني خلاد;م.إ.  المغرة;ابتدائي;36.6506582;10.5549616
26;نابل;بني خلاد;م.إ. طريق سيدي بويحي;ابتدائي;36.649701;10.5844521
26;نابل;الميدة;م.إ.  هنشير لبنة;ابتدائي;36.70361;10.94369
26;نابل;الميدة;م.إ.  الميدة طريق منزل تميم;ابتدائي;36.72498;10.85170
26;نابل;الميدة;م.إ.  ام ذويل;ابتدائي;36.72533;10.83399
26;نابل;الميدة;م.إ.  تافلون;ابتدائي;36.69533;10.89926
26;نابل;الميدة;م.إ.  فرتونة;ابتدائي;36.75120;10.78029
26;نابل;الميدة;م.إ. القرشين;ابتدائي;36.67686;10.86568
26;نابل;الميدة;م.إ.  سيدي بوعلي;ابتدائي;36.77117;10.76294
26;نابل;الميدة;م.إ. النور  ام ذويل;ابتدائي;36.72436;10.81599
26;نابل;الميدة;م.إ.  المعيصرة;ابتدائي;36.71441;10.82631
26;نابل;الميدة;م.إ.  بودخان;ابتدائي;36.7548249;10.8353473
26;نابل;الميدة;م.إ.  عين غراب;ابتدائي;36.75176;10.80844
26;نابل;الميدة;م.إ.  ظهرة الزاوية الميدة;ابتدائي;36.73574;10.86191
26;نابل;الميدة;م.إ. شط الزهور;ابتدائي;36.67018;10.91741
26;نابل;الميدة;م.إ. الرويقات;ابتدائي;36.76714;10.81006
26;نابل;الميدة;م.إ.  الخلايفــة;ابتدائي;36.71644;10.85015
26;نابل;الميدة;م.إ. الحي الجديد;ابتدائي;36.71700;10.90267
26;نابل;الميدة;م.إ.  الحمادة;ابتدائي;36.68125;10.85010
26;نابل;منزل تميم;م.إ.  ابن خلدون;ابتدائي;36.78433;10.98773
26;نابل;منزل تميم;م.إ.  زهيوة;ابتدائي;36.77936;10.98878
26;نابل;منزل تميم;م.إ.  34/3/2المحج;ابتدائي;36.77949;10.98566
26;نابل;منزل تميم;م.إ.  العفة;ابتدائي;36.77871;10.98926
26;نابل;منزل تميم;م.إ. التميمية;ابتدائي;36.77921;10.98256
26;نابل;منزل تميم;م.إ. السعادة - منـــــزل حـــــرّ1;ابتدائي;36.72781;10.95694
26;نابل;منزل تميم;م.إ.  الصقالبة الحمادية;ابتدائي;36.79152;10.97007
26;نابل;منزل تميم;م.إ. الداموس;ابتدائي;36.76699;10.91478
26;نابل;منزل تميم;م.إ.  سيدي عبد المنعم;ابتدائي;36.85269;10.95917
26;نابل;منزل تميم;م.إ.  الرعينين;ابتدائي;36.83957;10.91293
26;نابل;منزل تميم;م.إ.  لزدين;ابتدائي;36.82028;10.89125
26;نابل;منزل تميم;م.إ.  الوديان;ابتدائي;36.79517;10.84744
26;نابل;منزل تميم;م.إ.  منزل عيسى;ابتدائي;36.86232;10.91281
26;نابل;منزل تميم;م.إ.  القمبار;ابتدائي;36.7816694;10.8216374
26;نابل;منزل تميم;م.إ.  السودان;ابتدائي;36.81847;10.82504
26;نابل;منزل تميم;م.إ. سيدي جمال الدين;ابتدائي;36.79425;11.01827
26;نابل;منزل تميم;م.إ.  القبة;ابتدائي;36.80509;10.92949
26;نابل;منزل تميم;م.إ.  القرصوليـــن;ابتدائي;36.88338;10.93365
26;نابل;منزل تميم;م.إ.  بني حماد;ابتدائي;36.84257;10.97882
26;نابل;منزل تميم;م.إ. الشعيبين;ابتدائي;36.83453;10.87002
26;نابل;منزل تميم;م.إ.  تامزراط;ابتدائي;36.75398;10.88475
26;نابل;منزل تميم;م.إ. السعادة;ابتدائي;36.78347;10.98771
26;نابل;منزل تميم;م.إ. الغريس;ابتدائي;36.81790;10.91732
26;نابل;منزل تميم;م.إ. الشيخ مبارك;ابتدائي;36.78398;10.99792
26;نابل;منزل تميم;م.إ.  دار غنم;ابتدائي;36.74041;10.92677
26;نابل;منزل تميم;م.إ. القيطون;ابتدائي;36.83805;10.83074
26;نابل;منزل تميم;م.إ. الفرابي منزل حرّ;ابتدائي;36.72298;10.95683
26;نابل;منزل تميم;م.إ.  التضامن;ابتدائي;36.77800;10.99100
26;نابل;منزل تميم;م.إ.  الشمردل;ابتدائي;36.78478;10.98048
26;نابل;قليبية;م.إ.  سيدي بوضاوي;ابتدائي;36.84828;11.09751
26;نابل;قليبية;م.إ. سيدي احمد;ابتدائي;36.85057;11.09186
26;نابل;قليبية;م.إ. طريق الشاطئ;ابتدائي;36.84630;11.09430
26;نابل;قليبية;م.إ. ســاحـة الجمهورية;ابتدائي;36.84217;11.08130
26;نابل;قليبية;م.إ.  الميناء;ابتدائي;36.83821;11.10894
26;نابل;قليبية;م.إ. نهج ليبيــا;ابتدائي;36.85188;11.08690
26;نابل;قليبية;م.إ.  زاوية ازمور;ابتدائي;36.92538;11.00637
26;نابل;قليبية;م.إ. وادي الخطف;ابتدائي;36.86194;11.02901
26;نابل;قليبية;م.إ.  سيدي معاوية قليبية;ابتدائي;36.91538;10.97988
26;نابل;قليبية;م.إ.  ملول;ابتدائي;36.91344;10.95569
26;نابل;قليبية;م.إ.  منزل ابراهيم;ابتدائي;36.89380;11.00153
26;نابل;قليبية;م.إ.  2 مارس 34- قليبية;ابتدائي;36.85168;11.08744
26;نابل;قليبية;م.إ. حسام بن خليفة;ابتدائي;36.85270;11.10300
26;نابل;قليبية;م.إ. البوشة;ابتدائي;36.93266;10.97228
26;نابل;قليبية;م.إ.  منزل بلقاسم;ابتدائي;36.94812;10.98735
26;نابل;قليبية;م.إ.  النصر- ملول;ابتدائي;36.88723;10.97199
26;نابل;قليبية;م.إ.  حي الرياض;ابتدائي;36.83882;11.09814
26;نابل;#N/A;م.إ.  ماهر باشطبجي;ابتدائي;36.8480661;11.0980022
26;نابل;#N/A;م.إ.  المنصورة;ابتدائي;36.8533355;11.1032805
26;نابل;حمام غزاز;م.إ. حمام الغزاز;ابتدائي;36.87303;11.10772
26;نابل;حمام غزاز;م.إ.  دار علوش;ابتدائي;36.97058;11.04939
26;نابل;حمام غزاز;م.إ.  دار دبوس الرياض;ابتدائي;36.96141;11.01502
26;نابل;حمام غزاز;م.إ. حمام الجبلي;ابتدائي;36.89435;11.09898
26;نابل;حمام غزاز;م.إ.  كركوان;ابتدائي;36.95421;11.08368
26;نابل;حمام غزاز;م.إ. حارة الشعراء-34/3/2;ابتدائي;36.94979;11.03787
26;نابل;حمام غزاز;م.إ.  الامل;ابتدائي;36.86895;11.11149
26;نابل;حمام غزاز;م.إ. النجاح;ابتدائي;36.87459;11.10531
26;نابل;حمام غزاز;م.إ.  تامزراط الانطلاقة;ابتدائي;36.87460;11.10510
26;نابل;الهوارية;م.إ.  ابن خلدون;ابتدائي;37.04988;11.01129
26;نابل;الهوارية;م.إ.  طريق الشاطئ;ابتدائي;37.04924;11.01640
26;نابل;الهوارية;م.إ.  هنشير غرمان;ابتدائي;37.01864;10.94425
26;نابل;الهوارية;م.إ.  بوكريم 1-الشابي;ابتدائي;36.92309;10.93169
26;نابل;الهوارية;م.إ.  زاوية المقايز;ابتدائي;36.93382;10.87093
26;نابل;الهوارية;م.إ. تازغران;ابتدائي;36.89369;10.86962
26;نابل;الهوارية;م.إ.  صاحب الجبل;ابتدائي;37.01045;10.95260
26;نابل;الهوارية;م.إ. ابان;ابتدائي;36.98465;10.97967
26;نابل;الهوارية;م.إ.  بئر الجدي;ابتدائي;36.92618;10.83837
26;نابل;الهوارية;م.إ. سيدي حسون;ابتدائي;36.85136;10.85118
26;نابل;الهوارية;م.إ.  الكرمانية;ابتدائي;36.91392;10.89135
26;نابل;الهوارية;م.إ. الشرف;ابتدائي;36.99871;11.03640
26;نابل;الهوارية;م.إ.  الغرفة;ابتدائي;36.98968;10.94695
26;نابل;الهوارية;م.إ. زوقاق;ابتدائي;36.89218;10.80208
26;نابل;الهوارية;م.إ.  سيدي مذكور;ابتدائي;36.97749;11.03143
26;نابل;الهوارية;م.إ.  الكدوة;ابتدائي;37.00476;10.99886
26;نابل;الهوارية;م.إ.  برج الصالحي-34/3/2;ابتدائي;37.03768;10.91434
26;نابل;الهوارية;م.إ.  بني خيرة صاحب الجبل;ابتدائي;36.99790;10.92785
26;نابل;الهوارية;م.إ. الحزايــزية;ابتدائي;36.87839;10.89323
26;نابل;الهوارية;م.إ.  بوحبيب;ابتدائي;36.87678;10.85238
26;نابل;الهوارية;م.إ.  منزل سالم;ابتدائي;37.03409;10.96975
26;نابل;الهوارية;م.إ.  حي السلامة;ابتدائي;37.05193;11.00334
26;نابل;الهوارية;م.إ. النشع;ابتدائي;36.89794;10.84756
26;نابل;الهوارية;م.إ.حي الزهور بوكريم;ابتدائي;36.94185;10.91207
26;نابل;منزل بوزلفة;م.إ.  شارع الرئيس;ابتدائي;36.68042;10.58572
26;نابل;منزل بوزلفة;م.إ. نهج البريد;ابتدائي;36.68059;10.58462
26;نابل;منزل بوزلفة;م.إ.  النصر;ابتدائي;36.6847375;10.5871452
26;نابل;منزل بوزلفة;م.إ.  34/3/2الغرابي;ابتدائي;36.68650;10.58202
26;نابل;منزل بوزلفة;م.إ. الرحمة;ابتدائي;36.7168606;10.723496
26;نابل;منزل بوزلفة;م.إ.  العيثة عن منزل بوزلفة;ابتدائي;36.67731;10.64101
26;نابل;منزل بوزلفة;م.إ.  داموس الحاجة;ابتدائي;36.75271;10.73024
26;نابل;منزل بوزلفة;م.إ.  بني غانم;ابتدائي;36.71309;10.61622
26;نابل;منزل بوزلفة;م.إ.  القصيرات;ابتدائي;36.68548;10.73709
26;نابل;منزل بوزلفة;م.إ.  الكلبوسي منزل بوزلفة;ابتدائي;36.711234;10.6413871
26;نابل;منزل بوزلفة;م.إ.  الشرفين;ابتدائي;36.67972;10.70912
26;نابل;منزل بوزلفة;م.إ.  النوالات-20مارس;ابتدائي;36.71818;10.55876
26;نابل;منزل بوزلفة;م.إ.  بوشريك;ابتدائي;36.70373;10.75522
26;نابل;منزل بوزلفة;م.إ. العامرين-87/11/7;ابتدائي;36.67925;10.57857
26;نابل;منزل بوزلفة;م.إ.  رينش;ابتدائي;36.73972;10.74354
26;نابل;منزل بوزلفة;م.إ. بلهويشات;ابتدائي;36.71711;10.58876
26;نابل;سليمان;م.إ.  الحبيب ثامر;ابتدائي;36.69253;10.49214
26;نابل;سليمان;م.إ. 2 مارس 34 سليمان;ابتدائي;36.69385;10.48970
26;نابل;سليمان;م.إ.  سيدي الخافي;ابتدائي;36.69624;10.48605
26;نابل;سليمان;م.إ.  الشريفات;ابتدائي;36.70549;10.52383
26;نابل;سليمان;م.إ.  بوشراي;ابتدائي;36.65955;10.53536
26;نابل;سليمان;م.إ. المريصة;ابتدائي;36.7537309;10.5545879
26;نابل;سليمان;م.إ. الظهاري;ابتدائي;36.69525;10.45581
26;نابل;سليمان;م.إ. قربص-الانطلاق;ابتدائي;36.8161717;10.5685861
26;نابل;سليمان;م.إ. المرجى;ابتدائي;36.72272;10.53054
26;نابل;سليمان;م.إ. حي صالح عزيز;ابتدائي;36.6993532;10.4894841
26;نابل;سليمان;م.إ.  دوار اللوز;ابتدائي;36.69815;10.51559
26;نابل;سليمان;م.إ.الكرامة;ابتدائي;36.69760;10.48723
26;نابل;سليمان;م.إ. القاطرة حي الرياض;ابتدائي;36.69751;10.43809
26;نابل;سليمان;م.إ. حي الرياض;ابتدائي;36.7114968;10.4826575
26;نابل;#N/A;م.إ.  طريق الشاطئ;ابتدائي;36.7081094;10.4846526
26;نابل;تاكلسة;م.إ. البريج;ابتدائي;36.80365;10.60529
26;نابل;تاكلسة;م.إ.  بدار- فرحات حشاد;ابتدائي;36.7926355;10.6269098
26;نابل;تاكلسة;م.إ. بئر مروة 34/3/2;ابتدائي;36.74295;10.61198
26;نابل;تاكلسة;م.إ.  سيدي عيسى;ابتدائي;36.80997;10.65860
26;نابل;تاكلسة;م.إ.  الدوالة;ابتدائي;36.8307347;10.6134201
26;نابل;تاكلسة;م.إ.  البكاكشة;ابتدائي;36.8442197;10.6473841
26;نابل;تاكلسة;م.إ. دار نادر;ابتدائي;36.77878;10.67444
26;نابل;تاكلسة;م.إ.  هنشير الشاذلي;ابتدائي;36.8321185;10.6869556
26;نابل;تاكلسة;م.إ.  الرتيبة;ابتدائي;36.88529;10.76648
26;نابل;تاكلسة;م.إ. وادي العبيد-الفوز;ابتدائي;36.86211;10.74263
26;نابل;تاكلسة;م.إ.  النجاح;ابتدائي;36.76258;10.66162
26;نابل;تاكلسة;م.إ. الوفاء -الجبوزة;ابتدائي;36.77703;10.70579
26;نابل;تاكلسة;م.إ. القفصية;ابتدائي;36.79801;10.67550
26;نابل;قرمبالية;م.إ. علي دندانة;ابتدائي;36.59154;10.50358
26;نابل;قرمبالية;م.إ. الهادي شاكر;ابتدائي;36.59741;10.49819
26;نابل;قرمبالية;م.إ.  الحرية;ابتدائي;36.59434;10.49834
26;نابل;قرمبالية;م.إ.  حي الازدهار;ابتدائي;36.59781;10.51068
26;نابل;قرمبالية;م.إ.  نيانو;ابتدائي;36.6023193;10.5525864
26;نابل;قرمبالية;م.إ.  34/3/2فندق الجديد;ابتدائي;36.66835;10.44561
26;نابل;قرمبالية;م.إ.  خنقة الحجاج;ابتدائي;36.61630;10.40678
26;نابل;قرمبالية;م.إ.  تركي;ابتدائي;36.57452;10.51506
26;نابل;قرمبالية;م.إ. خنقة المحطة سماش;ابتدائي;36.62300;10.46179
26;نابل;قرمبالية;م.إ. عين طبرنق;ابتدائي;36.53434;10.45691
26;نابل;قرمبالية;م.إ.  نوال;ابتدائي;36.62908;10.49211
26;نابل;قرمبالية;م.إ.  التوتة;ابتدائي;36.63855;10.47057
26;نابل;قرمبالية;م.إ. زيانة;ابتدائي;36.648392;10.442052
26;نابل;قرمبالية;م.إ. محطة بلي;ابتدائي;36.56259;10.52756
26;نابل;قرمبالية;م.إ.  بني عياش  قرمبالية;ابتدائي;36.57674;10.37604
26;نابل;قرمبالية;م.إ. هنشير سلتان-النور;ابتدائي;36.6939519;10.4113155
26;نابل;قرمبالية;م.إ.  الكرمية;ابتدائي;36.56850;10.46888
26;نابل;قرمبالية;م.إ.  زمنيت;ابتدائي;36.50629;10.39703
26;نابل;قرمبالية;م.إ.  بلحسن;ابتدائي;36.53344;10.36425
26;نابل;قرمبالية;م.إ.  حي الروضة 34/3/2;ابتدائي;36.59198;10.50334
26;نابل;قرمبالية;م.إ. الزياتين  فندق الجديد;ابتدائي;36.66561;10.44645
26;نابل;بوعرقوب;م.إ.  ابن بسام;ابتدائي;36.53499;10.54931
26;نابل;بوعرقوب;م.إ. برج حفيظ;ابتدائي;36.49143;10.57882
26;نابل;بوعرقوب;م.إ. سيدي الظاهر;ابتدائي;36.55082;10.56409
26;نابل;بوعرقوب;م.إ.  المشروحة;ابتدائي;36.52859;10.58683
26;نابل;بوعرقوب;م.إ. قرية بلي;ابتدائي;36.53171;10.63162
26;نابل;بوعرقوب;م.إ. هنشير قرط;ابتدائي;36.56791;10.55396
26;نابل;بوعرقوب;م.إ.  الخروبة;ابتدائي;36.5780386;10.6094747
26;نابل;بوعرقوب;م.إ.  المقطع;ابتدائي;36.53126;10.51977
26;نابل;بوعرقوب;م.إ. المهاذبة;ابتدائي;36.55955;10.57413
26;نابل;بوعرقوب;م.إ.  2 مارس 34 الدخانية;ابتدائي;36.53190;10.57317
26;نابل;بوعرقوب;م.إ. الجوهرة بني وائل;ابتدائي;36.50358;10.59433
26;نابل;بوعرقوب;م.إ.  حي حشاد;ابتدائي;36.50713;10.56616
26;نابل;بوعرقوب;م.إ.  حي الحرية;ابتدائي;36.53955;10.55330
26;نابل;بوعرقوب;م.إ.  أبو سهم;ابتدائي;36.51005;10.62119
26;نابل;بني خيار;م.إ.  الشابي;ابتدائي;36.47162;10.78318
26;نابل;بني خيار;م.إ. المنار;ابتدائي;36.46939;10.78028
26;نابل;بني خيار;م.إ.  الطاهر الحداد;ابتدائي;36.46478;10.77954
26;نابل;بني خيار;م.إ.  ابن سينا المعمورة;ابتدائي;36.46652;10.80750
26;نابل;بني خيار;م.إ. ديار أولاد سالم;ابتدائي;36.5106447;10.8026925
26;نابل;بني خيار;م.إ. الطيب المهيري غرداية;ابتدائي;36.54834;10.71451
26;نابل;بني خيار;م.إ.  الحلفاء;ابتدائي;36.57442;10.70984
26;نابل;بني خيار;م.إ.  الاستقلال الصمعة;ابتدائي;36.54239;10.78075
26;نابل;بني خيار;م.إ. سيدي علي الصمعي الصمعة;ابتدائي;36.54378;10.77841
26;نابل;بني خيار;م.إ.  الرياض المعمورة;ابتدائي;36.46386;10.80209
26;نابل;بني خيار;م.إ. حشاد بني خيار;ابتدائي;36.46616;10.79044
26;نابل;بني خيار;م.إبت. الفوز( الشاطئ);ابتدائي;36.45600;10.78991
26;نابل;الحمامات;م.إ.  البلهوان;ابتدائي;36.39675;10.61337
26;نابل;الحمامات;م.إ. المهيري;ابتدائي;36.40845;10.60991
26;نابل;الحمامات;م.إ.  شارع بورقيبة;ابتدائي;36.39838;10.61212
26;نابل;الحمامات;م.إ.  ابن خلدون بئر بورقبة;ابتدائي;36.43027;10.57007
26;نابل;الحمامات;م.إ. سيدي الجديدي;ابتدائي;36.41639;10.46032
26;نابل;الحمامات;م.إ. البسباسية;ابتدائي;36.39876;10.52709
26;نابل;الحمامات;م.إ. حمام بنت الجديدي;ابتدائي;36.39104;10.38397
26;نابل;الحمامات;م.إ.  جبل الأطرش;ابتدائي;36.46904;10.50311
26;نابل;الحمامات;م.إ.  المرازقة;ابتدائي;36.42663;10.67116
26;نابل;الحمامات;م.إ.  شارع الجمهورية;ابتدائي;36.39719;10.61455
26;نابل;الحمامات;م.إ. الأمل;ابتدائي;36.40558;10.61745
26;نابل;الحمامات;م.إ. شارع التحرير;ابتدائي;36.40212;10.62283
26;نابل;الحمامات;م.إ.الفتــح منارة الحمامات;ابتدائي;36.40915;10.56229
26;نابل;الحمامات;م.إ.  المزيرعة;ابتدائي;36.47327;10.43810
26;نابل;الحمامات;م.إ.  بني وائل;ابتدائي;36.45113;10.59506
26;نابل;الحمامات;م.إ.  بئر البيتة;ابتدائي;36.38433;10.54104
26;نابل;الحمامات;م.إ.  سيدي حماد;ابتدائي;36.41645;10.51542
26;نابل;الحمامات;م.إ. قصر الزيت بئر بورقبة;ابتدائي;36.42951;10.57736
26;نابل;الحمامات;م.إ.  وادي الأسود;ابتدائي;36.4501734;10.5421709
26;نابل;الحمامات;م.إ.  المنشار;ابتدائي;36.43558;10.49373
26;نابل;الحمامات;م.إ.  تافرنين;ابتدائي;36.39669;10.44727
26;نابل;الحمامات;م.إ.  حتوس;ابتدائي;36.42329;10.35986
26;نابل;الحمامات;م.إ. الياسمين منارة الحمامات;ابتدائي;36.40934;10.56517
26;نابل;الحمامات;م.إ.  الناظور;ابتدائي;36.40850;10.63033
26;نابل;الحمامات;م.إبت. العدالة ( الخروب);ابتدائي;36.411373;10.5529183
1;تونس 1;تونس المدينة;المدرسة الصادقية بتونس  ;ثانوي;36.79216;10.17319
1;تونس 1;تونس المدينة;معهد شارع 9 أفريل 1938 تونس;ثانوي;36.80124;10.16327
1;تونس 1;تونس المدينة;معهد نهج الباشا تونس;ثانوي;36.80383;10.16587
1;تونس 1;تونس المدينة;م.إ.  ابن رشد تونس;ثانوي;36.7949;10.1694
1;تونس 1;تونس المدينة;م.إ.  بالحفصية تونس;ثانوي;36.80239;10.17043
1;تونس 1;تونس المدينة;م.إ.  السرّاجين تونس;ثانوي;36.79554;10.16902
1;تونس 1;تونس المدينة;م.إ.  ساحة معقل الزعيم بتونس;ثانوي;36.78855;10.16899
1;تونس 1;تونس باب بحر;م.إ.  نهج عبد الرزاق الشرايبي تونس;ثانوي;36.80799;10.17900
1;تونس 1;تونس باب بحر;معهد عائشة بلاغة بنهج مرسيليا تونس;ثانوي;36.30471;10.181308
1;تونس 1;تونس باب بحر;معهد نهج روسيا تونس;ثانوي;36.79554;10.17762
1;تونس 1;تونس باب بحر;م.إ.  نهج المغرب تونس;ثانوي;36.81146;10.18236
1;تونس 1;تونس باب بحر;م.إ.  نهج المحطة تونس;ثانوي;36.80346;10.18168
1;تونس 1;تونس باب بحر;م.إ.  نهج لينين تونس;ثانوي;36.80290;10.18254
1;تونس 1;تونس باب بحر;معهد بورقيبة النموذجي تونس;ثانوي;36.80100;10.18000
1;تونس 1;تونس باب بحر;م.إ.  نهج الهادي شاكر تونس;ثانوي;36.81180;10.17665
1;تونس 1;الخضراء;المعهد الرياضي بيار دي كوبرتان بالمنزه;ثانوي;36.83914;10.19113
1;تونس 1;الخضراء;م.إ.  بحي الخضراء تونس;ثانوي;36.83806;10.19615
1;تونس 1;الخضراء;م.إ.  نهج لوي براي حي الخضراء تونس;ثانوي;36.82868;10.19649
1;تونس 1;الخضراء;معهد نهج 36 حي الخضراء;ثانوي;36.83345;10.19487
1;تونس 1;باب سويقة;م.إ.  شارع البشير صفر تونس;ثانوي;36.8112003;10.171282
1;تونس 1;باب سويقة;معهد باب الخضراء تونس;ثانوي;36.81042;10.17322
1;تونس 1;باب سويقة;م.إ.  نهج مجاز الباب تونس;ثانوي;36.80600;10.17437
1;تونس 1;الكبارية;م.إ.  شارع 15أكتوبر1961بالكبارية;ثانوي;36.74705;10.18988
1;تونس 1;الكبارية;م.إ.راوية بن مامي عبيد  ;ثانوي;36.186019;10.752443
1;تونس 1;الكبارية;م.إ.  حي السلامة  بالكبارية 2;ثانوي;36.76361;10.19356
1;تونس 1;الكبارية;معهد ِ العهد الجديد بالكبارية;ثانوي;36.74974;10.19467
1;تونس 1;الكبارية;م.إ.  بالمروج2;ثانوي;36.75655;10.19674
1;تونس 1;الكبارية;م.إ.  ابن سينا2 الكبارية;ثانوي;36.75325;10.19848
1;تونس 1;الكبارية;معهد   ابن سينا الكبارية;ثانوي;36.75969;10.19014
1;تونس 1;الكبارية;   معهد  المنتزه بالكبارية ;ثانوي;36.75402;10.19360
1;تونس 1;الكبارية;م.إ .إبن سينا3 بالكبارية;ثانوي;36.750111;10.186987
1;تونس 1;تونس سيدي البشير;المعهد العلوي بتونس;ثانوي;36.77839;10.16982
1;تونس 1;تونس سيدي البشير;معهد منفلوري تونس;ثانوي;36.78970;10.17263
1;تونس 1;تونس سيدي البشير;م.إ.  شارع باب الجديد تونس;ثانوي;36.79200;10.17263
1;تونس 1;تونس سيدي البشير;م .إ. النموذجية ش. علي طراد تونس ;ثانوي;36.7872479;10.1760333
1;تونس 1;الوردية;م.إ.  بالـورديـة;ثانوي;36.77685;10.19150
1;تونس 1;الوردية;معهد  العربي الشماري بالوردية;ثانوي;36.77536;10.18307
1;تونس 1;الوردية;م.إ.  نهج السوسن الأحمر الوردية;ثانوي;36.77880;10.18873
1;تونس 1;الوردية;معهد نهج صيادة بالوردية;ثانوي;36.77903;10.19116
1;تونس 1;حلق الوادي;معهد  2مارس 1934 حلق الوادي;ثانوي;36.81647;10.30277
1;تونس 1;حلق الوادي;م.إ. الفرابي بحلق الوادي;ثانوي;36.82282;10.29176
1;تونس 1;حلق الوادي;معهد العوينة;ثانوي;36.85763;10.25082
1;تونس 1;حلق الوادي;م .إ. النموذجية ضفاف البحيرة حلق الوادي ;ثانوي;36.84817;10.27289
1;تونس 1;حلق الوادي;م.إ.  نهج الجاحظ الكرم;ثانوي;36.83120;10.31653
1;تونس 1;حلق الوادي;م.إ.  أسد ابن الفرات الكرم الغربي;ثانوي;36.83540;10.31187
1;تونس 1;حلق الوادي;مدرسة تونس الدولية;ثانوي;36.85432;10.31023
1;تونس 1;حلق الوادي;معهد ضفاف البحيرة حلق الوادي;ثانوي;36.84623;10.27848
1;تونس 1;جبل الجلود;م.إ.  2مارس1934جبل الجلود;ثانوي;36.76593;10.20444
1;تونس 1;جبل الجلود;م.إ.  شكري بلعيد جبل الجلود;ثانوي;35.451813;10.121066
1;تونس 1;جبل الجلود;معهد  جبـل الجـلـود;ثانوي;36.77498;10.20521
1;تونس 1;المرسى;م .إ . بالمرسى;ثانوي;36.88587;10.30504
1;تونس 1;المرسى;م.إ.  الطيب المهيري بالمرسى;ثانوي;36.88631;10.32527
1;تونس 1;المرسى;  م .إ .  بسيدي داود;ثانوي;36.88179;10.32637
1;تونس 1;المرسى;معهد ابن ابن ابي الضياف بمرسى السعادة;ثانوي;36.88437;10.31241
1;تونس 1;المرسى;معهد علي الدوعاجي بمرسى السعادة;ثانوي;36.88070;10.32734
1;تونس 1;المرسى;معهد مرسى الرياض;ثانوي;36.8198096;10.2593921
1;تونس 1;المرسى;م.إ.  الفاضل بن عاشور المرسى;ثانوي;36.87933;10.32585
1;تونس 1;المرسى;م.إ.  قمرت حروش المرسى;ثانوي;36.90964;10.28956
1;تونس 1;المرسى;م.إ.  بحر الازرق;ثانوي;36.52552;10.173
1;تونس 1;المرسى;معهد بحر الازرق;ثانوي;36.52552;10.173
1;تونس 1;قرطاج;معهد  قرطاج حنبعل;ثانوي;36.84318;10.32299
1;تونس 1;قرطاج;معهد  قرطاج الرئاسة;ثانوي;36.84860;10.32120
1;تونس 1;قرطاج;م.إ.  بقرطاج درمش;ثانوي;36.85406;10.32886
1;تونس 1;قرطاج;معهد  قرطاج بيـرسا;ثانوي;36.86900;10.33715
1;تونس 1;قرطاج;معهد قرطاج درمش;ثانوي;36.87065;10.34498
1;تونس 1;الكرم;م.إ.  بالعوينة;ثانوي;36.84336;10.31511
1;تونس 1;الكرم;معهد  الكرم;ثانوي;36.83154;10.31728
1;تونس 1;الكرم;م.إ.  سيدي عمر الكرم الغربي;ثانوي;36.83248;10.31583
1;تونس 1;الكرم;م.إ. زبير التركي العوينة2;ثانوي;36.85584;10.28164
1;تونس 1;المرسى;م.إ.حي الرياض المرسى;ثانوي;36.8010823;10.213771
1;تونس 1;قرطاج;م.إ.  قرطاج الرئاسة;ثانوي;36.84860;10.32120
2;تونس 2;المنزه;معهد  نهج الإمام مسلم المنزه;ثانوي;36.8409791;10.1730313
2;تونس 2;المنزه;م.إ.  بالمنار 2;ثانوي;36.8389587;10.1552773
2;تونس 2;المنزه;م.إ.  بالمنار 1;ثانوي;36.8360216;10.1466455
2;تونس 2;المنزه;م.إ.  الموقع الجميل المنزه;ثانوي;36.8339685;10.1650225
2;تونس 2;المنزه;م.إ.  نهج الرصاص المنزه;ثانوي;36.837018;10.1790214
2;تونس 2;المنزه;معهد  المنزه التاسع;ثانوي;36.8468797;10.156156
2;تونس 2;المنزه;معهد نهج محمد الدشراوي المنزه 9;ثانوي;36.8425921;10.149369
2;تونس 2;العمران;معهد  راضية الحداد  بالعمران;ثانوي;36.8180107;10.1692784
2;تونس 2;العمران;م.إ.  بئر كرم العمران;ثانوي;36.819059;10.1587622
2;تونس 2;العمران;معهد  الفنون بالعمران;ثانوي;36.8172759;10.1684167
2;تونس 2;العمران;م.إ. أبو القاسم الشابي العمران;ثانوي;36.8173418;10.1693034
2;تونس 2;العمران;م.إ.  نهج الأغلب التميمي العمران;ثانوي;36.8219715;10.1638505
2;تونس 2;باردو;معهد  محمد عطية  بخزندار;ثانوي;36.80762;10.12281
2;تونس 2;باردو;معهد  باردو;ثانوي;36.8055536;10.1255321
2;تونس 2;باردو;م.إ.  نهج الحبيب ثامر باردو;ثانوي;36.80882;10.13718
2;تونس 2;باردو;م.إ.  نهج يوغرطة باردو;ثانوي;36.8060636;10.1427942
2;تونس 2;باردو;م.إ.  الإمام ابن عرفة حي السويسي باردو;ثانوي;36.796233;10.1246105
2;تونس 2;باردو;م.إ.  خير الدين باردو;ثانوي;36.8086335;10.1236556
2;تونس 2;باردو;معهد  محمود المسعدي  بباردو;ثانوي;36.81187;10.12709
2;تونس 2;باردو;م.إ.  نهج كراتشي باردو;ثانوي;36.81562;10.14105
2;تونس 2;باردو;م.إ.  ابن سينا قصر السعيد;ثانوي;36.82965;10.11582
2;تونس 2;باردو;م.إ.  حي فطومة بورقيبة بـاردو;ثانوي;36.8142161;10.1348569
2;تونس 2;باردو;المدرسة الاعدادية النموذجية بخزندار;ثانوي;36.80629;10.12390
2;تونس 2;السيجومي;م.إ.  بالملاسين;ثانوي;36.7972033;10.1582479
2;تونس 2;السيجومي;م.إ.  بالسيجومي;ثانوي;36.7953317;10.1491122
2;تونس 2;الزهور;معهد  السيجومي;ثانوي;36.7931494;10.1411844
2;تونس 2;الزهور;م.إ.  حي باش حامبة الـزهـور;ثانوي;36.7892599;10.1287342
2;تونس 2;التحرير;معهد  حي الحديقة تونس ;ثانوي;36.821604;10.1314494
2;تونس 2;التحرير;م.إ.   بحي التحرير;ثانوي;36.8286977;10.1213689
2;تونس 2;التحرير;م.إ.  نهج ابن حسنية حي التحرير;ثانوي;36.8218484;10.1269288
2;تونس 2;العمران الأعلى;معهد  حي ابن خلدون تونس;ثانوي;3650762N;1073774E
2;تونس 2;العمران الأعلى;معهد  العمران الأعلى;ثانوي;36.8432843;10.1291429
2;تونس 2;العمران الأعلى;م.إ.  حي ابن خلدون4;ثانوي;36.8303166;10.1405137
2;تونس 2;العمران الأعلى;م.إ.بحي ابن خلدون;ثانوي;36.8370054;10.126554
2;تونس 2;العمران الأعلى;م.إ.  بالعمران الأعلى;ثانوي;36.8428543;10.1295887
2;تونس 2;العمران الأعلى;م . إ . ابن رشد بالعمران الأعلى;ثانوي;36.8247828;10.1405029
2;تونس 2;الحرايرية;معهد الزهروني;ثانوي;36.7856639;10.1088002
2;تونس 2;الحرايرية;م.إ.  عقبة ابن نافع الحرائرية;ثانوي;36.7857382;10.1043952
2;تونس 2;الحرايرية;م.إ.الحرايرية;ثانوي;36.78889;10.09754
2;تونس 2;الحرايرية;م.إ.  حي بوقطفة الزهروني;ثانوي;36.7847171;10.1068591
2;تونس 2;الحرايرية;م.إ.  بالعقبة;ثانوي;36.7916137;10.0944511
2;تونس 2;الحرايرية;معهد الحرايرية;ثانوي;36.7890311;10.0951379
2;تونس 2;الحرايرية;معهد الحرايرية 2 ;ثانوي;36.7812121;10.076235
2;تونس 2;الحرايرية;م.إ. حي الواحة بالعقبة2;ثانوي;36.7787457;10.0781951
2;تونس 2;سيدي حسين;م.إ.  20 مارس 1956 بسيدي حسين;ثانوي;36.7505396;10.1089642
2;تونس 2;سيدي حسين;م.إ.  طريق مجاز الباب سيدي حسين;ثانوي;36.7774403;10.104731
2;تونس 2;سيدي حسين;م.إ. إبن أبي الضياف  بسيدي حسين  ;ثانوي;36.7676575;10.1131934
2;تونس 2;سيدي حسين;معهد  الامتياز بسيدي حسين;ثانوي;36.8354474;10.1263331
2;تونس 2;سيدي حسين;معهد  حي بوقطفة 2سيدي حسين;ثانوي;36.7788048;10.1092514
2;تونس 2;سيدي حسين;معهد سيدي حسين ;ثانوي;36.7550283;10.1156284
2;تونس 2;سيدي حسين;م.إ.علي الدوعاجي  بسيدي حسين ;ثانوي;36.7500374;10.1085451
2;تونس 2;سيدي حسين;م . إ .  سيدي حسين;ثانوي;36.7572601;10.1153817
2;تونس 2;سيدي حسين;م.إ. مدينة عمر المختار سيدي حسين;ثانوي;36.7312556;10.1261931
3;أريانة;قلعة الأندلس;م.إ.  حي المروج بقلعة الأنـدلس;ثانوي;37.0560004;10.1125999
3;أريانة;قلعة الأندلس;معهد  قلعة الأندلس;ثانوي;37.06191;10.12041
3;أريانة;قلعة الأندلس;م.إ.قلعة الأندلس;ثانوي;36.99289;10.06279
3;أريانة;سيدي ثابت;م.إ.  بسيدي ثـابت;ثانوي;36.86213;10.00705
3;أريانة;سيدي ثابت;معهد سيدي ثابت;ثانوي;36.91092;10.10417
3;أريانة;سكرة;معهد  سـكـرة;ثانوي;36.87664;10.24199
3;أريانة;سكرة;م.إ.  البستان أريانة;ثانوي;36.85392;10.19514
3;أريانة;سكرة;م.إ.  برج الوزير ;ثانوي;36.86777;10.22073
3;أريانة;سكرة;معهد برج الوزير;ثانوي;36.87220;10.19686
3;أريانة;سكرة;م.إ.  دار فضال سكرة;ثانوي;36.86655;10.20221
3;أريانة;سكرة;معهد دار فضال سكرة;ثانوي;36.88619;10.21865
3;أريانة;سكرة;م.إ. فرحات حشاد بشطرانة;ثانوي;36.87575;10.24514
3;أريانة;رواد;معهد  الوفاء طريق رواد أريانة;ثانوي;36.92611;10.13733
3;أريانة;رواد;م.إ.  الفارابي جعفر أريانة ;ثانوي;36.90013;10.18082
3;أريانة;رواد;م.إ.  حي الغزالة بأريانة;ثانوي;36.95254;10.18700
3;أريانة;رواد;معهد حي الصحافيين الغزالة برواد;ثانوي;36.90119;10.17496
3;أريانة;رواد;م.إ.  برواد;ثانوي;36.95206;10.18016
3;أريانة;رواد;معهد   رواد;ثانوي;36.95918;10.19595
3;أريانة;رواد;م .إ.النخيلات  رواد;ثانوي;36.88910;10.17556
3;أريانة;رواد;   م.إ.ببرج الطويل;ثانوي;36.93429;10.14660
3;أريانة;أريانة;معهد  المنزه السادس;ثانوي;36.85390;10.19516
3;أريانة;أريانة;معهد  خير الدين أريانة;ثانوي;36.85390;10.19515
3;أريانة;أريانة;معهد  حنبعل أريانة;ثانوي;36.85108;10.18660
3;أريانة;أريانة;م.إ.  برج البكوش أريانة;ثانوي;36.85304;10.19744
3;أريانة;أريانة;معهد  نهج العطارين أريانة;ثانوي;36.86227;10.17792
3;أريانة;أريانة;المعهد النموذجي بأريانة;ثانوي;36.85259;10.19543
3;أريانة;أريانة;م.إ.إبن خلدون بأريانـة;ثانوي;36.85336;10.19419
3;أريانة;أريانة;المعهد النموذجي بيرم الخامس المنزه الثامن;ثانوي;36.85604;10.17026
3;أريانة;أريانة;م.إ.  18جانفي 1952 أريانة;ثانوي;36.86944;10.16929
3;أريانة;أريانة;م.إ.  بالمنزه السادس;ثانوي;36.85122;10.16657
3;أريانة;أريانة;م.إ.  بالمنزه الخامس;ثانوي;36.85200;10.17550
3;أريانة;أريانة;معهد حي النصر أريانة;ثانوي;36.85683;10.15259
3;أريانة;أريانة;م.إ.  رياض النصــــــر أريانـة;ثانوي;36.84331;10.16789
3;أريانة;أريانة;المدرسة الإعدادية النموذجية المنزه 5 أريانة;ثانوي;36.84406;10.16656
3;أريانة;حي التضامن;معهد ابو القاسم الشابي بحي التضامن;ثانوي;36.82994;10.11219
3;أريانة;حي التضامن;م.إ.  بحي التضامن;ثانوي;36.83042;10.11149
3;أريانة;حي التضامن;م.إ.  9 أفريل 1938 حي التضامن ;ثانوي;36.83493;10.10741
3;أريانة;حي التضامن;م.إ.  18جانفي1952حي التضامن;ثانوي;36.83465;10.10812
3;أريانة;حي التضامن; معهد  العهد الجديد   حي  التضامن;ثانوي;36.84475;10.12381
3;أريانة;حي التضامن;م.إ.  التضامن 5 ;ثانوي;36.835921;10.096438
3;أريانة;حي التضامن;معهد محمود المسعدي   حي التضامن ;ثانوي;36.83304;10.11508
3;أريانة;المنيهلة;م.إ.  حي الجمهورية المنيهلة;ثانوي;36.85758;10.11524
3;أريانة;المنيهلة;معهد  حسن حسني عبد الوهاب المنيهلة;ثانوي;36.84590;10.11402
3;أريانة;المنيهلة;م.إ.  المنيهلة;ثانوي;36.84155;10.11328
3;أريانة;المنيهلة;م.إ.  حي البساتيـن المنيهـلـة;ثانوي;36.84249;10.09691
3;أريانة;المنيهلة;معهد  حي الرفاهة المنيهلة;ثانوي;36.87908;10.11690
3;أريانة;المنيهلة;م.إ.  حي الرفاهة المنيهلة;ثانوي;36.85041;10.12121
3;أريانة;المنيهلة;م . إ . المنيهلة العليا;ثانوي;36.84667;10.10947
3;أريانة;المنيهلة;معهد  حميدة بكير  المنيهلة;ثانوي;36.84471;10.09879
3;أريانة;المنيهلة;معهد  توحيدة بن الشيخ  المنيهلة;ثانوي;36.84685;10.10968
3;أريانة;رواد;م.إ.  برواد 2;ثانوي;36.9519924;10.1830966
4;منوبة;منوبة;معهد  ابن أبي الضياف منوبة;ثانوي;36.807977;10.104269
4;منوبة;منوبة;م.إ.  نهج أبو الطيب المتنبي منوبة;ثانوي;36.8114539;10.1012246
4;منوبة;منوبة;م.إ.  خير الدين منوبة;ثانوي;36.8097697;10.0922986
4;منوبة;منوبة;معهد  حمودة باشا منوبة;ثانوي;36.8118065;10.0912307
4;منوبة;منوبة;م.إ.  ابن رشد بالدندان;ثانوي;36.798214;10.114538
4;منوبة;منوبة;م.إ.  خزندار بالدندان;ثانوي;36.804091;10.118188
4;منوبة;منوبة;م.إ.ابن خلدون .بمنوبة;ثانوي;36.8009265;10.0838187
4;منوبة;منوبة;معهد منوبة;ثانوي;36.8171435;10.0760191
4;منوبة;منوبة;م.إ.النموذجية بمنوبة;ثانوي;36.810937;10.1160812
4;منوبة;منوبة;المعهد النموذجي بمنوبة;ثانوي;36.8101657;10.1172562
4;منوبة;واد الليل;معهد  أسد بن الفرات بوادي الليل;ثانوي;36.8388912;10.0350379
4;منوبة;واد الليل;م.إ.  شـبـاو بوادي الليل;ثانوي;36.8449595;10.0325291
4;منوبة;واد الليل;م.إ.  ابن سينا بوادي الليل;ثانوي;36.8394842;10.0511171
4;منوبة;واد الليل;م.إ.  حي المعـزيـة بوادي الليل;ثانوي;36.829827;10.049486
4;منوبة;واد الليل;معهد شارع الإستقلال بشباو وادي الليل;ثانوي;36.846668;10.0320846
4;منوبة;واد الليل;م .إ. بالسعيدة;ثانوي;36.826184;9.966461
4;منوبة;واد الليل;معهد وادي الليل;ثانوي;36.8376488;10.0467755
4;منوبة;دوار هيشر;معهد  خالد بن الوليـد دوار هيـشـر;ثانوي;36.825274;10.083781
4;منوبة;دوار هيشر;م.إ.  بدوار هيشر;ثانوي;36.826988;10.101267
4;منوبة;دوار هيشر;م.إ.  ابن رشيق بدوار هيشر;ثانوي;36.8267683;10.0946589
4;منوبة;دوار هيشر;م.إ 20 مارس 1956 بدوار هيشر;ثانوي;36.8271098;10.0703538
4;منوبة;دوار هيشر;معهد  الشباب بدوار هيشر;ثانوي;36.8340242;10.0868427
4;منوبة;دوار هيشر;م.إ.  أبو القاسم الشابي بدوار هيشر;ثانوي;36.8231503;10.0907125
4;منوبة;دوار هيشر;م.إ. حي الشباب بدوار هيشر;ثانوي;36.8368277;10.0884161
4;منوبة;دوار هيشر;معهد دوار هيشر;ثانوي;36.836857;10.08674
4;منوبة;طبربة;معهد حنّبعل بطبربة;ثانوي;36.8276667;9.8450736
4;منوبة;طبربة;معهد  طريق الشويقي بطبربة;ثانوي;36.8445416;9.8289585
4;منوبة;طبربة;م.إ.علّيسة  بطبربة;ثانوي;36.8309902;9.8394531
4;منوبة;طبربة;م.إ.  بئر الزيتون طبربة;ثانوي;36.8404836;9.8414081
4;منوبة;طبربة;م.إ.  حي الرمال بطبربة;ثانوي;36.8202658;9.842185
4;منوبة;طبربة;م.إ. دخيلة طبربة;ثانوي;36.868967;9.710724
4;منوبة;طبربة;معهد طبربة;ثانوي;36.8382373;9.8452592
4;منوبة;البطان;م.إ.العهد الجديد بالبطان;ثانوي;36.7996692;9.846433
4;منوبة;البطان;معهد  البطان;ثانوي;36.8011421;9.8465822
4;منوبة;الجديدة;معهد ابن عرفة الجديدة;ثانوي;36.866341;9.939491
4;منوبة;الجديدة;م.إ.  حي الإذاعة بالجديدة;ثانوي;36.8476459;9.9337082
4;منوبة;الجديدة;م.إ.  الرياض بالجديدة;ثانوي;36.8426799;9.9332774
4;منوبة;الجديدة;معهد الامتيازالجديدة;ثانوي;36.8230075;9.933701
4;منوبة;المرناقية;معهد الفرابي بالمرناقية;ثانوي;36.7567094;10.0197871
4;منوبة;المرناقية;م.إ.  20مارس56  المرناقية;ثانوي;36.757599;10.000426
4;منوبة;المرناقية;م.إ.   الشابي بالمرناقية;ثانوي;36.7599231;10.0287187
4;منوبة;المرناقية;م.إ.فجة خماخم المرناقية;ثانوي;36.6909241;9.9478938
4;منوبة;المرناقية;معهد المرناقية;ثانوي;36.762256;10.014605
4;منوبة;برج العامري;معهد ابن منظور ببرج العامري;ثانوي;36.7113707;9.8763937
4;منوبة;برج العامري;م.إ. برج العامري;ثانوي;36.7171297;9.8814546
4;منوبة;المرناقية;م.إ.  المرناقية;ثانوي;36.7637779;10.0137457
5;بن عروس;المدينة الجديدة;م.إ. بالمدينة الجديدة1;ثانوي;36.73967;10.23118
5;بن عروس;المدينة الجديدة;معهد  ابن منظور بالمدينة الجديدة;ثانوي;36.74659;10.25607
5;بن عروس;المدينة الجديدة;م.إ.حي الرمانة بالمدينة الجديدة 3;ثانوي;36.75206;10.24830
5;بن عروس;المدينة الجديدة;م.إ. باليسمـيـنـات;ثانوي;36.74592;10.23803
5;بن عروس;المدينة الجديدة;معهد المدينة الجديدة 3;ثانوي;36.74518;10.24086
5;بن عروس;المروج;معهد المروج 1;ثانوي;36.73619;10.20713
5;بن عروس;المروج;م.إ. بالمروج 3;ثانوي;36.73246;10.20003
5;بن عروس;المروج;م.إ. بالمروج 5;ثانوي;36.73198;10.20749
5;بن عروس;المروج;معهد المروج 4;ثانوي;36.71943;10.22138
5;بن عروس;المروج;م.إ. بالمروج 6;ثانوي;36.44960;10.12415
5;بن عروس;المروج;م.إ. المـروج 1;ثانوي;36.71456;10.22078
5;بن عروس;المروج;م.إ.  الطاهر صفرالمروج 3;ثانوي;36.72357;10.23593
5;بن عروس;المروج;م.إ.  الرشيدية المروج 3;ثانوي;36.72529;10.21616
5;بن عروس;المروج;معهد  محمد البراهمي   المروج 6      ;ثانوي;36.71301;10.21784
5;بن عروس;المروج;معهد خير الدين باشا المروج بئر القصعة;ثانوي;36.71427;10.21124
5;بن عروس;المروج;معهد المروج 6 مكرر;ثانوي;36.70734;10.23892
5;بن عروس;بن عروس;معهد  عبدالرّزاق الهمّامي  ببن عروس;ثانوي;36.45360;10.13366
5;بن عروس;بن عروس;م.إ.  أبو القاسم الشابي ببن عروس;ثانوي;36.75248;10.22252
5;بن عروس;بن عروس;م.إ. الطاهر الحداد  ببن عروس;ثانوي;36.75119;10.22336
5;بن عروس;بن عروس;المدرسة الإعدادية للمكفوفين حي حشاد بير القصعة;ثانوي;36.73955;10.21891
5;بن عروس;حمام الأنف;م.إ.  الحبيب ثامر بحمام الأنف;ثانوي;36.72813;10.34171
5;بن عروس;حمام الأنف;م.إ.  مفيدة بورقيبة بحمام الأنف;ثانوي;36.73442;10.33322
5;بن عروس;حمام الأنف;معهد حمام الأنف;ثانوي;36.73481;10.32114
5;بن عروس;حمام الأنف;معهد بشير النبهاني حمام الإنف;ثانوي;36.72776;10.33599
5;بن عروس;حمام الأنف;م.إ.  شارع الجمهورية بحمام الأنف;ثانوي;36.72810;10.33546
5;بن عروس;حمام الأنف;المعهد النموذجي بحمام الأنف;ثانوي;36.73490;10.32226
5;بن عروس;الزهراء;م.إ. 2مارس34  بالزهراء;ثانوي;36.74683;10.30931
5;بن عروس;الزهراء;معهد  ابن رشيق الزهراء;ثانوي;36.73694;10.31498
5;بن عروس;الزهراء;م.إ.  المنجي سليم بالزهراء;ثانوي;36.74702;10.30518
5;بن عروس;حمام الشط;معهد بـرج السـدريـة;ثانوي;36.69666;10.38772
5;بن عروس;حمام الشط;م.إ.  أسد ابن الفرات بحمام الشط;ثانوي;36.70486;10.37895
5;بن عروس;حمام الشط;م.إ. ببئــر البـأي ;ثانوي;36.70733;10.37916
5;بن عروس;حمام الشط;م.إ. نزهة سلطان حمام الشط;ثانوي;36.72024;10.36366
5;بن عروس;رادس;م.إ.المدينة الرياضية رادس;ثانوي;36.75489;10.27522
5;بن عروس;رادس;معهد  فرحات حشاد رادس;ثانوي;36.76405;10.26202
5;بن عروس;رادس;م.إ.  عبدالله فرحات رادس;ثانوي;36.76574;10.27023
5;بن عروس;رادس;معهد  ابن خلدون رادس;ثانوي;36.76928;10.28048
5;بن عروس;رادس;م.إ. 2 مارس 34رادس;ثانوي;36.77297;10.27499
5;بن عروس;بومهل البساتين;معهد حي السلام ببومهل;ثانوي;36.69693;10.30098
5;بن عروس;بومهل البساتين;م.إ.  أبوالعباس أحمد الأبياني بـومـهـل;ثانوي;36.72823;10.31028
5;بن عروس;بومهل البساتين;م.إ.  ببومهل;ثانوي;36.71892;10.29668
5;بن عروس;بومهل البساتين;معهد بومهل 2;ثانوي;36.72261;10.30475
5;بن عروس;مقرين;معهد  نهج طه حسين مقرين;ثانوي;36.77258;10.23122
5;بن عروس;مقرين;م.إ.  الطيب المهيري مقرين الرياض;ثانوي;36.76806;10.22230
5;بن عروس;مقرين;م.إ.  المنجي سليم بسيدي رزيق;ثانوي;36.77813;10.22866
5;بن عروس;مقرين;م.إ. الفاضل بن عاشور حي شاكر بمقرين;ثانوي;36.78310;10.23205
5;بن عروس;مقرين;م.إ. النموذجية مقرين;ثانوي;36.78281;10.23072
5;بن عروس;مرناق; '    معهد وليد المشلاوي بمرناق;ثانوي;36.6095137;10.2420022
5;بن عروس;مرناق;م.إ. بمرناق;ثانوي;36.49498;10.30193
5;بن عروس;مرناق;م.إ.  أبو الحسن بن الهيثم بمـرناق;ثانوي;36.65104;10.24989
5;بن عروس;مرناق;معهد أبو القاسم الشابي بمرناق;ثانوي;36.60977;10.31920
5;بن عروس;مرناق;م . إ . محمود المسعدي مرناق;ثانوي;36.59699;10.30447
5;بن عروس;مرناق;م.إ. بالخليدية;ثانوي;36.66981;10.26849
5;بن عروس;المحمدية;م.إ.  أحمد ابن أبي الضياف بالمحمدية;ثانوي;36.67632;10.15672
5;بن عروس;المحمدية;معهد المحمدية 2;ثانوي;36.67322;10.15491
5;بن عروس;المحمدية;م.إ.  مصطفى خريف بالمحمدية;ثانوي;36.67648;10.16437
5;بن عروس;المحمدية;م.إ. حي القصـر بالمحمـديـة;ثانوي;36.68200;10.15100
5;بن عروس;المحمدية;معهد المحمدية;ثانوي;36.68389;10.15018
5;بن عروس;المحمدية;معهد المحمدية3;ثانوي;36.65419;10.08182
5;بن عروس;فوشانة;معهد فوشانة;ثانوي;36.69805;10.17035
5;بن عروس;فوشانة;م.إ. بنعسان;ثانوي;36.71733;10.15739
5;بن عروس;فوشانة;م.إ. بفوشانة;ثانوي;36.70339;10.23194
5;بن عروس;فوشانة;معهد حي الأمـل بفــوشانـة;ثانوي;36.68212;10.21519
5;بن عروس;فوشانة;معهد المغيرة فوشانة;ثانوي;36.69284;10.20891
5;بن عروس;رادس;م.إ.  رادس الشاطئ;ثانوي;36.7832;10.20328
5;بن عروس;المحمدية;م.إ. المحمـديـة;ثانوي;36.6823;10.15528
6;زغوان;زغوان;معهد  سليمان بن سليمان بـزغـوان;ثانوي;36.4084909;10.1377526
6;زغوان;زغوان;م.إ.  شارع الإستقلال بزغوان;ثانوي;36.4018019;10.1422441
6;زغوان;زغوان;معهد  حي النزهة بزغوان;ثانوي;36.4065787;10.1506251
6;زغوان;زغوان;م.إ.  الحنايا بزغوان;ثانوي;36.3954457;10.0577768
6;زغوان;زغوان;م.إ.  حي العرائس بزغوان;ثانوي;36.4073493;10.1369225
6;زغوان;زغوان;م.إ.  9أفريل1938بمقـرن;ثانوي;36.4227946;10.0878051
6;زغوان;زغوان; م. إ. الخوارزمي ببوسليم ;ثانوي;36.39862;10.29212
6;زغوان;زغوان; المعهد النموذجي زغوان ;ثانوي;36.422983;10.090400
6;زغوان;الزريبة;معهد  ابن شرف بالـزريبـة;ثانوي;36.3596106;10.2136367
6;زغوان;الزريبة;م.إ. الطا هر الحداد بحمام الزريبـة;ثانوي;36.3581321;10.2144535
6;زغوان;الزريبة;م.إ. فرحات حشاد  بالزريبة قرية;ثانوي;36.3422314;10.2427763
6;زغوان;بئر مشارقة;م . إ . بجبل الوسط;ثانوي;36.5564162;10.0628116
6;زغوان;بئر مشارقة;م.إ.  ابن سينا بسمنجـة;ثانوي;36.4499211;10.0561699
6;زغوان;بئر مشارقة;معهد  ابن رشيق ببئر مشارقـة;ثانوي;36.5202103;9.9579349
6;زغوان;بئر مشارقة;م.إ. الحبيب ثامر ببئر مشارقـة;ثانوي;36.5119348;9.9555936
6;زغوان;الفحص;معهد  الفارابي بالفحص;ثانوي;36.3619902;9.9088634
6;زغوان;الفحص;معهد  محمودالمسعدي الفحص;ثانوي;36.3836119;9.912347
6;زغوان;الفحص;م.إ.  خير الدين بالفحص;ثانوي;36.363347;9.9048769
6;زغوان;الفحص;معهد إبن سينا بالفحص;ثانوي;36.3703965;9.9014054
6;زغوان;الفحص;المدرسة الإعدادية أسد بن الفرات بالفحص;ثانوي;36.3840797;9.9132928
6;زغوان;الفحص;م.إ.  ابن خلدون بالفحص;ثانوي;36.3845787;9.9154368
6;زغوان;الفحص;م.إ.  أبوالقاسم الشابي بالفحص;ثانوي;36.3617522;9.9070591
6;زغوان;الفحص;م.إ.  بسيدي عـويدات;ثانوي;36.2216693;9.7425935
6;زغوان;الناظور;معهد  ابن شرف بالناظور;ثانوي;36.120776;10.0889598
6;زغوان;الناظور;م.إ.  ابن رشد بالناظور;ثانوي;36.116465;10.0648757
6;زغوان;الناظور;م.إ. فرحات حشاد بسيدي ناجي;ثانوي;36.0519339;10.0442632
6;زغوان;الناظور;م.إ. إبن الجزار الناضور;ثانوي;36.1172572;10.0671981
6;زغوان;الناظور;معهد الغزالي بالناظور ;ثانوي;36.111966;10.0959532
6;زغوان;صواف;م.إ. عقبة ابن نافع بصواف;ثانوي;36.2301324;10.1706821
6;زغوان;صواف;معهد  إبن الهيثم  بصواف;ثانوي;36.2316716;10.168793
7;بنزرت;بنزرت الجنوبية;م.إ.  الجلاء بنزرت;ثانوي;37.27810;9.55486
7;بنزرت;بنزرت الجنوبية;م.إ.  بوخريص بنزرت;ثانوي;37.25845;9.83852
7;بنزرت;بنزرت الجنوبية;م.إ.  بهنشـيـر الـمـاثــليــن بنـزرت;ثانوي;37.26459;9.84432
7;بنزرت;بنزرت الجنوبية;المعهد النموذجي 15 اكتوبر 1963 بنزرت;ثانوي;37.27392;9.85468
7;بنزرت;بنزرت الجنوبية;م.إ. المصيدة بنزرت ;ثانوي;37.27707;9.74762
7;بنزرت;بنزرت الشمالية;م.إ.  الحبيب بوقطفة بنزرت;ثانوي;37.27298;9.86520
7;بنزرت;بنزرت الشمالية;معهد  الحبيب ثامر بنزرت;ثانوي;37.26960;9.86944
7;بنزرت;بنزرت الشمالية;م.إ.  الهادي شاكر بنزرت;ثانوي;37.27253;9.87543
7;بنزرت;بنزرت الشمالية;م.إ.النموذجية  فرحات حشاد بنزرت;ثانوي;37.28003;9.87472
7;بنزرت;بنزرت الشمالية;م.إ.  الحبيب الحداد بنزرت;ثانوي;37.26787;9.86597
7;بنزرت;بنزرت الشمالية;م.إ.  شارع بورقيبة بنزرت;ثانوي;37.27477;9.87500
7;بنزرت;بنزرت الشمالية;معهد  فرحات حشاد بنزرت;ثانوي;37.28081;9.85732
7;بنزرت;بنزرت الشمالية;معهد  نهج باش حامبة بنـزرت;ثانوي;37.27320;9.86718
7;بنزرت;بنزرت الشمالية;معهد    بنزرت;ثانوي;37.28988;9.85835
7;بنزرت;جرزونة;م.إ.  بجرزونة;ثانوي;37.26108;9.87273
7;بنزرت;جرزونة;م.إ.  بـوشملـة جرزونة;ثانوي;37.25508;9.87986
7;بنزرت;سجنان;معهد  15 اكتوبر1963  سجنان;ثانوي;37.12116;9.20529
7;بنزرت;سجنان;معهد  سجنان;ثانوي;37.12955;9.37107
7;بنزرت;سجنان;م.إ.  بسجنان;ثانوي;37.01522;9.18150
7;بنزرت;سجنان;م.إ.  بتمـرة سجنان;ثانوي;37.07440;9.13815
7;بنزرت;سجنان;م . إ .  بسجنان 2;ثانوي;37.13303;9.26530
7;بنزرت;سجنان;م . إ .  بسجنان 3;ثانوي;37.08040;9.14470
7;بنزرت;جومين;م.إ.  بجومين;ثانوي;36.96285;9.29800
7;بنزرت;جومين;معهد  بـازيـنـة;ثانوي;36.87532;9.37451
7;بنزرت;جومين;م.إ.  جبل السمان جومين;ثانوي;36.96013;9.33756
7;بنزرت;جومين;معهد جبل السمان;ثانوي;36.925;9.385
7;بنزرت;ماطر;م.إ.طريق تونس ماطر;ثانوي;37.06606;9.67115
7;بنزرت;ماطر;معهد  ماطر;ثانوي;37.03668;9.67857
7;بنزرت;ماطر;معهد  طريق طبرقة ماطر;ثانوي;37.05050;9.63825
7;بنزرت;ماطر;م.إ.  بماطر 2;ثانوي;37.03388;9.65451
7;بنزرت;ماطر;م.إ.  الحياة ماطر;ثانوي;37.03898;9.68543
7;بنزرت;ماطر;م.إ.  بماطـر;ثانوي;37.03746;9.67946
7;بنزرت;الغزالة;م.إ.  بغزالة;ثانوي;37.07273;9.53561
7;بنزرت;الغزالة;معهد غزالة;ثانوي;37.04969;9.47357
7;بنزرت;غار الملح;م.إ.  بغار الملح;ثانوي;37.16834;10.18443
7;بنزرت;غار الملح;م.إ.  بعوسجة;ثانوي;37.13974;10.09884
7;بنزرت;غار الملح;معهد عوسجة;ثانوي;37.16757;10.13820
7;بنزرت;أوتيك;م.إ.  بزهانة;ثانوي;37.04078;10.03510
7;بنزرت;أوتيك;معهد أوتيك;ثانوي;37.03755;9.89594
7;بنزرت;منزل بورقيبة;م.إ.سحنون  منزل بورقيبة;ثانوي;37.15719;9.79668
7;بنزرت;منزل بورقيبة;معهد  منزل بورقيبة;ثانوي;37.15453;9.78750
7;بنزرت;منزل بورقيبة;معهد  ابن سينا بمنزل بورقيبة;ثانوي;37.15402;9.80046
7;بنزرت;منزل بورقيبة;م.إ.بأم هاني منزل بورقيبة;ثانوي;37.11907;9.84289
7;بنزرت;منزل بورقيبة;معهد ابن رشـد منـزل بـورقيبـة;ثانوي;37.14892;9.92089
7;بنزرت;منزل بورقيبة;م.إ.  الكاهنة منزل بورقيبة;ثانوي;37.15407;9.78866
7;بنزرت;منزل بورقيبة;م.إ.  ابن شرف منزل بورقيبة;ثانوي;37.15266;9.79920
7;بنزرت;منزل بورقيبة;م.إ.  ابن أبي الضياف منزل بورقيبة;ثانوي;37.15894;9.79295
7;بنزرت;منزل بورقيبة;م.إ.  09 افريل 1938منزل بورقيبة;ثانوي;37.15263;9.77359
7;بنزرت;تينجة;م.إ.  نهج تونس تينجة;ثانوي;37.15817;9.75856
7;بنزرت;تينجة;م.إ.  حي الاقبال تينجة;ثانوي;37.15859;9.75847
7;بنزرت;تينجة;معهد تينجة;ثانوي;37.12000;9.74649
7;بنزرت;رأس الجبل;معهد أسامة شقرون رأس الـجـبــل;ثانوي;37.18832;10.20480
7;بنزرت;رأس الجبل;م.إ.  نهج صلاح الدين الأيوبي رأس الجبل;ثانوي;37.13460;10.04500
7;بنزرت;رأس الجبل;م.إ.  برأس الجبل;ثانوي;37.21866;10.12558
7;بنزرت;رأس الجبل;معهد  محمد علي العنابي رأس الجبل;ثانوي;37.19778;10.17684
7;بنزرت;رأس الجبل;م.إ.  التوهامي بن سعيد  بالماتلين;ثانوي;37.21321;10.04643
7;بنزرت;رأس الجبل;م.إ.  برفراف;ثانوي;37.18878;10.18177
7;بنزرت;منزل جميل;معهد  منزل جميل;ثانوي;37.24233;9.91106
7;بنزرت;منزل جميل;م.إ.  منزل جميل;ثانوي;37.23642;9.89896
7;بنزرت;منزل جميل;م.إ.  منزل عبد الرحمان;ثانوي;37.23579;9.90614
7;بنزرت;منزل جميل;م . إ .  بمنزل جميل 2 ;ثانوي;37.22888;9.91144
7;بنزرت;منزل جميل;معهد  القنال منزل عبدالرحمان;ثانوي;37.25008;9.86658
7;بنزرت;العالية;معهد العالية;ثانوي;37.16756;10.03811
7;بنزرت;العالية;م.إ.  ابن سينا بالعالية;ثانوي;37.16873;10.03063
7;بنزرت;العالية;م.إ.  العهد الجديـد بالعـاليــة;ثانوي;37.17434;10.03368
7;بنزرت;العالية;م.إ.بالخيتمين;ثانوي;37.19427;10.05229
7;بنزرت;رأس الجبل;معهد الماتلين;ثانوي;37.1443;10.0221
8;باجة;باجة الشمالية;معهد  ابن منظور بالمزارة باجة;ثانوي;36.76529;9.20929
8;باجة;باجة الشمالية;م.إ.  ابن عرفة بالمحلة باجة;ثانوي;36.73864453269496;9.170792848189668
8;باجة;باجة الشمالية;معهد  شارع البيئة باجة;ثانوي;36.7244412;9.1947824
8;باجة;باجة الشمالية;م.إ.  الرشاد باجـة;ثانوي;36.32870;9.34104
8;باجة;باجة الشمالية;م.إ.  بباجة المستقبل باجة الشمالية;ثانوي;36.74404;9.19195
8;باجة;باجة الشمالية;معهد باجة الشمالية;ثانوي;36.71715;9.11446
8;باجة;باجة الجنوبية;معهد  2مارس34 باجة;ثانوي;36.71801;9.19784
8;باجة;باجة الجنوبية;معهد  ابن الهيثم باجة;ثانوي;36.72184;9.19575
8;باجة;باجة الجنوبية;معهد  عمر الـقـلـشاني باجة;ثانوي;36.72274;9.18453
8;باجة;باجة الجنوبية;م.إ.  شارع الحبيب بورقيبة باجة;ثانوي;36.66210;9.19547
8;باجة;باجة الجنوبية;م.إ.  العياضي الباجي باجة;ثانوي;36.71976;9.18566
8;باجة;باجة الجنوبية;م.إ.  علي القـلصادي باجة;ثانوي;36.79785;9.21478
8;باجة;باجة الجنوبية;م.إ.  ابن خلـدون بالمعقـولة باجة;ثانوي;36.70370;9.21402
8;باجة;باجة الجنوبية;م.إ.  خيرالدين باشا سيدي اسماعيل باجة;ثانوي;36.71767;9.19349
8;باجة;باجة الجنوبية;معهد علي البلهـوان باجة;ثانوي;36.66398;9.15073
8;باجة;باجة الجنوبية;م.إ.الحرية شارع بورقيبة بباجة;ثانوي;36.63937;9.24978
8;باجة;عمدون;معهد  البشير صفـر بعمـدون;ثانوي;36.76866;9.03358
8;باجة;عمدون;م.إ.  الطيب المهيري بالقـوسـة;ثانوي;36.84845;9.00552
8;باجة;عمدون;م.إ.  ابن سينا بعمدون;ثانوي;36.79658;9.02715
8;باجة;نفزة;معهد نفزة;ثانوي;36.90763;9.14609
8;باجة;نفزة;معهد  الطاهر بن عاشور بنفـزة;ثانوي;37.01958;9.04751
8;باجة;نفزة;م.إ.  ابن الجزار  بوشتاتة;ثانوي;36.99918;9.13375
8;باجة;نفزة;م.إ.  ابن شـرف بنفـزة;ثانوي;37.03353;9.10194
8;باجة;نفزة;م.إ. أبو القاسم الشابي بالطبابة;ثانوي;36.92223;8.99167
8;باجة;نفزة;م.إ. محمود المسعدي بنفزة;ثانوي;36.94450;9.16263
8;باجة;نفزة;معهد عمارة فرحات نفزة;ثانوي;36.92776;9.19193
8;باجة;تيبار;معهد  العهد الجديد بتيبـار;ثانوي;36.5261544;9.097604
8;باجة;تيبار;م.إ.  حي ابن خلدون بتيبار;ثانوي;36.48421;9.10638
8;باجة;تبرسق;م.إ. محمود المسعدي  بتبرسق ;ثانوي;36.39885;9.23946
8;باجة;تبرسق;م.إ.  الحبيب بورقيبة بتبـرسـق;ثانوي;36.42241;9.31960
8;باجة;تبرسق;معهد  ابن ابي الضياف بتبـرسـق;ثانوي;36.42281;9.09403
8;باجة;تبرسق;معهد الشادلي خزندار تبرسق;ثانوي;36.49837;9.17685
8;باجة;قبلاط;معهد  02مارس34 بقبلاط;ثانوي;36.54047;9.66293
8;باجة;قبلاط;م.إ.فرحات حشاد بـقـبـلاط    ;ثانوي;36.49637;9.71199
8;باجة;قبلاط;م . إ . علي الدوعاجي   بقبلاط;ثانوي;36.52046;9.61086
8;باجة;مجاز الباب;معهد  ابو القاسم الشابي بمجاز الباب;ثانوي;36.68197;9.56819
8;باجة;مجاز الباب;م.إ.  الطاهر الحداد بمجاز الباب;ثانوي;36.64649;9.59982
8;باجة;مجاز الباب;م.إ.  المنجي سليم بمجاز الباب;ثانوي;36.67927;9.66589
8;باجة;مجاز الباب;م .إ. ابن البيطار بمجاز الباب;ثانوي;36.75858;9.47262
8;باجة;مجاز الباب;معهد محمود المسعدي بمجاز الباب;ثانوي;36.65192;9.61659
8;باجة;مجاز الباب;م.إ.  يوغـرطة بتوكابـر;ثانوي;36.74333;9.59079
8;باجة;مجاز الباب;معهد مجاز الباب;ثانوي;36.66014;9.78403
8;باجة;تستور;م.إ.  ابن رشيق بوادي الزرقاء;ثانوي;36.51566;9.49270
8;باجة;تستور;م.إ.  ابن رشد بتستور;ثانوي;36.52540;9.35887
8;باجة;تستور;معهد  ابن زيدون بتستور;ثانوي;36.44394;9.37670
8;باجة;تستور;م.إ.  الفاضل بن عاشور بالسلوقيـة;ثانوي;36.55105;9.35269
8;باجة;تستور;م.إ.  ابن سهـل تستـور;ثانوي;36.60203;9.55379
8;باجة;تستور;معهد إبن زهر  بتستور;ثانوي;36.54576;9.44288
8;باجة;باجة الشمالية;م.إ.  النموذجية;ثانوي;36.73949;9.20181
8;باجة;باجة الجنوبية;المعهد النموذجي باجة;ثانوي;36.63630;9.19635
9;جندوبة;جندوبة الشمالية;م.إ.  ببلاريجيا;ثانوي;36.5563202;8.7465428
9;جندوبة;جندوبة الشمالية;م.إ. حي الهادي بن حسين بجندوبة;ثانوي;36.5180559;8.760051
9;جندوبة;جندوبة الشمالية;م.إ.  سوق الجمعة جندوبة;ثانوي;36.581924;8.6038663
9;جندوبة;جندوبة الشمالية;معهد   محمد علي اللقطي بجندوبة;ثانوي;36.5197252;8.7633941
9;جندوبة;جندوبة الشمالية;معهد بلاريجيا;ثانوي;36.5581308;8.7627441
9;جندوبة;جندوبة الجنوبية;معهد  9 افريل38   بجندوبة;ثانوي;36.4931368;8.7782137
9;جندوبة;جندوبة الجنوبية;معهد  شارع الحرية بجندوبة;ثانوي;36.4964965;8.7840941
9;جندوبة;جندوبة الجنوبية;م.إ.  مصطفى خريف بجندوبة;ثانوي;36.4968232;8.777707
9;جندوبة;جندوبة الجنوبية;م.إ.  02مارس 34 بجندوبة;ثانوي;36.5045911;8.7755776
9;جندوبة;جندوبة الجنوبية;معهد  خميس الحجري بجندوبة;ثانوي;36.4952097;8.783535
9;جندوبة;جندوبة الجنوبية;المدرسة الاعدادية النموذجية بجندوبة;ثانوي;36.4937835;8.7796907
9;جندوبة;جندوبة الجنوبية;م.إ.  بسوق السبت;ثانوي;36.5103994;8.8928236
9;جندوبة;جندوبة الجنوبية;م.إ.  طريق تونس بجندوبة;ثانوي;36.505835;8.795491
9;جندوبة;جندوبة الجنوبية;المدرسة الإعدادية بجنـدوبـة;ثانوي;36.4924058;8.7777297
9;جندوبة;جندوبة الجنوبية;م.إ.   المروج    بجنـدوبـة الجنـوبيـة;ثانوي;36.4881438;8.7845896
9;جندوبة;جندوبة الجنوبية;معهد جندوبة;ثانوي;36.4947448;8.7894554
9;جندوبة;جندوبة الجنوبية;المعهد النموذجي جندوبة;ثانوي;36.48637;8.78122
9;جندوبة;بوسالم;معهد  خير الدين باشا   ببـوسـالـم;ثانوي;36.58482;8.9842635
9;جندوبة;بوسالم;معهد  بوسالم;ثانوي;36.6099524;8.9660248
9;جندوبة;بوسالم;م.إ.  حي الخضراء ببوسالم;ثانوي;36.5915637;8.9590486
9;جندوبة;بلطة بوعوان;م.إ.  ببوسالم;ثانوي;36.6161241;8.9835062
9;جندوبة;بلطة بوعوان;م.إ.  ببوعوان;ثانوي;36.6913262;9.0028585
9;جندوبة;بلطة بوعوان;م.إ.  ببلطة;ثانوي;36.705301;8.936477
9;جندوبة;بلطة بوعوان;معهد  شارع البيئة بـوسـالـم;ثانوي;36.6126119;8.9719969
9;جندوبة;بلطة بوعوان;م.إ.  المحطـة بــوسـالـم;ثانوي;36.6123002;8.9709412
9;جندوبة;بلطة بوعوان;م.إ.  الهادي خليل بو سالم;ثانوي;36.6189229;8.9775589
9;جندوبة;طبرقة;معهد  02 مارس 34 بطبرقة;ثانوي;36.93433;8.7933608
9;جندوبة;طبرقة;م.إ.  18جانفي1952بطبــرقــة;ثانوي;36.951076;8.7600972
9;جندوبة;طبرقة;معهد  طبرقة;ثانوي;36.9350205;8.7519176
9;جندوبة;طبرقة;م.إ.  بعين الصبح;ثانوي;36.951487;8.866796
9;جندوبة;طبرقة;م.إ.  المرجان بطبرقة;ثانوي;36.946380;8.783663
9;جندوبة;عين دراهم;م.إ.  بعين دراهم;ثانوي;36.772370;8.681907
9;جندوبة;عين دراهم;معهد  عين دراهم;ثانوي;36.7785271;8.6907292
9;جندوبة;عين دراهم;م.إ.  بببوش;ثانوي;36.801347;8.675559
9;جندوبة;عين دراهم;م.إ.  حمـام بـورقـيـبـة;ثانوي;36.7638285;8.5855828
9;جندوبة;عين دراهم;معهد خمير عين دراهم;ثانوي;36.764792;8.684096
9;جندوبة;عين دراهم;معهد  إبن خلدون  بعين دراهم ;ثانوي;36.772657;8.686139
9;جندوبة;فرنانة;معهد  عبد الحميد الغزواني بفرنانة;ثانوي;36.6492271;8.6997352
9;جندوبة;فرنانة;م.إ.  فجري البوسعيدي بفرنانة;ثانوي;36.6504913;8.6948258
9;جندوبة;فرنانة;م.إ. الفجوج  بفـرنـانــة ;ثانوي;36.661414;8.684219
9;جندوبة;فرنانة;معهد إبن خلدون فرنانة;ثانوي;36.6621732;8.6913833
9;جندوبة;فرنانة;م.إ.  ببني مطير;ثانوي;36.7432329;8.7366762
9;جندوبة;فرنانة;م.إ.  عين البـيـة فـرنانـة;ثانوي;36.6575481;8.6143887
9;جندوبة;واد مليز;م.إ.  04افريل38 بوادي مليز;ثانوي;36.4653084;8.5523359
9;جندوبة;واد مليز;معهد  وادي مليز;ثانوي;36.467298;8.547104
9;جندوبة;غار دماء;م.إ.  بسيدي بلقاسم غار الدماء;ثانوي;36.5245402;8.4599622
9;جندوبة;غار دماء;معهد  غار الدماء;ثانوي;36.4457636;8.4403542
9;جندوبة;غار دماء;معهد  أبو القاسم الشابي بغار الدماء;ثانوي;36.4498672;8.4355777
9;جندوبة;غار دماء;م.إ.  بغارالدماء;ثانوي;36.4423575;8.4297291
9;جندوبة;غار دماء;م.إ.  بعين سلطان;ثانوي;36.5263007;8.3359548
9;جندوبة;غار دماء;م.إ.  الحرية غار الدماء;ثانوي;36.4442925;8.4418258
9;جندوبة;غار دماء;م.إ.الجليل بغار الدماء;ثانوي;36.4619136;8.3926949
9;جندوبة;غار دماء;معهد فرحات حشاد بغار الدماء;ثانوي;36.44105;8.4292199
10;سليانة;سليانة الشمالية;معهد  2مارس 34 بسليانة;ثانوي;36.09557;9.36879
10;سليانة;سليانة الشمالية;م.إ.  حي النور بسليانة;ثانوي;36.08886;9.36665
10;سليانة;سليانة الشمالية;معهد  ابن خلدون سليانـة;ثانوي;36.08450;9.35165
10;سليانة;سليانة الجنوبية;معهد  سليانـــة;ثانوي;36.08547;9.37247
10;سليانة;سليانة الجنوبية;م.إ. أبو القاسم الشابي بسليانة;ثانوي;36.08565;9.36827
10;سليانة;سليانة الجنوبية;م.إ.  ابن ابي الضياف بالقنطرة;ثانوي;35.97741;9.49509
10;سليانة;سليانة الجنوبية;معهد المنجي سليم بسليانة;ثانوي;35.94758;9.52509
10;سليانة;سليانة الجنوبية;المعهد  النموذجي سليانة;ثانوي;36.07387;9.35972
10;سليانة;سليانة الجنوبية;معهد القنطرة;ثانوي;35.96127;9.44258
10;سليانة;برقو;معهد  برقو;ثانوي;36.10912;9.66083
10;سليانة;برقو;م.إ.  ببرقو;ثانوي;36.13311;9.74909
10;سليانة;برقو;معهد طريق تونس برقو;ثانوي;36.09604;9.57369
10;سليانة;بوعرادة;معهد فرحات حشاد بـبوعـرادة ;ثانوي;36.35328;9.62732
10;سليانة;بوعرادة;معهد  بوعرادة;ثانوي;36.35565;9.62201
10;سليانة;بوعرادة;م.إ.  ببوعرادة;ثانوي;36.34722;9.63021
10;سليانة;العروسة;م.إ.  بالعروسة;ثانوي;36.37508;9.45614
10;سليانة;العروسة;معهد شارع إبن سينا العروسة;ثانوي;36.41068;9.72400
10;سليانة;قعفور;معهد  قعفور;ثانوي;36.25724;9.25511
10;سليانة;قعفور;م.إ.  بقعفور;ثانوي;36.27473;9.24147
10;سليانة;قعفور;معهد قـعـفــور2;ثانوي;36.19380;9.30783
10;سليانة;قعفور;م.إ.  ابن عرفة الأخوات;ثانوي;36.19135;9.45265
10;سليانة;الكريب;معهد الباجي المسعودي بالكريب;ثانوي;36.39769;8.98020
10;سليانة;الكريب;م.إ.  الكريب;ثانوي;36.29117;9.05985
10;سليانة;الكريب;معهد  الكريب;ثانوي;36.42309;8.94592
10;سليانة;الكريب;م.إ.  ابن شرف برج المسعودي;ثانوي;36.28801;9.06595
10;سليانة;مكثر;معهد  مكثر;ثانوي;35.85589;9.19627
10;سليانة;مكثر;م.إ.  بصيار مكثر;ثانوي;35.78902;9.19457
10;سليانة;مكثر;م.إ.  ابن رشد مكثر;ثانوي;35.91423;9.21423
10;سليانة;مكثر;م.إ.  مكثر;ثانوي;35.84811;9.20292
10;سليانة;مكثر;معهد  شارع فرحات حشاد مكثر;ثانوي;35.90796;9.13734
10;سليانة;مكثر;معهد 14جانفي 2011 مكثر;ثانوي;35.85113;9.21196
10;سليانة;الروحية;معهد  الروحية;ثانوي;35.76818;9.03324
10;سليانة;الروحية;م.إ.  بالروحية;ثانوي;35.65912;9.16632
10;سليانة;الروحية;م.إ.أبو القاسم الشابي بالروحية  ;ثانوي;35.67948;9.15577
10;سليانة;الروحية;معهد حي الأنس 1 الروحية;ثانوي;35.55316;9.30583
10;سليانة;الروحية;م.إ. الحبابسة بالروحية;ثانوي;35.53355;9.39096
10;سليانة;بورويس;م.إ.  بسيدي بورويس;ثانوي;36.25334;9.18558
10;سليانة;بورويس;معهد  حي الحياة سيدي بو رويس;ثانوي;36.23563;9.11952
10;سليانة;كسرى;معهد أبو القاسم الشابي بكسرى;ثانوي;35.83039;9.30585
10;سليانة;كسرى;معهد كسرى;ثانوي;35.87943;9.43445
10;سليانة;كسرى;م.إ. بكسرى;ثانوي;35.72250;9.41116
10;سليانة;كسرى;م.إ. المنصورة  بكسرى;ثانوي;35.73322;9.25030
11;الكاف;الكاف الشرقية;معهد  نهج أحمد عمارة بالكاف;ثانوي;36.17954;8.71849
11;الكاف;الكاف الشرقية;م.إ.  ابن سينا الكاف;ثانوي;36.18138;8.70559
11;الكاف;الكاف الشرقية;م.إ.  يوغرطة بالكاف;ثانوي;36.17129;8.70374
11;الكاف;الكاف الشرقية;معهد  شارع المنجي سليم بالكـاف;ثانوي;36.12615;8.72777
11;الكاف;الكاف الشرقية;م.إ. حي  الدير بالكاف;ثانوي;36.17965;8.71195
11;الكاف;الكاف الشرقية;م.إ.  ابن خلدون بالكاف;ثانوي;36.17557;8.70463
11;الكاف;الكاف الشرقية;م. الإعدادية النموذجية بالكاف ;ثانوي;36.17018;8.69975
11;الكاف;الكاف الشرقية;المعهد النموذجي بالكاف;ثانوي;36.17752;8.93375
11;الكاف;الكاف الغربية;معهد  02مارس34 الكاف;ثانوي;36.1521759;8.69072
11;الكاف;الكاف الغربية;م.إ.  ببرنوصة;ثانوي;36.10751;8.68655
11;الكاف;الكاف الغربية;معهدفرحات حشاد بالـكـاف الـغـربـية;ثانوي;36.15978;8.63962
11;الكاف;الكاف الغربية;م.إ.سواني العنب الكاف;ثانوي;36.1165223;8.5473925
11;الكاف;نبر;م.إ.  ببرج العيفة;ثانوي;36.37882;8.70870
11;الكاف;نبر;م.إ.  بنبر;ثانوي;36.35421;8.64482
11;الكاف;نبر;معهد  نبر;ثانوي;36.36917;8.96874
11;الكاف;نبر;معهد إبن الجزار   بنبر  ;ثانوي;36.34596;8.85741
11;الكاف;الطويرف;م.إ.  بالطويرف;ثانوي;36.28771;8.95915
11;الكاف;الطويرف;معهد حسن السلطاني بالطويرف;ثانوي;36.39871;8.55010
11;الكاف;ساقية سيدي يوسف;م.إ. حي الإنطلاقة بساقية سيدي يوسف;ثانوي;36.27791;8.45103
11;الكاف;ساقية سيدي يوسف;معهد   08  فيفري 58 بساقية سيدي يوسف;ثانوي;36.22513;8.35696
11;الكاف;ساقية سيدي يوسف;م.إ.  بسيدي رابح;ثانوي;36.03253;8.34159
11;الكاف;تاجروين;م . إ . ابن الهيثم بتاجروين;ثانوي;35.89704;8.55241
11;الكاف;تاجروين;م.إ.  بمنزل سالم;ثانوي;35.85234;8.54445
11;الكاف;تاجروين;م.إ.  بتاجروين;ثانوي;35.88376;8.54469
11;الكاف;تاجروين;معهد  تاجروين;ثانوي;35.89734;8.55699
11;الكاف;تاجروين;م.إ.  أبو القاسم الشابي بتاجروين;ثانوي;35.89829;8.55603
11;الكاف;تاجروين;م.إ.  بسيدي مطير;ثانوي;36.03222;8.59131
11;الكاف;تاجروين;معهد علي الحصري بتـاجـرويـن;ثانوي;36.05600;8.60611
11;الكاف;الجريصة;معهد  الجريصة;ثانوي;35.84432;8.64200
11;الكاف;الجريصة;م.إ.  بالجريصة;ثانوي;35.82155;8.62935
11;الكاف;قلعة سنان;معهد  قلعة سنان;ثانوي;35.70199;8.39794
11;الكاف;قلعة سنان;م.إ.  بقلعة سنان;ثانوي;35.90416;8.36550
11;الكاف;القلعة الخصبة;معهد  القلعة الخصبة;ثانوي;35.73618;8.50684
11;الكاف;القلعة الخصبة;م.إ.  بالقلعة الخصبة;ثانوي;35.66394;8.58644
11;الكاف;الدهماني;معهد  الحبيب بورقيبة بالدهماني;ثانوي;35.88668;8.82885
11;الكاف;الدهماني;م.إ. أبو القاسم الشابي بالدهماني;ثانوي;35.82740;8.79181
11;الكاف;الدهماني;م.إ.الامام سحنون  بالدهماني;ثانوي;36.06692;8.75397
11;الكاف;الدهماني;معهد  محمود المسعدي   بالدهماني;ثانوي;35.87734;8.78299
11;الكاف;القصور;م.إ.ابن النفيس بالقصور;ثانوي;35.89973;8.88289
11;الكاف;القصور;م.إ.  بالقصور;ثانوي;35.75019;8.90377
11;الكاف;القصور;معهدصالح بن يوسف القصور;ثانوي;35.88047;8.88115
11;الكاف;السرس;م.إ.  بالسرس;ثانوي;35.98193;9.05426
11;الكاف;السرس;م.إ. الامام ابن عرفة بالسرس ;ثانوي;36.07253;8.83962
11;الكاف;السرس;معهد  السرس;ثانوي;36.06995;9.02652
11;الكاف;السرس;معهد 20 مارس 56 السرس;ثانوي;36.04007;9.15125
11;الكاف;الكاف الشرقية;معهد الكاف ;ثانوي;36.17610;8.70503
12;القصرين;القصرين الشمالية;معهد   القصريــــن;ثانوي;35.16746;8.82885
12;القصرين;القصرين الشمالية;معهد 2مارس 1934 بالقصرين;ثانوي;35.16984;8.83608
12;القصرين;القصرين الشمالية;معهد  الشابي بالقصرين;ثانوي;35.16645;8.84468
12;القصرين;القصرين الشمالية;م.إ.  حي النور القصرين;ثانوي;35.17110;8.80671
12;القصرين;القصرين الشمالية;م.إ. ابن خلـدون القـصـريـن;ثانوي;35.16678;8.84523
12;القصرين;القصرين الشمالية;م.إ. النموذجية ابن رشد بالقصرين;ثانوي;35.17768;8.79271
12;القصرين;القصرين الشمالية;م.إ.  حي الفتح بالقصرين;ثانوي;35.18765;8.78638
12;القصرين;القصرين الشمالية;معهد  حي المنار بالقصرين;ثانوي;35.17269;8.85377
12;القصرين;القصرين الشمالية;م.إ.  حي البساتين القصرين;ثانوي;35.10310;8.49420
12;القصرين;القصرين الشمالية;المعهد النموذجي بالقصرين;ثانوي;35.17686;8.81260
12;القصرين;القصرين الجنوبية;م.إ.  ببوزقام;ثانوي;35.10796;8.74518
12;القصرين;القصرين الجنوبية;م.إ.  بالدغرة;ثانوي;35.20913;8.89351
12;القصرين;القصرين الجنوبية;معهد ابن سينا ببوزقام;ثانوي;35.24080;8.81095
12;القصرين;القصرين الجنوبية;معهد الدغرة;ثانوي;35.14519;8.756933
12;القصرين;الزهور;م.إ.  حي الزهور بالقصرين;ثانوي;35.16112;8.83172
12;القصرين;الزهور;معهد حي الزهور القصرين;ثانوي;35.15460;8.83115
12;القصرين;حاسي الفريد;م.إ.  بحاسي الفريد;ثانوي;34.97799;8.95133
12;القصرين;حاسي الفريد;معهد حاسي الفريد;ثانوي;35.09044;9.11305
12;القصرين;حاسي الفريد;م.إ. مقسم التراب  بحاسي الفريد;ثانوي;34.99064;9.07092
12;القصرين;سبيطلة;معهد سبيـطـلـة 2;ثانوي;35.19023;9.09316
12;القصرين;سبيطلة;معهد  سبيطلة;ثانوي;35.11749;9.24700
12;القصرين;سبيطلة;م.إ.  العبادلة بسبيطلة;ثانوي;35.20793;9.22638
12;القصرين;سبيطلة;م.إ.  حي الخضراء بسبيطلة;ثانوي;35.07162;9.22015
12;القصرين;سبيطلة;معهد  الآثـار بسبيطلة;ثانوي;35.36183;9.09178
12;القصرين;سبيطلة;المدرسة الإعدادية  بسبيطلـة;ثانوي;35.26564;8.93451
12;القصرين;سبيطلة;م.إ.  بالشرائع;ثانوي;35.38028;9.02913
12;القصرين;سبيطلة;م.إ.  بالرخمات;ثانوي;35.39474;9.11965
12;القصرين;سبيطلة;م.إ. إبن عرفة سبيطلة ;ثانوي;35.15105;9.20533
12;القصرين;سبيطلة;معهد فرحات حشاد الرخمات;ثانوي;35.44568;9.07768
12;القصرين;سبيبة;م.إ.  بــسـبــيــبــة;ثانوي;35.49042;9.11265
12;القصرين;سبيبة;معهد  سـبــيــبــة;ثانوي;35.52194;9.19429
12;القصرين;سبيبة;م.إ.  بعين الخمايسية;ثانوي;35.48190;9.10092
12;القصرين;سبيبة;م . إ .  محمودالمسعدي سبيبة;ثانوي;35.58021;9.14744
12;القصرين;سبيبة;معهد المنجي سليم سبيبة;ثانوي;35.50490;9.16897
12;القصرين;العيون;م.إ.  بالعيون;ثانوي;35.47541;8.84873
12;القصرين;العيون;معهد العيون;ثانوي;35.44753;8.92602
12;القصرين;جدليان;معهد  جـــدلـيــان;ثانوي;35.59397;9.05499
12;القصرين;جدليان;م.إ.  بــجــدليـان;ثانوي;35.66935;8.82998
12;القصرين;تالة;معهد  العهد الجديد بتـالـة;ثانوي;35.62873;8.70698
12;القصرين;تالة;معهد  تـالـة;ثانوي;35.65069;8.60453
12;القصرين;تالة;معهد  ابن شرف بتالة;ثانوي;35.56695;8.67371
12;القصرين;تالة;م.إ. ابن الفرات بتالة;ثانوي;35.57735;8.65136
12;القصرين;تالة;م.إ. 25جويلية1957 بتالة;ثانوي;35.72971;8.74796
12;القصرين;تالة;م.إ.  بسيدي سهيل;ثانوي;35.63893;8.64319
12;القصرين;تالة;معهد سيدي سهيل;ثانوي;35.6277682;8.7405816
12;القصرين;حيدرة;معهد  حيدرة;ثانوي;35.56402;8.44804
12;القصرين;حيدرة;م.إ. حيدرة;ثانوي;35.56402;8.44804
12;القصرين;فريانة;2'المدرسة الإعدادية  بفريانة;ثانوي;34.97797;8.59479
12;القصرين;فريانة;معهد  فريانة;ثانوي;34.86645;8.37236
12;القصرين;فريانة;م.إ.  بتلابت;ثانوي;34.94140;8.41739
12;القصرين;فريانة;م.إ.  الأحواش فريانة;ثانوي;35.10432;8.31349
12;القصرين;فريانة;م.إ.  بفريانة;ثانوي;35.03282;8.50679
12;القصرين;فريانة;معهد تلابت;ثانوي;34.91301;8.47741
12;القصرين;فريانة;معهد ابو القاسم الشابي بفريانة;ثانوي;35.1111443;8.3722712
12;القصرين;فوسانة;معهد  فوسانة;ثانوي;35.25279;8.67016
12;القصرين;فوسانة;م.إ.  بفــوســانــة;ثانوي;35.36521;8.66959
12;القصرين;فوسانة;م.إ. بفوسانة 2 ;ثانوي;35.35866;8.53040
12;القصرين;فوسانة;م.إ.  بخمودة;ثانوي;35.35247;8.74677
12;القصرين;فوسانة;م . إ . صحراوي بفوسانة;ثانوي;35.36842;8.40485
12;القصرين;فوسانة;معهد الإمتياز فوسانة;ثانوي;35.34480;8.49759
12;القصرين;فوسانة;معهد بودرياس بفوسانة;ثانوي;35.24283;8.47927
12;القصرين;ماجل بن عباس;معهد  ماجل بلعباس;ثانوي;34.74906;8.52744
12;القصرين;ماجل بن عباس;م.إ.  بماجل بلعباس;ثانوي;35.45250;8.30514
12;القصرين;ماجل بن عباس;م.إ خير الدين باشا ماجل بلعباس;ثانوي;34.75041;8.52260
12;القصرين;ماجل بن عباس;معهد ماجل بلعباس 2;ثانوي;34.76281;8.71059
12;القصرين;القصرين الشمالية;معهد  المدينة الجديدة;ثانوي;35.1792023;8.8495745
12;القصرين;سبيطلة;م.إ. حي السرور سبيطلة ;ثانوي;35.2246126;9.1265765
13;سيدي بوزيد;سيدي بوزيد الغربية;معهد  سيدي بوزيد;ثانوي;35.0367827;9.4738996
13;سيدي بوزيد;سيدي بوزيد الغربية;معهد  9 أفريل 1938  بسيدي بوزيد;ثانوي;35.037622;9.4705352
13;سيدي بوزيد;سيدي بوزيد الغربية;م.إ.  أبوبكر القمودي بسيدي بوزيد;ثانوي;35.0369518;9.4740605
13;سيدي بوزيد;سيدي بوزيد الغربية;م.إ.  بسيدي بوزيد الغربية;ثانوي;35.0303132;9.4706898
13;سيدي بوزيد;سيدي بوزيد الغربية;م.إ. خالد ابن الوليد بسيدي بوزيد;ثانوي;35.03017;9.49177
13;سيدي بوزيد;سيدي بوزيد الغربية;م.إ.  بأم العظام;ثانوي;35.14330;9.38541
13;سيدي بوزيد;سيدي بوزيد الغربية;معهد  ابن خلدون بسيدي بوزيد;ثانوي;35.02948;9.47212
13;سيدي بوزيد;سيدي بوزيد الغربية;م.إ. النموذجية خير الدين باشا بسيدي بوزيد;ثانوي;35.0380267;9.4694426
13;سيدي بوزيد;سيدي بوزيد الغربية;م.إ.ابن الهيثم بسيدي بوزيد;ثانوي;35.044978;9.4876894
13;سيدي بوزيد;سيدي بوزيد الغربية;معهد الإمتياز بسيدي بوزيد;ثانوي;35.0379865;9.501239
13;سيدي بوزيد;سيدي بوزيد الغربية;المعهد النموذجي سيدي بوزيد;ثانوي;35.0256357;9.4842058
13;سيدي بوزيد;سيدي بوزيد الشرقية;م.إ.  العهد الجديد بالفائض;ثانوي;35.0524377;9.6509901
13;سيدي بوزيد;سيدي بوزيد الشرقية;معهد  لسودة  سيدي بوزيد;ثانوي;35.104466;9.53744
13;سيدي بوزيد;سيدي بوزيد الشرقية;معهد  02 مارس 34 بسيدي بوزيد;ثانوي;35.02399;9.49990
13;سيدي بوزيد;سيدي بوزيد الشرقية;م.إ.  بالمكارم;ثانوي;35.2155382;9.6093204
13;سيدي بوزيد;سيدي بوزيد الشرقية;م.إ.  بلسودة;ثانوي;35.1053936;9.5379798
13;سيدي بوزيد;سيدي بوزيد الشرقية;معهد الفائض;ثانوي;35.05199;9.64977
13;سيدي بوزيد;سيدي بوزيد الشرقية;م.إ.  الحنية;ثانوي;35.03359;9.72485
13;سيدي بوزيد;الهيشرية;م.إ.  بالهيشرية;ثانوي;34.8756529;9.4315459
13;سيدي بوزيد;الهيشرية;معهد الهيشرية;ثانوي;34.8733724;9.4195739
13;سيدي بوزيد;جلمة;معهد  جلمة;ثانوي;35.26601;9.41383
13;سيدي بوزيد;جلمة;م.إ.  بجلمة;ثانوي;35.2715;9.4222
13;سيدي بوزيد;جلمة;م.إ. ابن النفيس بجلمة;ثانوي;35.28367;9.41976
13;سيدي بوزيد;جلمة;م.إ. ا لأبيـض جلمـة;ثانوي;35.4261864;9.433774
13;سيدي بوزيد;جلمة;معهد الخوارزمي  بجلمة;ثانوي;35.2892135;9.4179197
13;سيدي بوزيد;السبالة;معهد  السبالة;ثانوي;35.1828182;9.2713781
13;سيدي بوزيد;السبالة;م.إ.  طريق السد بالسبالة;ثانوي;35.1824162;9.2845212
13;سيدي بوزيد;السبالة;م.إ.  بمغيلة  السبالة;ثانوي;35.2883241;9.2863475
13;سيدي بوزيد;بئر الحفي;معهد  بئر الحفي;ثانوي;34.9165749;9.1843271
13;سيدي بوزيد;بئر الحفي;م.إ.  بأولاد سليمان;ثانوي;34.83121;9.37892
13;سيدي بوزيد;بئر الحفي;م.إ.  بالمزارة ;ثانوي;34.97043;9.31033
13;سيدي بوزيد;بئر الحفي;م.إ.  بئر الحفـي;ثانوي;34.9408252;9.2040068
13;سيدي بوزيد;بئر الحفي;م.إ.  رحـال بئر الحفي;ثانوي;34.78146;9.34644
13;سيدي بوزيد;بئر الحفي;م.إ.  أبوالقاسم الشابي بئر الحفـي;ثانوي;34.929584;9.193972
13;سيدي بوزيد;بئر الحفي;معهد محمود المسعدي بير الحفي;ثانوي;34.93967;9.21156
13;سيدي بوزيد;بن عون;م.إ.الفارابي سيدي علي بن عون ;ثانوي;34.8403641;9.1394237
13;سيدي بوزيد;بن عون;م.إ.  بسيدي علي بن عون;ثانوي;34.8614415;9.1458128
13;سيدي بوزيد;بن عون;معهد  سيدي علي بن عون;ثانوي;34.84937;9.14302
13;سيدي بوزيد;بن عون;م.إ.  بأولاد منصر;ثانوي;34.74649;9.0763605
13;سيدي بوزيد;بن عون;معهد ابن الجزار بسيدي علي بنعون;ثانوي;34.8401149;9.1323171
13;سيدي بوزيد;بن عون;م.إ. الرابطة;ثانوي;34.7827248;9.1969439
13;سيدي بوزيد;منزل بوزيان;معهد شوقي النصري منزل بوزيان;ثانوي;34.573935;9.4301515
13;سيدي بوزيد;منزل بوزيان;م.إ.  محمد عماري بمنزل بوزيان;ثانوي;34.57879;9.42301
13;سيدي بوزيد;منزل بوزيان;م.إ.  بهنـشـيـر الـقلال;ثانوي;34.6821211;9.3480515
13;سيدي بوزيد;منزل بوزيان;معهد  حسين بوزيان منزل بوزيان;ثانوي;34.5730106;9.4408968
13;سيدي بوزيد;منزل بوزيان;م.إ إبن سينا  منزل بوزيان;ثانوي;34.7227742;9.4927801
13;سيدي بوزيد;منزل بوزيان;معهد هنشير القلال;ثانوي;34.6817461;9.3485194
13;سيدي بوزيد;سوق الجديد;م.إ.  بسوق الجديد;ثانوي;34.9394419;9.5627256
13;سيدي بوزيد;سوق الجديد;معهد ابن عـرفـة سوق الجديد;ثانوي;34.93331;9.56298
13;سيدي بوزيد;سوق الجديد;م.إ.  بالرميلية سوق الجديد;ثانوي;34.7811932;9.5627084
13;سيدي بوزيد;المكناسي;معهد  المكناسي;ثانوي;34.60542;9.61221
13;سيدي بوزيد;المكناسي;م.إ.  ابن خلدون بالمكناسي;ثانوي;34.6045016;9.6113495
13;سيدي بوزيد;المكناسي;م.إ. إبن المقفع  بالمكناسي;ثانوي;34.5983014;9.6078427
13;سيدي بوزيد;المكناسي;معهد  ابن رشد بالمكناسي;ثانوي;34.5972653;9.6101092
13;سيدي بوزيد;المزونة;م.إ.  بالمزونة;ثانوي;34.58770;9.83998
13;سيدي بوزيد;المزونة;معهد  المزونة;ثانوي;34.58260;9.84389
13;سيدي بوزيد;المزونة;م.إ.   أسد بن الفـرات بالمزّونـة;ثانوي;34.56933;9.84368
13;سيدي بوزيد;المزونة;معهد  إبن حزم بالمزونة  ;ثانوي;34.58497;9.83686
13;سيدي بوزيد;المزونة;م.إ.عقبة بن نافع المزونة;ثانوي;34.48048;9.69288
13;سيدي بوزيد;أولاد حفوز;معهد  أولاد حفوز;ثانوي;35.08439;9.87571
13;سيدي بوزيد;أولاد حفوز;م.إ.  بأولاد حفوز;ثانوي;35.0790381;9.8519785
13;سيدي بوزيد;أولاد حفوز;م.إ.  ابن شـرف بأولاد حـفـوز;ثانوي;35.08319;9.87640
13;سيدي بوزيد;أولاد حفوز;معهد ابن منظور بأولاد حفوز;ثانوي;35.07964;9.85581
13;سيدي بوزيد;الرقاب;معهد  الرقاب;ثانوي;34.86087;9.78503
13;سيدي بوزيد;الرقاب;م.إ.  ابن سينا بالرقاب;ثانوي;34.85917;9.79131
13;سيدي بوزيد;الرقاب;م.إ.  بالرقاب;ثانوي;34.8467694;9.7782599
13;سيدي بوزيد;الرقاب;معهد  الطاهر الحداد بالـرقـاب;ثانوي;34.86004;9.79885
13;سيدي بوزيد;الرقاب;م.إ.  ابن ابي الضياف بالرقاب;ثانوي;34.8592804;9.7980811
13;سيدي بوزيد;السعيدة;م.إ.  بالسعيدة;ثانوي;34.96724;9.95469
13;سيدي بوزيد;السعيدة;معهد 20 مارس 56 بالسعيدة;ثانوي;34.9610346;9.9441964
13;سيدي بوزيد;السعيدة;م. إ. الخشم السعيدة;ثانوي;35.0276729;9.9785461
14;قفصة;قفصة الجنوبية;معهد  الحسين بوزيان بقفصة;ثانوي;34.41970;8.78479
14;قفصة;قفصة الجنوبية;معهد  أحمد السنوسي بقفصة;ثانوي;34.42036;8.79022
14;قفصة;قفصة الجنوبية;معهد  حي الشباب بقفصة;ثانوي;34.42876;8.78260
14;قفصة;قفصة الجنوبية;م.إ.  بقفصة;ثانوي;34.42233;8.79332
14;قفصة;قفصة الجنوبية;م.إ.  حي السرور بقفصة;ثانوي;34.42668;8.78989
14;قفصة;قفصة الجنوبية;م.إ.  2مارس 1934 بقفصة;ثانوي;34.62057;8.63837
14;قفصة;قفصة الجنوبية;معهد  ابن راشد بقـفصة;ثانوي;34.42365;8.78393
14;قفصة;قفصة الجنوبية;م.إ. حميدة وحادة قفصة;ثانوي;34.41976;8.78598
14;قفصة;قفصة الجنوبية;المدرسة الإعدادية النموذجية قفصة;ثانوي;34.42313;8.76601
14;قفصة;قفصة الجنوبية;م.إ.  المنزه طريق المطار قفصـة;ثانوي;34.41987;8.79091
14;قفصة;قفصة الجنوبية;م.إ.  حي الشباب قفصـة;ثانوي;34.42660;8.76715
14;قفصة;قفصة الجنوبية;م.إ.سيدي أحمد زروق بقفصة;ثانوي;34.42932;8.74458
14;قفصة;قفصة الجنوبية;معهد أبو القاسم الشابي حي الشباب قفصة;ثانوي;34.42493;8.77504
14;قفصة;قفصة الجنوبية;معهد  إبن سينا  بقفصة;ثانوي;34.61856;8.58740
14;قفصة;قفصة الجنوبية;المعهد النموذجي بقفصة;ثانوي;34.42506;8.75464
14;قفصة;قفصة الجنوبية;م.إ.  ابن سينا بقفصة;ثانوي;34.42784;8.75528
14;قفصة;قفصة الجنوبية;معهد  حي السرور بقفصة;ثانوي;34.44500;8.78407
14;قفصة;القصر;معهد  أحمد التليلي القصر قفصة ;ثانوي;34.39864;8.79899
14;قفصة;القصر;م.إ.  بلالة  القصر قفصة;ثانوي;34.40136;8.80101
14;قفصة;القصر;معهد عبد العزيز الأدب العكرمي قصر قفصة;ثانوي;34.39265;8.82202
14;قفصة;القصر;م.إ.  القصـر قفصـة;ثانوي;34.40420;8.84011
14;قفصة;سيدي عيش;م.إ.  سيدي عـيـش;ثانوي;34.73318;8.78488
14;قفصة;سيدي عيش;معهد ابن خلدون بسيدي عيش;ثانوي;34.59485;8.92657
14;قفصة;قفصة الشمالية;م.إ.  بأولاد وهـيـبـة;ثانوي;34.55915;8.84263
14;قفصة;قفصة الشمالية;م.إ.   الشبـيـبـة  قفصـة;ثانوي;34.58866;8.75358
14;قفصة;الرديف;معهد  2مارس 1934 بالرديف;ثانوي;34.37816;8.15801
14;قفصة;الرديف;معهد 18جانفي 1952 بالرديف;ثانوي;34.37461;8.20799
14;قفصة;الرديف;معهد  ابن شباط بالرديف;ثانوي;34.38729;8.15333
14;قفصة;الرديف;م.إ.  النجاح بالرديف;ثانوي;34.39213;8.16493
14;قفصة;الرديف;معهد  حي سيدي عبدالقادرالـرديـف;ثانوي;34.38036;8.15972
14;قفصة;المتلوي;م.إ.الأمل المتلوي;ثانوي;34.31481;8.40353
14;قفصة;المتلوي;معهد  طريق قفصة بالمتلوي;ثانوي;34.32580;8.39905
14;قفصة;المتلوي;معهد طريق توزر بالمتلوي;ثانوي;34.33877;8.39828
14;قفصة;المتلوي;معهد  المتلوي;ثانوي;34.32136;8.38267
14;قفصة;المتلوي;معهد ابن منظور  بالمتلوي  ;ثانوي;34.31500;8.40000
14;قفصة;المتلوي;م.إ.  العهد الجديد بالمتلوي;ثانوي;34.31312;8.41350
14;قفصة;المتلوي;م .إ .ابن عرفة بالمتلوي;ثانوي;34.30788;8.41329
14;قفصة;القطار;معهد  القطار;ثانوي;34.34091;8.93816
14;قفصة;القطار;معهد الفارابي بالقطار;ثانوي;34.33584;8.96036
14;قفصة;القطار;معهد أولاد بوعمران;ثانوي;34.35497;9.11883
14;قفصة;القطار;م.إ. بالقطار;ثانوي;34.343197;8.950944
14;قفصة;بلخير;معهد  بلـخـيـر;ثانوي;34.27417;9.39099
14;قفصة;بلخير;معهد  حـوال الـوادي;ثانوي;34.26498;9.34791
14;قفصة;بلخير;معهد العيايشة ببلخير;ثانوي;34.41405;9.38926
14;قفصة;بلخير;م.إ.ببلخير;ثانوي;34.24787;9.24969
14;قفصة;السند;م . إ . ابن الجزار  بالسند ;ثانوي;34.62624;9.23653
14;قفصة;السند;معهد  السند;ثانوي;34.50468;9.15531
14;قفصة;السند;معهد القوسة   بالسند;ثانوي;34.52514;9.10725
14;قفصة;السند;م.إ.  بالسند;ثانوي;34.53963;9.01994
14;قفصة;السند;مهد إبن رشيق بالسند;ثانوي;34.54966;9.30459
14;قفصة;السند;معهد عليم;ثانوي;34.61011;9.08689
14;قفصة;زانوش;معهد زانوش;ثانوي;34.44501;9.11936
14;قفصة;زانوش;م.إ.  بزانوش;ثانوي;34.58176;9.05496
14;قفصة;أم العرايس;معهد 9 أفريل 38 أم العرائس;ثانوي;34.70862;8.36072
14;قفصة;أم العرايس;م.إ. 15 أكتوبر 63  بأم العرائس;ثانوي;34.48425;8.28593
14;قفصة;أم العرايس;م.إ. بأم العرائس المحطة ;ثانوي;34.32436;8.41402
14;قفصة;أم العرايس;م.إ.إبن منظور أم العرائس;ثانوي;34.48902;8.27514
14;قفصة;أم العرايس;معهد الإمتياز أم العرائس;ثانوي;34.48225;8.28150
14;قفصة;سيدي بوبكر;معهد  سيدي  بوبكر;ثانوي;34.48271;8.25826
14;قفصة;سيدي بوبكر;م.إ.  سيدي بوبكر;ثانوي;34.6655;8.45984
14;قفصة;المظيلة;معهد  المظيلة;ثانوي;34.29606;8.76042
14;قفصة;المظيلة;م.إ.  بالمظيلة;ثانوي;34.29510;8.75572
14;قفصة;المظيلة;م . إ .ابن رشد بالمظيلة  ;ثانوي;34.28130;8.74296
15;توزر;توزر;معهد  أبو القاسم الشابي بتوزر;ثانوي;33.92379;8.14070
15;توزر;توزر;م.إ. طريق المطار  بتوزر;ثانوي;33.92028;8.13570
15;توزر;توزر;م.إ.  ابن شباط توزر;ثانوي;33.91458;8.12456
15;توزر;توزر;م.إ.  مصطفى خريف تـوزر;ثانوي;33.91203;8.13403
15;توزر;توزر;معهد  الإمتياز تـوزر;ثانوي;33.93218;8.14487
15;توزر;توزر;م.إ.  الشقراطسي توزر;ثانوي;33.93232;8.14484
15;توزر;توزر;م.الإعدادية النموذجية بتوزر;ثانوي;33.93053;8.12720
15;توزر;توزر;م.الإعدادية  بتوزر;ثانوي;33.92305;8.12135
15;توزر;توزر;المعهد النموذجي بتوزر;ثانوي;33.90705;8.12165
15;توزر;دقاش;م.إ.  العهد الجديد بدقاش;ثانوي;34.01108;8.25230
15;توزر;دقاش;معهد  2مارس 1934 بدقاش;ثانوي;33.99950;8.23754
15;توزر;دقاش;م.إ.  ابن خلدون ببوهلال ;ثانوي;34.01898;8.27140
15;توزر;دقاش;م.إ.  زاوية العـرب دقاش;ثانوي;33.99330;8.15477
15;توزر;دقاش;معهد  المحاسن;ثانوي;34.09326;8.21452
15;توزر;حامة الجريد;م.إ.  ابن شرف بحامة الجريد;ثانوي;33.98631;8.21690
15;توزر;حامة الجريد;معهد حامة الجريد;ثانوي;34.03744;8.34108
15;توزر;نفطة;معهد البشير خريّف بنفطة;ثانوي;33.87209;7.88245
15;توزر;نفطة;م.إ.  بنفطة;ثانوي;33.87063;7.86074
15;توزر;نفطة;معهد  نفطة;ثانوي;33.87277;7.87660
15;توزر;نفطة;م.إ.  المكي بالعزوز بنفطـة;ثانوي;33.87284;7.87622
15;توزر;نفطة;م.إ.  المنور صمادح بنفطـة;ثانوي;33.87577;7.86725
15;توزر;حزوة;م.إ. عمر السعيدي  بحزوة;ثانوي;33.7696094;7.6076062
15;توزر;حزوة;معهد حزوة;ثانوي;33.74264;7.60228
15;توزر;تمغزة;معهد بتمغزة;ثانوي;34.38731;7.94452
15;توزر;تمغزة;م.إ بتمغزة;ثانوي;34.41083;7.92261
16;قبلي;قبلي الشمالية;معهد  نهج ابن سينا بقبلي;ثانوي;33.7081509;8.9693881
16;قبلي;قبلي الشمالية;المدرسة الإعدادية النموذجية بقبلي;ثانوي;33.729657;8.983513
16;قبلي;قبلي الشمالية;معهد  ابن خلدون بطنبار;ثانوي;33.730386;8.901535
16;قبلي;قبلي الشمالية;معهد  ابن منظور بقبلي;ثانوي;33.70437;8.955037
16;قبلي;قبلي الشمالية;م.إ.  أبو القاسم الشابي بقبلي;ثانوي;33.7107169;8.9594388
16;قبلي;قبلي الشمالية;م.إ.  عين سليم طنبار;ثانوي;33.4357;8.5433
16;قبلي;قبلي الشمالية;المعهد النموذجي بقبلّي;ثانوي;33.7287699;8.9831265
16;قبلي;قبلي الجنوبية;م.إ.  ابن رشد بقبلي;ثانوي;33.42487;8.582565
16;قبلي;قبلي الجنوبية;معهد جمنة;ثانوي;33.5834116;9.0107203
16;قبلي;قبلي الجنوبية;م.إ.  بالبليدات;ثانوي;33.577792;8.836342
16;قبلي;قبلي الجنوبية;معهد  خير الدين بجنعورة;ثانوي;33.688174;8.98561
16;قبلي;قبلي الجنوبية;م.إ. الفارابي قبلي;ثانوي;33.680326;8.9905412
16;قبلي;قبلي الجنوبية;م.إ.  عقبة بن نافع بقبلـي;ثانوي;33.4128;8.57328
16;قبلي;قبلي الجنوبية;م . إ . الجرسين قبلي الجنوبية;ثانوي;33.526311;8.819704
16;قبلي;دوز الشمالية;م.إ.  الـحـصـري بــدوز;ثانوي;33.462283;9.03825
16;قبلي;دوز الشمالية;معهد   دوز;ثانوي;33.4691419;9.0253993
16;قبلي;دوز الشمالية;معهد  العهد الجديد بدوز;ثانوي;33.4604637;9.0388483
16;قبلي;دوز الشمالية;م.إ.  ابن رشيق بدوز;ثانوي;33.4734781;9.0224837
16;قبلي;دوز الشمالية;م.إ.  بالقلعة;ثانوي;33.4888058;9.0219406
16;قبلي;دوز الشمالية;م.إ.  بالعـويـنـة دوز;ثانوي;33.449325;9.041391
16;قبلي;دوز الشمالية;  معهد القلعة   دوز الشمالية;ثانوي;33.489881;9.01989975
16;قبلي;دوز الجنوبية;معهد  الامتياز بدوز;ثانوي;33.458084;9.007998
16;قبلي;دوز الجنوبية;م.إ.  ابن شرف بدوز;ثانوي;33.4571607;9.0094759
16;قبلي;دوز الجنوبية;م.إ.  نويل بدوز;ثانوي;33.4862275;8.8708114
16;قبلي;دوز الجنوبية;م.إ.   بزعـفـران;ثانوي;33.4492247;8.9249594
16;قبلي;الفوار;معهد  الفـوار;ثانوي;33.333531448;8.6696253
16;قبلي;الفوار;م.إ.  ابن زيـدون بالفــوار;ثانوي;33.3617231;8.6649816
16;قبلي;الفوار;م.إ.  بغيدمة الفوار;ثانوي;33.4395445;8828.449999972
16;قبلي;رجيم مغتوق;معهد  رجيم  معتوق;ثانوي;33.319646;8.038137
16;قبلي;سوق الأحد;  معهد بشري;ثانوي;33.796595;8.769404
16;قبلي;سوق الأحد;م.إ.  بالمنشية;ثانوي;33.7729321;8.8626477
16;قبلي;سوق الأحد;معهد  المنشيـة;ثانوي;33.7757221;8.8583654
16;قبلي;سوق الأحد;معهد  ابن الهيثم بسوق الأحد;ثانوي;33.780344;8.834832
16;قبلي;سوق الأحد;م.إ.  بأم الصمعة سوق الأحد;ثانوي;33.7847179;8.8236322
16;قبلي;سوق الأحد;م.إ.  بوعبدالله بسوق الأحد ;ثانوي;33.4657;8.50024
16;قبلي;سوق الأحد;م.إ النقة;ثانوي;33.44317;8.50467
16;قبلي;سوق الأحد;م.إ.ابن منظور بسوق الأحد;ثانوي;33.79747;8.76836
17;تطاوين;تطاوين الشمالية;م.إ.ابن سينا تطاوين;ثانوي;32.93370;10.46035
17;تطاوين;تطاوين الشمالية;معهد  حي المهرجان تطاوين;ثانوي;32.93024;10.45260
17;تطاوين;تطاوين الشمالية;م.إ.  الزهرة تطاوين;ثانوي;32.8263696;10.5620452
17;تطاوين;تطاوين الشمالية;معهد تطاوين 2 ;ثانوي;32.9937943;10.456525
17;تطاوين;تطاوين الشمالية;م.إ.  حي المهرجان تطاوين;ثانوي;32.9566035;10.4681193
17;تطاوين;تطاوين الشمالية;م.إ.  حي النور تطاوين;ثانوي;32.9195506;10.4695316
17;تطاوين;تطاوين الشمالية;معهد  حي برورمت تطاوين;ثانوي;32.9443259;10.4521548
17;تطاوين;تطاوين الشمالية;م.إ.  18جانفي1952 تطاوين;ثانوي;32.93089;10.45236
17;تطاوين;تطاوين الشمالية;م . إ . قصر أولاد سلطان تطاوين الشمالية;ثانوي;32.79041;10.51809
17;تطاوين;تطاوين الشمالية;معهد حي النور بتطاوين الشمالية;ثانوي;32.91432;10.47042
17;تطاوين;تطاوين الشمالية;م.إ .النموذجية بتطاوين ;ثانوي;32.97582;10.45608
17;تطاوين;تطاوين الشمالية;م.إ . الفرابي تطاوين الشمالية;ثانوي;32.9135269;10.4700483
17;تطاوين;تطاوين الشمالية;م.إ. إبن خلدون بتطاوين الشمالية;ثانوي;32.99368;10.45753
17;تطاوين;تطاوين الشمالية;المعهد النموذجي تطاوين;ثانوي;32.9818381;10.4639981
17;تطاوين;تطاوين الجنوبية;معهد  تطاوين;ثانوي;32.92884;10.4453582
17;تطاوين;تطاوين الجنوبية;معهد  الرقبة تطاوين;ثانوي;32.90659;10.42349
17;تطاوين;تطاوين الجنوبية;م.إ.  ابن رشد تطاوين;ثانوي;32.927829912695;10.4445321419703
17;تطاوين;تطاوين الجنوبية;م.إ.  بالرقبة;ثانوي;32.903825006404;10.43015238912614
17;تطاوين;تطاوين الجنوبية;م.إ.  بالمزطورية;ثانوي;32.8410117;10.473496
17;تطاوين;تطاوين الجنوبية;م.إ.  بقصر أولاد دباب;ثانوي;32.8763373;10.3752872
17;تطاوين;تطاوين الجنوبية;م.إ. حي الـبـر تطاويـن;ثانوي;32.6949942;10.3304922
17;تطاوين;تطاوين الجنوبية;معهدأبو القاسم الشابي تطاوين الجنوبية;ثانوي;32.91164;10.44219
17;تطاوين;غمراسن;م.إ.  ابن عرفة بغمراسن;ثانوي;33.0547625;10.3299839
17;تطاوين;غمراسن;معهد 2 مارس 34 غمراسن;ثانوي;33.0616086;10.3501723
17;تطاوين;غمراسن;م.إ.  بغمراسن;ثانوي;33.06724;10.32233
17;تطاوين;غمراسن;م.إ.  الفرش غمراسن;ثانوي;32.97093;10.34963
17;تطاوين;رمادة;معهد  رمادة;ثانوي;32.3147551;10.3958242
17;تطاوين;رمادة;م.إ.  طريق أم صويغ برمادة;ثانوي;32.31103;10.40673
17;تطاوين;الصمار;معهد  الصمـار  ;ثانوي;33.0059878;10.8113999
17;تطاوين;الصمار;م.إ.  العهد الجديد الـصـمـار;ثانوي;33.0056066;10.8118953
17;تطاوين;بني مهيرة;معهد بني مهيرة;ثانوي;32.87084;10.82179
17;تطاوين;بني مهيرة;م . إ . قصر أولاد عون ;ثانوي;32.86803008988869;10.87970191389639
17;تطاوين;بني مهيرة;م.إ.ببني مهيرة ;ثانوي;32.8696073;10.8045727
17;تطاوين;البئر الأحمر;م.إ.  ببئر الأحمر;ثانوي;33.175393;10.4345551
17;تطاوين;البئر الأحمر;معهد البئر الأحمر;ثانوي;33.175598;10.443207
17;تطاوين;البئر الأحمر;معهد بئر الأحمر 2 ;ثانوي;33.1899407;10.4420932
17;تطاوين;الذهيبة;م.إ.  بذهيبة;ثانوي;32.01316985461217;10.6922817977735
18;مدنين;مدنين الجنوبية;معهد  مدنين;ثانوي;33.59051;10.70126
18;مدنين;مدنين الجنوبية;م.إ.  نهج المنجي سليم بمدنين;ثانوي;33.59962;10.65194
18;مدنين;مدنين الجنوبية;المـعهـد النـمـوذجــي بمـدنـيـن;ثانوي;33.34469;10.49259
18;مدنين;مدنين الجنوبية;م.إ.  الّرجاء بمدنين;ثانوي;33.33701;10.48644
18;مدنين;مدنين الجنوبية;م.إ.  الإمتياز بمدنين;ثانوي;33.53910;10.67854
18;مدنين;مدنين الجنوبية;معهد  بوغرارة;ثانوي;33.53712;10.67038
18;مدنين;مدنين الجنوبية;م.إ.  بحسي عمر;ثانوي;33.36502;10.60887
18;مدنين;مدنين الجنوبية;معهد أبو القاسم الشابي بمدنين;ثانوي;33.62201;10.71699
18;مدنين;مدنين الجنوبية;م.إ. بو غرارة;ثانوي;33.33512;10.46997
18;مدنين;مدنين الجنوبية;معهد حسي عمر بمدنين;ثانوي;33.36293;10.63764
18;مدنين;مدنين الجنوبية;م.إ. وادي السدر بمدنين ;ثانوي;33.32540;10.68960
18;مدنين;مدنين الشمالية;معهد  طريق قابس بمدنين;ثانوي;33.34615;10.48408
18;مدنين;مدنين الشمالية;معهد إبن ماجة  مدنين ;ثانوي;33.34910;10.48789
18;مدنين;مدنين الشمالية;م.إ.  حي الزيتوني بمدنين;ثانوي;33.41035;10.56061
18;مدنين;مدنين الشمالية;م.إ.  فرحات حشاد بمدنين;ثانوي;33.32714;10.48580
18;مدنين;مدنين الشمالية;م.إ.  ابن رشيق طريق قابس مدنين;ثانوي;33.36356;10.46492
18;مدنين;مدنين الشمالية;معهد  ابن سينا طريق تطاوين مدنين;ثانوي;33.31242;10.48009
18;مدنين;مدنين الشمالية;م . إ . بكوتين;ثانوي;33.45745;10.37132
18;مدنين;مدنين الشمالية;معهد ابن خلدون مدنين;ثانوي;33.37107;10.43809
18;مدنين;مدنين الشمالية;م.إ.النموذجية بمدنين;ثانوي;33.36098;10.47135
18;مدنين;سيدي مخلوف;معهد سيدي مخلـوف;ثانوي;33.40281;10.53171
18;مدنين;سيدي مخلوف;م.إ.  خير الدين باشا بسيدي مخلوف;ثانوي;33.50687;10.48096
18;مدنين;سيدي مخلوف;م.إ.  الفارابي الراقوبة الشرقية بسيدي مخلوف;ثانوي;33.45946;10.37299
18;مدنين;سيدي مخلوف;م . إ . بالجرف;ثانوي;33.51431;10.40147
18;مدنين;سيدي مخلوف;م.إ.  بعمرة مدنين  ;ثانوي;33.45712;10.43486
18;مدنين;بني خداش;معهد القصر الجديد;ثانوي;33.25285;10.19917
18;مدنين;بني خداش;م.إ.  ببني خداش;ثانوي;33.30175;10.29631
18;مدنين;بني خداش;معهد  بني خداش;ثانوي;33.40497;10.19659
18;مدنين;بني خداش;م.إ.  قصر الجديد ببني خداش;ثانوي;33.29136;10.15532
18;مدنين;بني خداش;م.إ.  الفاضل بن عاشور ببني خـداش;ثانوي;33.14522;10.22719
18;مدنين;بني خداش;م.إ.طريق غمراسن ببني خداش;ثانوي;33.20976;10.18659
18;مدنين;بن قردان;م.إ.  طريق المستشفى ببنقردان;ثانوي;33.13938;11.21546
18;مدنين;بن قردان;معهد  بنقردان 2;ثانوي;33.13361;11.22138
18;مدنين;بن قردان;م.إ.  أبو القاسم الشابي ببنقردان;ثانوي;33.13642;11.17234
18;مدنين;بن قردان;معهد  ابن حـزم طريق المرسى بنقـردان;ثانوي;33.11568;11.22944
18;مدنين;بن قردان;م.إ.  ابن ابي الضياف حي الشارة بن قردان;ثانوي;33.12529;11.20456
18;مدنين;بن قردان;معهد  بنقردان;ثانوي;33.15493;11.28152
18;مدنين;بن قردان;معهد ابن الهيثم بنقردان;ثانوي;33.16329;11.16493
18;مدنين;بن قردان;م.إ.  ابن شرف ببنقردان;ثانوي;33.25370;10.83644
18;مدنين;بن قردان;م.إ.  ابن عرفة ببنقردان;ثانوي;33.17182;11.20210
18;مدنين;بن قردان;م.إ.  الطابعي بنقردان;ثانوي;33.16652;11.23436
18;مدنين;بن قردان;معهد ابن خلدون ببنقردان;ثانوي;33.08480;11.20049
18;مدنين;بن قردان;م.إ. ابن سينا  بالشهبانية;ثانوي;33.25216;10.84145
18;مدنين;جرجيس;م.إ.حمادي بجرجيس;ثانوي;33.49060;11.06772
18;مدنين;جرجيس;معهد  ابن رشد جرجيس;ثانوي;33.51641;11.10204
18;مدنين;جرجيس;معهد  جرجيس;ثانوي;33.48401;11.08167
18;مدنين;جرجيس;معهد  02 مارس 34 بجرجيس;ثانوي;33.61597;11.02417
18;مدنين;جرجيس;م.إ.  شماخ جرجيس ;ثانوي;33.50351;11.06346
18;مدنين;جرجيس;م.إ.  بجرجيس;ثانوي;33.59116;11.02481
18;مدنين;جرجيس;م.إ.  السويحل جرجيس;ثانوي;33.51763;11.11213
18;مدنين;جرجيس;م.إ. الفرابي  بجرجيس  ;ثانوي;33.57049;11.09234
18;مدنين;جرجيس;م.إ.  ابن خلدون جـرجيـس;ثانوي;33.48616;11.09351
18;مدنين;جرجيس;م.إ.  الرجاء جرجيس;ثانوي;33.51971;11.08111
18;مدنين;جرجيس;م.إ.  ابن منظور القريبيس جرجيس;ثانوي;33.55427;10.98001
18;مدنين;جرجيس;معهد الظويهر بجرجيس;ثانوي;33.53195;10.99463
18;مدنين;جرجيس;م.إ.  بالمؤانسة جرجيس;ثانوي;33.39548;10.79312
18;مدنين;جرجيس;معهد شماخ;ثانوي;33.5907162;11.0197857
18;مدنين;حومة السوق;معهد سيدي زكري جربة;ثانوي;33.87575;10.84991
18;مدنين;حومة السوق;م.إ. أبو القاسم الشابي حومة السوق جربة;ثانوي;33.86732;10.86067
18;مدنين;حومة السوق;معهد  حومة السوق جربة;ثانوي;33.86728;10.86283
18;مدنين;حومة السوق;م.إ.  حومة السوق جربة;ثانوي;33.87799;10.85725
18;مدنين;حومة السوق;م.إ.  بمليتة جربة;ثانوي;33.82539;10.92092
18;مدنين;حومة السوق;معهد إبن عرفة  بحومة السوق جربة;ثانوي;33.86277;10.80950
18;مدنين;حومة السوق;م.إ.  ابن سينا حومة السوق جربة;ثانوي;33.84376;10.92290
18;مدنين;حومة السوق;م.إ.  السواني جربة;ثانوي;33.86646;10.86071
18;مدنين;حومة السوق;م.إ.  الرياض جربة;ثانوي;33.81693;10.85743
18;مدنين;حومة السوق;معهد الرياض حومة السوق;ثانوي;33.83359;10.86696
18;مدنين;حومة السوق;م.إ.  النموذجية بحومة السوق;ثانوي;33.82888;10.90863
18;مدنين;أجيم;معهد  أجيم جربة;ثانوي;33.72484;10.75072
18;مدنين;أجيم;م.إ.  قلالة جربة;ثانوي;33.72703;10.85666
18;مدنين;أجيم;م.إ.  طريق الماي اجيم;ثانوي;33.75702;10.79247
18;مدنين;أجيم;م.إ.  القرع أجيم;ثانوي;33.78245;10.82651
18;مدنين;أجيم;معهد قلالة;ثانوي;33.77604;10.82743
18;مدنين;ميدون;معهد  ميدون جربة;ثانوي;33.80016;10.88357
18;مدنين;ميدون;معهد  الماي جربة;ثانوي;33.79288;10.96105
18;مدنين;ميدون;م.إ.  ميدون جربة;ثانوي;33.74263;10.91946
18;مدنين;ميدون;م.إ.  ابن خلدون الماي جربة;ثانوي;33.80655;10.99204
18;مدنين;ميدون;م.إ.  المحبوبين جربة;ثانوي;33.77431;10.89484
18;مدنين;ميدون;م.إ .أركو ميدون جربة;ثانوي;33.78421;11.02225
18;مدنين;ميدون;م.إ.  سدويكش جربة;ثانوي;33.79022;10.92584
18;مدنين;ميدون;معهد  إبن رشد بميدون  جربة;ثانوي;33.73184;10.88815
18;مدنين;ميدون;معهد سدويكش;ثانوي;33.81538;11.01644
19;قابس;قابس المدينة;معهد  شارع الجمهورية قابس;ثانوي;33.88197;10.09024
19;قابس;قابس المدينة;م.إ. عبد الرحمان غليس قابس;ثانوي;33.88793;10.10070
19;قابس;قابس المدينة;م.إ.  شارع الحبيب بورقيبة قابس;ثانوي;33.87707;10.09310
19;قابس;قابس المدينة;م.إ.  حي محمد علي قابس;ثانوي;33.88699;10.09618
19;قابس;قابس المدينة;معهد فرحات حشاد قابس;ثانوي;33.88381;10.09190
19;قابس;قابس المدينة;م.إ.  شـاطىء السـلام قابس;ثانوي;33.90321;10.10503
19;قابس;قابس الجنوبية;معهد حي المنارة قابس;ثانوي;33.87038;10.12608
19;قابس;قابس الجنوبية;م.إ.  ابن خلدون قابس;ثانوي;33.73557;10.01533
19;قابس;قابس الجنوبية;معهد  أبو القاسم الشابي قابس;ثانوي;33.80597;10.06868
19;قابس;قابس الجنوبية;المعهد النموذجي بقابس;ثانوي;33.85135;10.09542
19;قابس;قابس الجنوبية;م.إ.  حي الأمل قابس;ثانوي;33.85632;10.09086
19;قابس;قابس الجنوبية;معهد  أبو لبابة قابس;ثانوي;33.83999;10.11564
19;قابس;قابس الجنوبية;م.إ.  العهد الجديد قابس;ثانوي;33.86955;10.08630
19;قابس;قابس الجنوبية;م.إ.  تبلـبـو قابس;ثانوي;33.86016;10.11653
19;قابس;قابس الجنوبية;م.إ.  حي الإزدهار بقابس;ثانوي;33.80333;10.03222
19;قابس;قابس الجنوبية;معهد حي الأمل بقابس;ثانوي;33.85364;10.09106
19;قابس;قابس الجنوبية;معهد الكفيف بقابس;ثانوي;33.8699027;10.1116266
19;قابس;قابس الجنوبية;المدرسة الإعدادية النموذجية حي المنارة قابس جنوبية;ثانوي;33.86447;10.10888
19;قابس;قابس الجنوبية;المعهد الرياضي بقابس;ثانوي;33.8620978;10.1120639
19;قابس;قابس الغربية;معهد  واحة شنني قابس;ثانوي;33.87300;10.06396
19;قابس;قابس الغربية;م.إ.بوشمة بقابس;ثانوي;33.90616;10.06075
19;قابس;قابس الغربية;م.إ.  شنني قابس;ثانوي;33.88814;10.0583198
19;قابس;قابس الغربية;    م.إ.  عبد السلام السعفي بقابس الغربية ;ثانوي;33.88920;10.07071
19;قابس;قابس الغربية;م . إ . العهد الجديد شنني;ثانوي;33.87787;10.06151
19;قابس;الغنوش;م.إ.  بغنوش;ثانوي;33.94162;10.06279
19;قابس;الغنوش;م.إ.  ابن رشد بغنوش;ثانوي;33.93521;10.06983
19;قابس;الغنوش;معهد  غـنـوش;ثانوي;33.93561;10.06960
19;قابس;الغنوش;معهد ابن الهيثم  بغنوش ;ثانوي;33.93271;10.04148
19;قابس;المطوية;م.إ.  العهد الجديد بالمطوية;ثانوي;33.98440;9.96689
19;قابس;المطوية;م.إ.  محمدخير الدين بوعين بالمطوية;ثانوي;33.99250;10.00389
19;قابس;المطوية;معهد المطوية;ثانوي;34.15599;9.98926
19;قابس;وذرف;معهد ابن خلدون بالمطوية ;ثانوي;34.10719;9.98046
19;قابس;وذرف;م.إ.  بوذرف;ثانوي;33.98085;9.97611
19;قابس;وذرف;م. إ. الميدة المطوية;ثانوي;34.05814;9.97129
19;قابس;الحامة;معهد  محمد علي بالحامة;ثانوي;33.89831;9.79592
19;قابس;الحامة;معهد  الطاهر الحداد بالحامة;ثانوي;33.89685;9.78534
19;قابس;الحامة;م.إ.محمد الدغباجي  بالحامة;ثانوي;33.89418;9.58387
19;قابس;الحامة;م.إ.  بوادي النور الحامة;ثانوي;33.87756;9.80796
19;قابس;الحامة;م.إ.  العهد الجديد الحامة;ثانوي;33.88909;9.79784
19;قابس;الحامة;م.إ.  بالحامة;ثانوي;33.90128;9.79643
19;قابس;الحامة;معهد وادي النور الحامة;ثانوي;33.87586;9.80529
19;قابس;الحامة الغربية;م.إ.  بالصمباط;ثانوي;33.88158;9.62086
19;قابس;الحامة الغربية;معهد  الصمباط;ثانوي;33.87901;9.77540
19;قابس;الحامة الغربية;م.إ.  ببشيمة الحامة;ثانوي;33.90875;9.74913
19;قابس;الحامة الغربية;م.إ.الطاهرلسود   بالصمباط ;ثانوي;33.88833;9.89644
19;قابس;منزل حبيب;م.إ.  بمنزل الحبيب;ثانوي;34.21827;9.62012
19;قابس;منزل حبيب;م.إ.ابن خلدون بمنزل الحبيب;ثانوي;34.14498;9.88270
19;قابس;منزل حبيب;معهد منزل الحبيب;ثانوي;34.13229;9.70691
19;قابس;مطماطة;م.إ.  بمطماطة ;ثانوي;33.54841;9.96713
19;قابس;مطماطة الجديدة;معهد  مطماطة الجديدة;ثانوي;33.66742;10.01617
19;قابس;مطماطة الجديدة;م.إ. المهدي الحدّاد الافام  بمطماطة الجديدة;ثانوي;33.60646;10.06575
19;قابس;مطماطة الجديدة;م . إ .محسن بنعاسي مطماطة الجديدة;ثانوي;33.53086;9.99344
19;قابس;مطماطة الجديدة;معهد ابن الهيثم بمطماطة الجديدة;ثانوي;33.67296;10.01708
19;قابس;مطماطة الجديدة;م.إ.  الزوارة الجديدة;ثانوي;33.392147;9.544198
19;قابس;مارث;معهد  مارث;ثانوي;33.56125;10.26260
19;قابس;مارث;م.إ.  بالزارات;ثانوي;33.63905;10.16562
19;قابس;مارث;م.إ.  ابن شرف بمارث;ثانوي;33.73508;10.15759
19;قابس;مارث;م.إ.  بمارث;ثانوي;33.51403;10.21963
19;قابس;مارث;معهد  العرقوب بمارث;ثانوي;33.43550;10.20148
19;قابس;مارث;م.إ.  ابن سينا عرام مارث;ثانوي;33.53279;10.30451
19;قابس;مارث;معهد الزارات;ثانوي;33.60491;10.30486
19;قابس;مارث;م.إ.  بكتانة;ثانوي;33.64405;10.39510
19;قابس;دخيلة توجان;م.إ.  بدخيلة توجان;ثانوي;33.51044;10.14448
19;قابس;دخيلة توجان;معهد دخيلة توجان;ثانوي;33.42029;10.12719
19;قابس;دخيلة توجان;م.إ.تونين;ثانوي;33.60843;10.24451
20;صفاقس 1;صفاقس الغربية;معهد  20مارس56 بصفاقس;ثانوي;34.75221;10.71476
20;صفاقس 1;صفاقس الغربية;م.إ.  غرة ماي بصفاقس;ثانوي;34.74161;10.73753
20;صفاقس 1;صفاقس الغربية;معهد  حي الحبيب بصفاقس;ثانوي;34.74025;10.73947
20;صفاقس 1;صفاقس الغربية;معهد مصطفى الفراتي يصفاقس;ثانوي;34.72108;10.72004
20;صفاقس 1;صفاقس الغربية;م.إ  حي المروج طريق المطار بصفاقس;ثانوي;34.71641;10.72296
20;صفاقس 1;صفاقس الغربية;م.إ.  حي النور بصفاقس;ثانوي;34.73574;10.71327
20;صفاقس 1;صفاقس الغربية;م.إ.  علي النوري  بصفاقس;ثانوي;34.75926;10.72002
20;صفاقس 1;صفاقس الغربية;م.إ.  حي الحبيب بصفاقس;ثانوي;34.72894;10.74104
20;صفاقس 1;صفاقس الغربية;معهد  محمود مقديش بصفاقس;ثانوي;34.73374;10.72518
20;صفاقس 1;صفاقس الغربية;معهد  أبو الحسن اللخمي بصفاقس;ثانوي;34.74056;10.70780
20;صفاقس 1;صفاقس الغربية;م.إ.  الهادي العيادي حي الحبيب بصفاقس;ثانوي;34.73042;10.72247
20;صفاقس 1;صفاقس الغربية;م.إ.  محمد محفوظ بصفاقس;ثانوي;34.73635;10.70711
20;صفاقس 1;صفاقس الغربية;م . إ . ابن عرفة حي البحري بصفاقس;ثانوي;34.72806;10.71019
20;صفاقس 1;صفاقس الغربية;معهد الطيب المهيري بصفاقس;ثانوي;34.72775;10.70448
20;صفاقس 1;صفاقس الغربية;م.إ النموذجية بصفاقس;ثانوي;34.73697;10.74214
20;صفاقس 1;صفاقس المدينة;معهد  الهادي شاكر بصفاقس;ثانوي;34.73297;10.74818
20;صفاقس 1;صفاقس المدينة;معهد  مجيدة بوليلة بصفاقس;ثانوي;34.73383;10.75939
20;صفاقس 1;صفاقس المدينة;معهد  9أفريل1938 بصفاقس;ثانوي;34.76154;10.76449
20;صفاقس 1;صفاقس المدينة;م.إ.  15أكتوبر1963 بصفاقس;ثانوي;34.74887;10.76488
20;صفاقس 1;صفاقس المدينة;م.إ.  الطاهر الحداد بصفاقس;ثانوي;34.74612;10.75995
20;صفاقس 1;صفاقس المدينة;م.إ.  علي البلهوان بصفاقس;ثانوي;36.80600;10.18100
20;صفاقس 1;صفاقس المدينة;معهد  15نوفمبر1955 بصفاقس;ثانوي;34.75765;10.77073
20;صفاقس 1;صفاقس المدينة;معهد  محمد علي بصفاقس;ثانوي;34.75728;10.76756
20;صفاقس 1;صفاقس المدينة;م.إ.  شارع الحبيب بورقيبة بصفاقس;ثانوي;34.75791;10.77547
20;صفاقس 1;صفاقس المدينة;معهد الهادي السوسي بصفاقس;ثانوي;34.74909;10.76680
20;صفاقس 1;صفاقس المدينة;معهد  الحبيب معزون بصفاقس;ثانوي;34.75763;10.76334
20;صفاقس 1;صفاقس المدينة;م.إ. 13أوت1956 بصفاقس;ثانوي;34.73471;10.75460
20;صفاقس 1;صفاقس المدينة;م.إ.  الحبيب عاشور بصفاقـس;ثانوي;34.76158;10.75536
20;صفاقس 1;صفاقس المدينة;المدرسة الإعدادية  محمد الجموسي بصفاقس;ثانوي;34.73249;10.75653
20;صفاقس 1;صفاقس المدينة;المعهد النموذجي فرحات حشاد بصفاقس;ثانوي;34.73356;10.75519
20;صفاقس 1;صفاقس المدينة;م.إ. طريق الأفران صفاقس المدينة;ثانوي;34.74513;10.74642
20;صفاقس 1;طينة;م.إ.  بطينة ;ثانوي;34.70128;10.71982
20;صفاقس 1;طينة;م . إ . ابن رشد بطينة;ثانوي;34.71565;10.76591
20;صفاقس 1;طينة;م . إ.الحاجب صفاقس  ;ثانوي;34.68291;10.71167
20;صفاقس 1;طينة;معهد طينة;ثانوي;34.66802;10.70189
20;صفاقس 1;بئر علي بن خليفة;معهد بئر علي بن خليفة 2;ثانوي;34.78252;10.08962
20;صفاقس 1;بئر علي بن خليفة;معهد  بئر علي بن خليفة;ثانوي;34.67084;9.92834
20;صفاقس 1;بئر علي بن خليفة;م.إ.  ببئر علي بن خليفة;ثانوي;34.57328;10.10938
20;صفاقس 1;بئر علي بن خليفة;م.إ.  الناظور ببئر علي بن خليفة;ثانوي;34.63152;9.97201
20;صفاقس 1;بئر علي بن خليفة;م . إ . ابن الهيثم ببئر علي بن خليفة;ثانوي;34.73090;10.08922
20;صفاقس 1;بئر علي بن خليفة;معهد إبن أبي الضياف بئر علي بن خليفة;ثانوي;34.84814;9.98532
20;صفاقس 1;الصخيرة;م.إ.  بصبـيــح الصخيرة;ثانوي;34.43791;9.95029
20;صفاقس 1;الصخيرة;م.إ.  بالـصـخـيـرة;ثانوي;34.28450;10.06492
20;صفاقس 1;الصخيرة;معهد  العهد الجديد بالصخيرة;ثانوي;34.24418;9.95987
20;صفاقس 1;الصخيرة;معهد ابن خلدون الصخيرة;ثانوي;34.27235;9.79976
20;صفاقس 1;الصخيرة;م.إ عقبة إبن نافع الصخيرة;ثانوي;34.28518;9.91212
20;صفاقس 1;الصخيرة;م.إ امحمد النويقص الصخيرة;ثانوي;34.428775;10.049035
20;صفاقس 1;المحرس;معهد المحرس;ثانوي;34.51300;10.45900
20;صفاقس 1;المحرس;م.إ.  البشير خريف بالمحـرس;ثانوي;34.55769;10.51281
20;صفاقس 1;المحرس;معهد  علي بورقيبة بالمحرس;ثانوي;34.51380;10.31836
20;صفاقس 1;المحرس;م.إ.  بالمحرس;ثانوي;34.60621;10.56495
20;صفاقس 1;المحرس;م.إ.  بـنـــقـــــطــــة;ثانوي;34.63765;10.53685
20;صفاقس 1;الغريبة;معهد  الـغــريـبـة;ثانوي;34.56038;10.30975
20;صفاقس 1;الغريبة;م . إ . خير الدين بالغريبة;ثانوي;34.49773;10.21228
20;صفاقس 1;عقارب;معهد  عقارب;ثانوي;34.66681;10.35154
20;صفاقس 1;عقارب;م.إ.  بعقارب;ثانوي;34.81444;10.47527
20;صفاقس 1;عقارب;م.إ.  حليمة الشعبوني بعقارب;ثانوي;34.73882;10.42328
20;صفاقس 1;عقارب;معهد عقارب 2;ثانوي;34.67495;10.54862
20;صفاقس 1;عقارب;م.إ.  قرقور بعقارب;ثانوي;34.60902;10.60303
21;صفاقس 2;صفاقس الجنوبية;م.إ.  الحبيب الشعبوني بصفاقس;ثانوي;34.77010153392513;10.733843752108614
21;صفاقس 2;صفاقس الجنوبية;م.إ.  مصطفى السلامي  بصفاقس;ثانوي;34.7693393;10.7236214
21;صفاقس 2;صفاقس الجنوبية;معهد  الحبيب ثامر بصفاقس;ثانوي;34.76985;10.73424
21;صفاقس 2;صفاقس الجنوبية;م.إ. ابن الهيثم بصفاقس;ثانوي;34.769829400948495;10.703189233945456
21;صفاقس 2;صفاقس الجنوبية;م.إ.  الإمام سحنون طريق قرمدة بصفاقس;ثانوي;34.81112417588984;10.698266920370084
21;صفاقس 2;صفاقس الجنوبية;معهد قرمدة بصفاقس;ثانوي;34.811195485977414;10.717833280302386
21;صفاقس 2;صفاقس الجنوبية;م.إ. بالعوابد;ثانوي;34.82428;10.68383
21;صفاقس 2;ساقية الدير;م.إ.  بساقية الداير;ثانوي;34.79934;10.78185
21;صفاقس 2;ساقية الدير;معهد الخليج طريق سيدي منصور صفاقس  ;ثانوي;34.7715419888545;10.807589822124896
21;صفاقس 2;ساقية الدير;م.إ.  بالـسـلـطـنـيــة;ثانوي;34.7811668;10.7928254
21;صفاقس 2;ساقية الدير;م.إ.  الصادق الفقي بساقية الدائر;ثانوي;34.80069939714493;10.79926164010092
21;صفاقس 2;ساقية الدير;  م.إ. أحمد ملاك ساقية الداير;ثانوي;34.7691224;10.7738917
21;صفاقس 2;ساقية الدير;م.إ.المنصورة طريق سيدي منصور صفاقس  ;ثانوي;34.8034401;10.8494513
21;صفاقس 2;ساقية الدير;معهد الفاضل بن عاشور طريق المهدية ساقية الداير;ثانوي;34.8129296;10.79953
21;صفاقس 2;ساقية الدير;م . إ . المنارة طريق سيدي منصور ساقية الداير;ثانوي;34.7730481;10.8037668
21;صفاقس 2;ساقية الدير;معهد السلطنية;ثانوي;34.787825177285;10.8025
21;صفاقس 2;ساقية الزيت;معهد  المنجي سليم ساقية الزيت;ثانوي;34.799032565921905;10.771772024882235
21;صفاقس 2;ساقية الزيت;م.إ.  بالشيحية;ثانوي;34.791103575254866;10.737853870279627
21;صفاقس 2;ساقية الزيت;معهد  ابو القاسم الشابي بالشيحية;ثانوي;34.803206067518396;10.7379739820139
21;صفاقس 2;ساقية الزيت;م.إ.  بساقيـة الـزيـت;ثانوي;34.80493076590174;10.756457127322284
21;صفاقس 2;ساقية الزيت;معهد  25جويلية 1957 بساقية الزيت ;ثانوي;34.77482206738492;10.761722789885564
21;صفاقس 2;ساقية الزيت;م.إ.  حي الأنس طريق تونس ساقية الزيت;ثانوي;34.82889008816394;10.759121925661729
21;صفاقس 2;ساقية الزيت;م.إ.  مركز بوعصيدة صفاقس  ;ثانوي;34.77502687918547;10.762446427201487
21;صفاقس 2;ساقية الزيت;معهد ابن رشيق حي الأنس ساقية الزيت;ثانوي;34.82572827417901;10.743664115797033
21;صفاقس 2;ساقية الزيت;م . إ . طريق تنيور ساقية الزيت;ثانوي;34.80603124666011;10.731830643691085
21;صفاقس 2;ساقية الزيت;م . إ.ابن منظور حي الأنس ساقية الزيت;ثانوي;34.83641;10.75907
21;صفاقس 2;ساقية الزيت;المعهد النموذجي بساقية الزيت;ثانوي;34.83998280759142;10.754603790585813
21;صفاقس 2;ساقية الزيت;المدرسة الاعدادية النموذجية بساقية الزيت;ثانوي;34.83415;10.74658
21;صفاقس 2;جبنيانة;م.إ.  بجبنيانة;ثانوي;35.02476;10.90617
21;صفاقس 2;جبنيانة;م.إ.  حي الحدائق بجبنيانة;ثانوي;35.04064571880033;10.89109301857858
21;صفاقس 2;جبنيانة;معهد  18جانفي 52 بجبنيانة;ثانوي;35.02552397687956;10.90662883938193
21;صفاقس 2;جبنيانة;معهد  حزق;ثانوي;35.030951772981076;10.969256608056666
21;صفاقس 2;جبنيانة;م.إ.  باللوزة;ثانوي;35.02695830081322;10.99611334499969
21;صفاقس 2;جبنيانة;    م. إ.   بالـعـجـانقة جبنيانة ;ثانوي;35.14285790865714;10.905662873150806
21;صفاقس 2;جبنيانة;معهد أبو إسحاق الجبنياني جبنيانة;ثانوي;35.04330636223233;10.920668030816728
21;صفاقس 2;العامرة;م.إ.  مصطفى حمـدي بالعـامـرة;ثانوي;34.96529342352321;10.884101806762748
21;صفاقس 2;العامرة;معهد  الـعـامــرة;ثانوي;34.981298934371324;10.901940731059657
21;صفاقس 2;العامرة;م.إ. السلام بالعامرة;ثانوي;34.966995755840216;10.823387320117451
21;صفاقس 2;الحنشة;م.إ.  بالحنشة;ثانوي;35.11784278273944;10.73300074294476
21;صفاقس 2;الحنشة;معهد  الحنشة;ثانوي;35.11271493424058;10.74365031436833
21;صفاقس 2;الحنشة;م.إ. الحسين بالحاج خالد بالحنشة;ثانوي;35.1332799;10.7364497
21;صفاقس 2;الحنشة;م.إ.  بالغرابة;ثانوي;34.93519711524976;10.748936891641469
21;صفاقس 2;الحنشة;معهد محمود المسعدي الحنشة;ثانوي;36.5061789;11.2959892
21;صفاقس 2;الحنشة;م.إ.عامر التونسي  بالحنشة;ثانوي;35.19970312141046;10.714304692848057
21;صفاقس 2;منزل شاكر;معهد  منزل شاكر;ثانوي;34.964909765681526;10.368274087919914
21;صفاقس 2;منزل شاكر;م.إ.  البرمكي بالعوادنة منزل شاكر;ثانوي;35.0810637;10.6368603
21;صفاقس 2;منزل شاكر;م.إ.ابن سينا بمنزل شاكر;ثانوي;34.962965146597924;10.381974680182685
21;صفاقس 2;منزل شاكر;م . إ . الفرابي بمنزل شاكر;ثانوي;34.97078980946318;10.373353896901776
21;صفاقس 2;قرقنة;معهد  فرحات حشاد بقرقنة;ثانوي;34.70611;11.20611
21;صفاقس 2;قرقنة;م.إ.  بقرقنة;ثانوي;34.70578;11.20637
21;صفاقس 2;منزل شاكر;معهد البرمكي بالعوادنة;ثانوي;33.080923;10.63686
22;المهدية;المهدية;معهد  ابن سينا بالمهدية;ثانوي;35.5099505;11.0486008
22;المهدية;المهدية;معهد  الطاهر صفر بالمهدية;ثانوي;35.510003;11.049663
22;المهدية;المهدية;م.إ.  شارع الحبيب بورقيبة بالمهدية;ثانوي;35.50485;11.065472
22;المهدية;المهدية;م.إ.  الزهراء بالمهدية;ثانوي;35.4974595;11.0471377
22;المهدية;المهدية;م.إ.  بالحكائمة;ثانوي;35.465528;10.897373
22;المهدية;المهدية;م.إ.  بهيبون;ثانوي;35.517293;11.032372
22;المهدية;المهدية;م.إ.  ببـرج العـريـف المهـدية;ثانوي;35.5050952;11.0244999
22;المهدية;المهدية;المدرسة الإعدادية النموذجية المهدية;ثانوي;35.499862;11.047212
22;المهدية;المهدية;المعهد النموذجي بالمهدية;ثانوي;35.510214;11.045972
22;المهدية;رجيش;م.إ.  طريق الشاطئ رجيـش;ثانوي;35.46867;11.049449
22;المهدية;رجيش;معهد  رجيش;ثانوي;35.475691;11.041773
22;المهدية;السواسي;م.إ.  رمزي الزرلي بالـسـواســي;ثانوي;35.342286;10.554676
22;المهدية;السواسي;م.إ.  بالسواسي;ثانوي;35.339654;10.543928
22;المهدية;السواسي;معهد  السواسي;ثانوي;35.339164;10.548971
22;المهدية;السواسي;م.إ.  سيدي زيد السواسي;ثانوي;35.371759;10.496957
22;المهدية;السواسي;م . إ . الكساسبة بالسواسي;ثانوي;35.372708;10.656036
22;المهدية;السواسي;معهد سيدي زيد;ثانوي;35.358781;10.51735
22;المهدية;بومرداس;م.إ.  شارع بورقيبة بومرداس;ثانوي;35.457513;10.72211
22;المهدية;بومرداس;معهد  بومرداس;ثانوي;35.464312;10.732141
22;المهدية;بومرداس;م.إ.  بكركر;ثانوي;35.474718;10.641923
22;المهدية;بومرداس;معهد كركر;ثانوي;35.470507;10.636977
22;المهدية;شربان;م.إ.  نهج  25جويلية 1957بشربان;ثانوي;35.287842;10.386104
22;المهدية;شربان;معهد  شربان;ثانوي;35.288976;10.388958
22;المهدية;شربان;م.إ.  بالنفاتية;ثانوي;35.162928;10.429882
22;المهدية;شربان;معهد النفاتية;ثانوي;35.166419;10.418359
22;المهدية;هبيرة;معهد  هبيرة;ثانوي;35.165245;10.231565
22;المهدية;هبيرة;م.إ.  بـهـبـيــرة;ثانوي;35.170536;10.230976
22;المهدية;الجم;معهد محمود المسعدي الجم;ثانوي;35.290197;10.693742
22;المهدية;الجم;م.إ. أسد بن الفرات بالجم;ثانوي;35.304874;10.694286
22;المهدية;الجم;م.إ.  الحي الجديد بالجم;ثانوي;35.301243;10.711696
22;المهدية;الجم;معهد  الجم;ثانوي;35.301628;10.712366
22;المهدية;الجم;م.إ.  أبو القاسم الشابي بالجم;ثانوي;35.285454;10.704618
22;المهدية;الجم;م.إ.  بالتلالسة الجم  ;ثانوي;35.343928;10.789406
22;المهدية;الجم;معهد التلالسة;ثانوي;35.344346;10.782818
22;المهدية;ملولش;م.إ.  بملولش;ثانوي;35.155423;11.031854
22;المهدية;ملولش;معهد  ملولش;ثانوي;35.154438;11.033171
22;المهدية;ملولش;م . إ .أولاد عبدالله ملولش;ثانوي;35.188148;10.985714
22;المهدية;الشابة;معهد  ابو القاسم الشابي بالشابة;ثانوي;35.236350;11.100812
22;المهدية;الشابة;م.إ.  فرحات حشاد بالشابة;ثانوي;35.220872;11.110273
22;المهدية;الشابة;م.إ.  ابن شرف بالشابة;ثانوي;35.237848;11.097904
22;المهدية;الشابة;معهد  ابن رشد الشابة;ثانوي;35.218046;11.109023
22;المهدية;الشابة;م.إ.بالغضابنة;ثانوي;35.289083;11.051944
22;المهدية;قصور الساف;معهد ابو القاسم الشابي بقصور الـساف ;ثانوي;35.424142;10.993388
22;المهدية;قصور الساف;معهد  قصور الساف;ثانوي;35.424544;10.994906
22;المهدية;قصور الساف;م.إ.  ابن خلدون بقصور الساف;ثانوي;35.410302;10.985062
22;المهدية;قصور الساف;م.إ.  شارع بورقيبة بقصور الساف;ثانوي;35.423307;10.995866
22;المهدية;قصور الساف;م.إ.بسلقطة;ثانوي;35.40307;11.03377
22;المهدية;قصور الساف;م.إ. أولاد صالح قصور الساف;ثانوي;35.44349;10.92372
22;المهدية;البرادعة;م.إ.  بالبرادعة;ثانوي;35.342301;10.994592
22;المهدية;البرادعة;م.إ الرشارشة;ثانوي;35.302601;10.984549
22;المهدية;البرادعة;معهد البرادعة;ثانوي;35.357783;10.996821
22;المهدية;سيدي علوان;م.إ.  بسيدي علوان;ثانوي;35.3840116;10.9424673
22;المهدية;سيدي علوان;معهد  سيدي علوان;ثانوي;35.384458;10.940533
22;المهدية;سيدي علوان;م.إ.  بساقية الخادم;ثانوي;35.3787767;10.8822154
22;المهدية;سيدي علوان;م.إ.بزالبة سيدي علوان;ثانوي;35.2002046;10.8460364
22;المهدية;سيدي علوان;معهد ساقية الخادم;ثانوي;35.3648652;10.887949
22;المهدية;أولاد الشامخ;م.إ.  بأولاد الشامخ;ثانوي;35.494795;10.3176371
22;المهدية;أولاد الشامخ;معهد  أولاد  الشـامـخ;ثانوي;35.491445;10.306861
22;المهدية;أولاد الشامخ;م.إ.الشحيمات الشمالية;ثانوي;35.4364226;10.3897394
23;القيروان;القيروان الشمالية;المعهد النموذجي بالقيروان;ثانوي;35.6943323;10.0874538
23;القيروان;القيروان الشمالية;م . إ . المنار بالقيروان;ثانوي;35.6977927;10.1015766
23;القيروان;القيروان الشمالية;م.إ.  الحصري بالقيروان;ثانوي;35.6734835;10.0948302
23;القيروان;القيروان الشمالية;معهد  دار الآمان بالقيروان;ثانوي;35.6902444;10.0819116
23;القيروان;القيروان الشمالية;م.إ.  دار الآمان بالقيروان;ثانوي;35.6905635;10.0840868
23;القيروان;القيروان الشمالية;معهد  الأغـالـبـة بالـقـيـروان;ثانوي;35.68005;10.07283
23;القيروان;القيروان الشمالية;م.إ.ابن شرف القيروان;ثانوي;35.67543;10.10473
23;القيروان;القيروان الشمالية;م.إ.  البـاطـن القيروان;ثانوي;35.71297;9.99685
23;القيروان;القيروان الشمالية;م . إ . الصحابي أبو زمعة البلوي القيروان;ثانوي;35.685538;10.078306
23;القيروان;القيروان الشمالية;معهد الباطن بالقيروان;ثانوي;35.7125084;9.9939288
23;القيروان;القيروان الجنوبية;معهد  عقبة ابن نافع القيروان;ثانوي;35.6539692;10.0849189
23;القيروان;القيروان الجنوبية;معهد  ابن رشيق بالقيروان;ثانوي;35.674762;10.1033002
23;القيروان;القيروان الجنوبية;معهد الشادلي عطاء الله بالقيروان;ثانوي;35.6695238;10.1060955
23;القيروان;القيروان الجنوبية;م.إ.  02مارس1934 بالقيروان;ثانوي;35.67472;10.10489
23;القيروان;القيروان الجنوبية;معهد رقادة  بالقيروان;ثانوي;35.61186;10.06730
23;القيروان;القيروان الجنوبية;م.إ.  رقـادة بالقيروان;ثانوي;35.6087751;10.0656022
23;القيروان;القيروان الجنوبية;معهد  ابن الجزار بالقيروان;ثانوي;35.65509;10.08284
23;القيروان;القيروان الجنوبية;م.إ.  المنصورة بالقيروان;ثانوي;35.65983;10.09635
23;القيروان;القيروان الجنوبية;م.إ.ابن هانئ بالقيروان;ثانوي;35.6659059;10.0731819
23;القيروان;القيروان الجنوبية;م.إ. أسد بن الفرات القيروان;ثانوي;35.66367;10.11041
23;القيروان;القيروان الجنوبية;معهد  القيروان;ثانوي;35.66483;10.07576
23;القيروان;القيروان الجنوبية;م.إ. بيت الحكمة  بالقيروان;ثانوي;35.65771;10.08179
23;القيروان;القيروان الجنوبية;م.إ.النموذجية جعفر ماجد بالقيروان;ثانوي;35.66710;10.10012
23;القيروان;القيروان الجنوبية;م.إ.الخضراء;ثانوي;35.4898945;9.9588074
23;القيروان;الشبيكة;م.إ.  بالشبيكة;ثانوي;35.6187998;9.9226032
23;القيروان;الشبيكة;معهد نهج  ابن عرفة بالشبيكة;ثانوي;35.61712;9.92528
23;القيروان;الشبيكة;م.إ سيدي علي بن سالم;ثانوي;35.5855362;9.8993135
23;القيروان;السبيخة;م.إ.النجي سليم بالسبيخة;ثانوي;36.0213305;9.8749395
23;القيروان;السبيخة;م.إ.  ابن رشــد بالسبـيـخــة;ثانوي;35.90857;10.05784
23;القيروان;السبيخة;م.إ.  بالسبيخة;ثانوي;36.0247157;10.1847887
23;القيروان;السبيخة;معهد  السبيخة;ثانوي;35.91453;10.12588
23;القيروان;السبيخة;م.إ.  بدار الجمعيــة السبيخة;ثانوي;35.9296482;9.9000689
23;القيروان;السبيخة;معهد محمود المسعدي السبيخة;ثانوي;35.9427211;10.0202272
23;القيروان;الوسلاتية;م.إ .أبو القاسم الشابي بالوسلاتية;ثانوي;35.8524079;9.5809607
23;القيروان;الوسلاتية;معهد  ابن خلدون الوسلاتية;ثانوي;35.8518892;9.5947126
23;القيروان;الوسلاتية;معهد  الوسلاتية;ثانوي;35.8461907;9.5994075
23;القيروان;الوسلاتية;م.إ.  بالوسلاتية;ثانوي;35.8490311;9.5908905
23;القيروان;الوسلاتية;م.إ.  بقصر اللمسة;ثانوي;36.0313048;9.6897237
23;القيروان;عين جلولة;م.إ.  بعين جلولة ;ثانوي;35.8064526;9.8194694
23;القيروان;عين جلولة;معهد عين جلولة ;ثانوي;35.80205;9.80308
23;القيروان;العلا;معهد  العلا;ثانوي;35.6152958;9.5643972
23;القيروان;العلا;م.إ.  المساعيد العلا;ثانوي;35.63798;9.45296
23;القيروان;العلا;م.إ.  بالعلا;ثانوي;35.6181285;9.5634063
23;القيروان;العلا;م.إ.الذهيبات العلا;ثانوي;35.660705262567014;9.41233223838711
23;القيروان;العلا;م.إ.  بالعلا الحبيب;ثانوي;35.6123333;9.5602845
23;القيروان;العلا;معهد  العلا 2;ثانوي;35.6141372;9.5713077
23;القيروان;حفوز;م.إ.  حي الـزيـاتيــن بـحـفــوز;ثانوي;35.6372357;9.6731598
23;القيروان;حفوز;معهد  حفوز;ثانوي;35.6330475;9.6776903
23;القيروان;حفوز;م.إ.  بحفوز;ثانوي;35.6415421;9.6698803
23;القيروان;حفوز;م.إ.  بالزملة  حفوز;ثانوي;35.4970096;9.7002244
23;القيروان;حفوز;معهد فرحات حشاد بحفوز;ثانوي;35.626154;9.6764593
23;القيروان;حاجب العيون;معهد أبو القاسم الشابي بحاجب العيون;ثانوي;35.4505238;9.5242623
23;القيروان;حاجب العيون;معهد  علي الزواوي بحاجب العيون;ثانوي;35.44368;9.62633
23;القيروان;حاجب العيون;م.إ.  ابن أبي الضياف بحاجب العيون;ثانوي;35.2876863;9.6321068
23;القيروان;حاجب العيون;م.إ.  بـحــاجــب الــعـيـــون;ثانوي;35.3891417;9.5442926
23;القيروان;حاجب العيون;المدرسة الإعدادية السرجة حاجب العيون;ثانوي;35.565841;9.4726969
23;القيروان;سيدي علي بن نصر الله;معهد ابن سينا بنصـراللـه ;ثانوي;35.3613571;9.8403123
23;القيروان;سيدي علي بن نصر الله;م.إ.  بنصرالله;ثانوي;35.304;9.7316051
23;القيروان;سيدي علي بن نصر الله;معهد  نصرالله;ثانوي;35.3569954;9.8262114
23;القيروان;سيدي علي بن نصر الله;م.إ.  بالكبّارة -نصرالله;ثانوي;35.18419318445972;9.81920107121091
23;القيروان;سيدي علي بن نصر الله;م.إ. المنارة نصرالله;ثانوي;35.3622177;9.8390177
23;القيروان;سيدي علي بن نصر الله;م.إ. سيدي سعد نصرالله;ثانوي;35.23056;9.73107
23;القيروان;منزل المهيري;م.إ.  بمنزل المهيري-;ثانوي;35.42488178370376;9.854831165287651
23;القيروان;منزل المهيري;معهد  منـزل المهيـري;ثانوي;35.42271446442563;9.85672286641355
23;القيروان;سيدي عمر بوحجلة;معهد  بوحجلة;ثانوي;35.3948784;10.0496399
23;القيروان;سيدي عمر بوحجلة;م.إ. الإمام سحنون ببوحجلة;ثانوي;35.39416;10.03684
23;القيروان;سيدي عمر بوحجلة;م.إ. بجهينة -بوحجلة;ثانوي;35.3093107;9.960921
23;القيروان;سيدي عمر بوحجلة;م.إ.  المركز بوحجلة;ثانوي;35.3994777;10.0483822
23;القيروان;سيدي عمر بوحجلة;م.إ.بوحجلة;ثانوي;35.392282;10.0487623
23;القيروان;سيدي عمر بوحجلة;معهد الطاهر الحداد ببوحجلة ;ثانوي;35.3888102;10.0513556
23;القيروان;الشراردة;معهد  الشراردة;ثانوي;35.1357805;10.0350908
23;القيروان;الشراردة;م.إ.  ببئر الوصفان الشراردة;ثانوي;35.21635;9.96478
23;القيروان;الشراردة;م.إ.  بالشراردة;ثانوي;35.11908648161085;10.026532623740703
23;القيروان;الشراردة;م.إ.الشوايحية;ثانوي;35.20073571817701;10.03817750000259
23;القيروان;القيروان الشمالية;المعهد الرياضي بالقيروان;ثانوي;35.67643083309898;10.1076011577143
24;المنستير;المنستير;معهد  شارع فطومة بورقيبة بالمنستير;ثانوي;35.63511;10.97787
24;المنستير;المنستير;معهد الحبيب بورقيبة بالمنستير;ثانوي;35.76766;10.82609
24;المنستير;المنستير;م.إ.  مفيـدة بورقيـبـة بالـمنـسـتـيـر;ثانوي;35.7683;10.8315
24;المنستير;المنستير;معهد الهادي خفشة  بالمنستير;ثانوي;35.77582;10.82267
24;المنستير;المنستير;م.إ. الإمتياز بالمنستيـر;ثانوي;35.77409;10.82455
24;المنستير;المنستير;المعهد النموذجي  محمد فرج الشاذلي  بالمنستير;ثانوي;35.46004;10.4938
24;المنستير;المنستير;م.إ.نهج سالم بشير المنستير;ثانوي;35.77072;10.82313
24;المنستير;المنستير;م.إ.  علي بورقيبة بالمنستير;ثانوي;35.45292;10.76483
24;المنستير;المنستير;م.إ النموذجية المنستير;ثانوي;35.71542;10.81863
24;المنستير;المنستير;م.إ. التحدي  بخنيس;ثانوي;35.71543;10.81833
24;المنستير;المنستير;معهد  خنيس;ثانوي;35.7113098;10.8119929
24;المنستير;المنستير;م إ.محمد محسن البواب.المنستير;ثانوي;35.74838;10.82378
24;المنستير;قصيبة المديوني;معهد  قصيبة المديوني;ثانوي;35.6815;10.8419
24;المنستير;قصيبة المديوني;م.إ.  بقصيبة المديوني;ثانوي;35.6854;10.8464
24;المنستير;قصيبة المديوني;م.إ.  بطوزة;ثانوي;35.67409;10.82135
24;المنستير;قصيبة المديوني;م.إ.  ببنان;ثانوي;35.40365;10.50061
24;المنستير;قصيبة المديوني;معهد بنان بوضر;ثانوي;35.66715;10.82939
24;المنستير;قصيبة المديوني;معهد طوزة;ثانوي;35.6379163;10.8241296
24;المنستير;الوردنين;م.إ.  2مارس1934 بالـوردانـيـن;ثانوي;35.7157416;10.6687228
24;المنستير;الوردنين;معهد  الوردانيـن;ثانوي;35.71285;10.67045
24;المنستير;الوردنين;م.إ المستقبل الوردانين;ثانوي;35.70696;10.67965
24;المنستير;الساحلين;م.إ.  بالساحلين;ثانوي;35.75276;10.71438
24;المنستير;الساحلين;معهد الساحلين;ثانوي;35.75048;10.69688
24;المنستير;الساحلين;م. إ. سيدي عامر الساحلين;ثانوي;35.75050;10.69307
24;المنستير;زرمدين;م.إ.  بـزرمـديـن;ثانوي;35.57305;10.73335
24;المنستير;زرمدين;معهد  منزل الحياة;ثانوي;35.57397;10.73237
24;المنستير;زرمدين;معهد زرمدين;ثانوي;35.56673;10.71485
24;المنستير;زرمدين;م . إ . المزاوغة;ثانوي;35.32323;10.34461
24;المنستير;بني حسان;معهد  بني حسان;ثانوي;35.56976;10.80334
24;المنستير;بني حسان;م.إ.  ببني حسـان;ثانوي;35.56841;10.80602
24;المنستير;بني حسان; م. إ. الغنادة ;ثانوي;35.49807;10.70335
24;المنستير;جمال;معهد أبو القاسم الشابي بجمال;ثانوي;35.63664;10.73404
24;المنستير;جمال;م.إ.  حـي الـفــتــح بـجـمــال;ثانوي;35.6114;10.7554746
24;المنستير;جمال;معهد  جمال;ثانوي;35.3722;10.4612
24;المنستير;جمال;م.إ.  بجمال;ثانوي;35.6233879;10.7679373
24;المنستير;جمال;م.إ.  بـزاويـة قــنــطــش;ثانوي;35.63536;10.95931
24;المنستير;جمال;م.إ.  بمنزل كامل;ثانوي;35.62388;10.67563
24;المنستير;جمال;م . إ . محمود المسعدي بجمال;ثانوي;35.63233;10.77887
24;المنستير;جمال;معهد   ابن خلدون   جمال ;ثانوي;35.56738;10.80847
24;المنستير;بمبلة;م.إ.  الحاج مبروك الأزرق بمنزل النور;ثانوي;35.66459;10.77042
24;المنستير;بمبلة;معهد  علي بورقيبة ببنبلة;ثانوي;35.69124;10.79088
24;المنستير;بمبلة;م.إ.  ببنبلة;ثانوي;35.4132;10.4725
24;المنستير;بمبلة;معهد منزل النور;ثانوي;35.66828;10.78110
24;المنستير;المكنين;معهد  سعيد أبي بكر  بالمكنين;ثانوي;35.50817;10.85341
24;المنستير;المكنين;معهد  المكنين;ثانوي;35.64100;10.90931
24;المنستير;المكنين;م.إ.  محمود بن ضياء بالمكنين;ثانوي;35.62733;10.89639
24;المنستير;المكنين;م.إ.  عبد السلام المكني الـمكـنيـن;ثانوي;35.63177;10.90190
24;المنستير;المكنين;م.إ.  الطاهر الحداد بالمكنين;ثانوي;35.62533;10.90190
24;المنستير;المكنين;م.إ.  بمنزل فارسي;ثانوي;35.55109;10.87122
24;المنستير;المكنين;م.إ.  بشراحيل;ثانوي;35.50259;10.84943
24;المنستير;المكنين;م.إ.  بعميرة التوازرة;ثانوي;35.49334;10.77999
24;المنستير;المكنين;م.إ.  بسيدي بنور;ثانوي;35.52742;10.90704
24;المنستير;المكنين;م.إ.  بعميرة الحجاج بالمكنين ;ثانوي;35.50503;10.81540
24;المنستير;المكنين;م.إ.  بعميرة الفحول;ثانوي;35.50117;10.81744
24;المنستير;المكنين;معهد  عميـرة الـحـجـاج;ثانوي;35.5086;10.8291
24;المنستير;المكنين;م . إ. 5 سبتمبر 1934 المكنين;ثانوي;35.64074;10.92493
24;المنستير;المكنين; 3  'معهد  المكنين;ثانوي;35.61857;10.89743
24;المنستير;البقالط;معهد  البقالطة;ثانوي;35.61602;10.98663
24;المنستير;البقالط;م.إ.  بالبقالطة;ثانوي;35.61578;11.02275
24;المنستير;طبلبة;معهد  طبلبة;ثانوي;35.3849;10.5826
24;المنستير;طبلبة;م.إ.  بطبلبة;ثانوي;35.64111;10.97066
24;المنستير;طبلبة;م.إ.  شارع بورقيبة طبلبة;ثانوي;35.38265;10.575415
24;المنستير;طبلبة;معهد سكرين طبلبة ;ثانوي;35.391215;10.564695
24;المنستير;قصر هلال;معهد 2مارس1934 قصر هلال;ثانوي;35.64409;10.8880
24;المنستير;قصر هلال;م.إ. بقصر هلال;ثانوي;35.64094;10.89671
24;المنستير;قصر هلال;م.إ. 3جانفي1934 بقصر هلال;ثانوي;35.65590;10.87455
24;المنستير;قصر هلال;معهد  حي الرياض 2 قصر هلال;ثانوي;35.6469;10.8574
24;المنستير;قصر هلال;م . إ . أحمد عياد بقصر هلال;ثانوي;35.64605;10.89132
24;المنستير;صيادة لمطة بوحجر;معهد  لـمــطـــة;ثانوي;35.66730;10.87945
24;المنستير;صيادة لمطة بوحجر;م.إ.  بـصــيـــادة;ثانوي;35.66275;10.89020
24;المنستير;صيادة لمطة بوحجر;معهد صيـادة;ثانوي;35.65712;10.90976
24;المنستير;صيادة لمطة بوحجر;م.إ بوحجر;ثانوي;35.66701;10.85962
24;المنستير;المنستير;معهد حي العمران;ثانوي;35.7657377;10.8117923
24;المنستير;المنستير;م.إ.  حي العمران المنستير;ثانوي;35.7607477;10.8006784
24;المنستير;البقالط;م.إ.  بالبقالطة 2;ثانوي;35.617557;11.16508
25;سوسة;سوسة المدينة;م.إ.  نهج قسنطينة سوسة;ثانوي;35.8343874;10.6336473
25;سوسة;سوسة المدينة;م.إ. النموذجية الباب الشمالي سوسة;ثانوي;35.8284254;10.6353206
25;سوسة;سوسة المدينة;م.إ.  نهج السودان سوسة;ثانوي;35.8215124;10.6389146
25;سوسة;سوسة المدينة;معهد أحمد نورالدين بسوسة;ثانوي;35.8286691;10.6369437
25;سوسة;سوسة المدينة;م . إ . طارق بن زياد بخزامة الشرقية;ثانوي;35.8479274;10.6121746
25;سوسة;سوسة الجوهرة;المعهد النموذجي محمد معروف بسوسة;ثانوي;35.8415274;10.5883986
25;سوسة;سوسة الجوهرة;معهد  2مارس 1934 بسوسة;ثانوي;35.8268335;10.6252807
25;سوسة;سوسة الجوهرة;معهد  شارع الطاهر صفر سوسة;ثانوي;35.8304692;10.6319734
25;سوسة;سوسة الجوهرة;م.إ.  محمد العروي بسوسة;ثانوي;35.8309184;10.6230865
25;سوسة;سوسة الجوهرة;م.إ.  حي الخزامة بسوسة;ثانوي;35.8389264;10.6074168
25;سوسة;سوسة الجوهرة;معهد  عبد العزيز الباهي سوسة;ثانوي;35.8136545;10.6272137
25;سوسة;سوسة الجوهرة;م.إ.  بـوحـسـيـنـة سـوسـة;ثانوي;35.8218743;10.6156437
25;سوسة;سوسة الجوهرة;م.إ. حي الــزهــراء سـوسـة;ثانوي;35.8142718;10.6274239
25;سوسة;سوسة الجوهرة;معهد  الـجـوهـرة سـوسـة;ثانوي;35.8248801;10.6249834
25;سوسة;سوسة الجوهرة;م.إ الجوهرة سهلول سوسة;ثانوي;35.8413039;10.5873871
25;سوسة;سوسة الجوهرة;معهد سهاول 4;ثانوي;35.8304495;10.5984679
25;سوسة;سيدي عبد الحميد;م.إ.  سوسة الجديدة;ثانوي;35.8010187;10.6293305
25;سوسة;سيدي عبد الحميد;معهد محمودالمسعدي سيدي عبد الحميد سوسة;ثانوي;35.8019912;10.6346853
25;سوسة;سيدي عبد الحميد;م.إ .إبن عرفة سيدي عبد الحميد سوسة;ثانوي;35.8058464;10.6537034
25;سوسة;سيدي عبد الحميد;معهد الكفيف بسوسة;ثانوي;35.8140042;10.6342579
25;سوسة;الزاوية القصيبة الثريات;م.إ.  بالزاوية والقصيبة والثريات;ثانوي;35.7769613;10.6260043
25;سوسة;الزاوية القصيبة الثريات;معهد الزاوية والقصيبة والثريات;ثانوي;35.7768518;10.6247248
25;سوسة;سوسة الرياض;م.إ.  بحي الرياض سوسة ;ثانوي;35.8062691;10.6010346
25;سوسة;سوسة الرياض;معهد  حي الرياض سوسة ;ثانوي;35.7968265;10.6023392
25;سوسة;سوسة الرياض;م.إ.  حي الزهور سوسة;ثانوي;35.7922186;10.5825567
25;سوسة;سوسة الرياض;معهد  السلام حي الرياض سوسة ;ثانوي;35.8073678;10.6087561
25;سوسة;سوسة الرياض;معهد  ابن رشــد حي الــريــاض سـوسـة;ثانوي;35.8043206;10.5894141
25;سوسة;سوسة الرياض;م . إ .  الرياض الخامس سوسة;ثانوي;35.8030394;10.5898731
25;سوسة;سوسة الرياض;م . إ .  مي الجريبي بحي الرياض ;ثانوي;35.7931032;10.5921315
25;سوسة;حمام سوسة;معهد  حمام سوسة;ثانوي;35.8538197;10.5964555
25;سوسة;حمام سوسة;م.إ.  سهلول حمام سوسة;ثانوي;35.8489145;10.5944891
25;سوسة;حمام سوسة;م.إ.  البحاير حمام سوسة;ثانوي;35.8677147;10.5949566
25;سوسة;حمام سوسة;معهد حمام سوسة 2;ثانوي;35.8465264;10.5894884
25;سوسة;هرقلة;م.إ.  بهرقلة;ثانوي;36.02933;10.50877
25;سوسة;أكودة;معهد  سالم بن حميدة بأكودة;ثانوي;35.8873779;10.5692377
25;سوسة;أكودة;م.إ.  لطفي قرطاس بأكودة;ثانوي;35.8811429;10.5728412
25;سوسة;أكودة;م.إ.جمال بن عبد الجليل بأكودة;ثانوي;35.88576;10.56994
25;سوسة;القلعة الكبيرة;معهد أبو القاسم الشابي بالقلعة الكبرى;ثانوي;35.9031881;10.5282794
25;سوسة;القلعة الكبيرة;م.إ. الطاهر الحداد بالقلعة الكبرى;ثانوي;35.8904581;10.5349377
25;سوسة;القلعة الكبيرة;معهد  علي بورقيبة بالقلعة الكبرى;ثانوي;35.8666022;10.5531604
25;سوسة;القلعة الكبيرة;م.إ.  نهج العـجـمي بن سـعـد بالـقـلـعـة الـكـبـرى;ثانوي;35.8710754;10.5180921
25;سوسة;القلعة الكبيرة;م.إ.  علي البلهوان بالقــلعة الكبرى;ثانوي;35.859987;10.528049
25;سوسة;القلعة الكبيرة;م.إ.  الفارابي بالقلعة الكبـرى;ثانوي;35.8600291;10.5364522
25;سوسة;سيدي بوعلي;معهد  سيدي بو علي;ثانوي;35.9588745;10.4775124
25;سوسة;سيدي بوعلي;م.إ.  بسيدي بوعلي;ثانوي;35.9551441;10.4868073
25;سوسة;سيدي بوعلي;م.إ.  أحمد العواني بسيدي بوعلي;ثانوي;35.9605105;10.464869
25;سوسة;القلعة الصغيرة;معهد  حي الـرمـانـة بالـقـلـعــة الـصـغــرى;ثانوي;35.8093389;10.5646256
25;سوسة;القلعة الصغيرة;م.إ. محمد الهادي العامري بالـقـلـعــة الـصـغــرى;ثانوي;35.8322397;10.5575041
25;سوسة;القلعة الصغيرة;م.إ  بالقلعة الصغرى;ثانوي;35.8322653;10.5556889
25;سوسة;بوفيشة;معهد حي الرياض بوفيشة;ثانوي;36.29668;10.45574
25;سوسة;بوفيشة;م.إ. ببـوفيـشـة;ثانوي;36.29827;10.45814
25;سوسة;مساكن;معهد ابن سينا بمساكن;ثانوي;35.7361013;10.5870567
25;سوسة;مساكن;م.إ. الفرابي بمساكن;ثانوي;35.7217944;10.5571543
25;سوسة;مساكن;م.إ. إبن خلدون بمساكن ;ثانوي;35.7381702;10.5872728
25;سوسة;مساكن;معهد  عثمان الشطي مساكن;ثانوي;35.7347987;10.5716206
25;سوسة;مساكن;معهد  فرحات حشاد بمساكن;ثانوي;35.7228311;10.5853959
25;سوسة;مساكن;م.إ. 2مارس 1934 بمساكن;ثانوي;35.7287561;10.5721124
25;سوسة;مساكن;م.إ. إبن رشد بـمـسـاكـن;ثانوي;35.7248993;10.5875762
25;سوسة;مساكن;م.إ.  بالكنايس;ثانوي;35.67870;10.50445
25;سوسة;مساكن;م.إ.  بالبرجين;ثانوي;35.66032;10.56978
25;سوسة;مساكن;م.إ.  بالمسعدين;ثانوي;35.7547751;10.5921037
25;سوسة;مساكن;معهد الخوارزمي بمساكن;ثانوي;35.7192839;10.5621467
25;سوسة;سيدي الهاني;م.إ.  بسيدي الهاني;ثانوي;35.6843048;10.3178527
25;سوسة;سيدي الهاني;معهد سيدي الهاني;ثانوي;35.6795966;10.3181392
25;سوسة;النفيضة;معهد  النفيضة;ثانوي;36.1372651;10.3851186
25;سوسة;النفيضة;م.إ.  طريق زغوان بالنفيضة;ثانوي;36.1358225;10.3723511
25;سوسة;النفيضة;م.إ.  حي الياسمين النفيضة;ثانوي;36.1373638;10.3811015
25;سوسة;النفيضة;م.إ.  البيروني بالنفيضة;ثانوي;36.1416161;10.3526294
25;سوسة;النفيضة;معهد  النفيضة 2;ثانوي;36.1267478;10.3754059
25;سوسة;كندار;م.إ.  بكندار;ثانوي;35.9296848;10.3147587
25;سوسة;كندار;معهد كندار;ثانوي;35.9294363;10.3158115
26;نابل;نابل;معهد  محمود المسعدي بنابل;ثانوي;36.4496442;10.7424897
26;نابل;نابل;معهد  شارع علي البلهـوان بنـابـل;ثانوي;36.4516375;10.7403037
26;نابل;نابل;م.إ.  الطاهر الحداد بنابل;ثانوي;36.4517669;10.7379348
26;نابل;نابل;الـمـعهـد الـنـمـوذجــي بـنـابـل;ثانوي;36.4361871;10.6889392
26;نابل;نابل;م.إ.  ساحة الشهداء بنابـل;ثانوي;36.4568584;10.738229
26;نابل;نابل;م.إ .العهد الجديد نابل;ثانوي;36.4611294;10.7170432
26;نابل;نابل;م.الإعدادية النموذجية بنابل;ثانوي;36.4461302;10.6924912
26;نابل;دارشعبان;معهد دار شعبان الفهري;ثانوي;36.4523458;10.7487753
26;نابل;دارشعبان;م.إ.  محمد البشروش بدار شعبان الفهري;ثانوي;36.4717947;10.7462301
26;نابل;دارشعبان;م.إ.الطاهر بن عاشور بدار شعبان الفهري;ثانوي;36.4668983;10.7533674
26;نابل;قربة;م.إ.العهد الجديد قربة;ثانوي;36.583714;10.8222122
26;نابل;قربة;معهد  قربة;ثانوي;36.5833839;10.821845
26;نابل;قربة;م.إ. بقربة;ثانوي;36.5778183;10.8627657
26;نابل;قربة;معهد 2 مارس 1934 بقربة;ثانوي;36.5801902;10.8664889
26;نابل;قربة;م.إ. شارع بورقيبة  بقربة;ثانوي;36.5779689;10.8620024
26;نابل;قربة;م.إ.  قرعة ساسي قربة;ثانوي;36.6517301;10.8579824
26;نابل;قربة;م.إ.  بتازركة;ثانوي;36.5455798;10.8338727
26;نابل;بني خلاد;م.إ. 23جانفي 1952 بني خلاد;ثانوي;36.6549605;10.5895503
26;نابل;بني خلاد;معهد  نهج المنـزه بني خلاد;ثانوي;36.6473334;10.5917848
26;نابل;بني خلاد;م.إ.  بزاوية الجديدي;ثانوي;36.6335052;10.5638911
26;نابل;الميدة;م.إ. الميدة;ثانوي;36.7330393;10.8479005
26;نابل;الميدة;معهد بالميدة;ثانوي;36.7349152;10.8451232
26;نابل;منزل تميم;م.إ.  شارع الجمهـوريـة بمنـزل تـمـيـم;ثانوي;36.7737867;10.9987424
26;نابل;منزل تميم;معهد  نهج الطيب المهيري بمنزل تميم;ثانوي;36.7790299;10.9866141
26;نابل;منزل تميم;م.إ.  نهج الأندلس بمنزل تميم;ثانوي;36.7772853;10.9852153
26;نابل;منزل تميم;م.إ.  بالرعنين;ثانوي;36.83877;10.91568
26;نابل;منزل تميم;م.إ.  بمنزل حر;ثانوي;36.7315487;10.9629173
26;نابل;منزل تميم;م.إ.  بالصقالبة;ثانوي;36.7874836;10.9743866
26;نابل;منزل تميم;معهد شارع7 أفريل 1943 منزل تميم;ثانوي;36.7899846;10.9961596
26;نابل;قليبية;م.إ.علي بلهوان قليبية;ثانوي;36.849854;11.090044
26;نابل;قليبية;م.إ.  شارع تونس قليبية;ثانوي;36.8394904;11.0759296
26;نابل;قليبية;معهد عبد العـزيـزالخـوجـة بقليبيـة;ثانوي;36.8432353;11.0988786
26;نابل;قليبية;معهد  حي البستان بقليبية;ثانوي;36.8451994;11.078683
26;نابل;قليبية;م.إ.  أسمر بقـلـيـبـيـة;ثانوي;36.8487852;11.1120512
26;نابل;قليبية;م.إ.  بأزمور;ثانوي;36.9199294;11.0122717
26;نابل;حمام غزاز;معهد  بورقيبة بحمام الغزاز;ثانوي;36.8769229;11.1108552
26;نابل;حمام غزاز;م.إ.دار علوش;ثانوي;36.9706028;11.0583792
26;نابل;الهوارية;م.إ.  بالهـواريـة;ثانوي;37.056314;11.0060175
26;نابل;الهوارية;معهد  الهوارية;ثانوي;37.048285;11.0166714
26;نابل;الهوارية;م.إ.  ببوكريم;ثانوي;36.9316473;10.9282845
26;نابل;الهوارية;م.إ.  بصاحب الجبل;ثانوي;37.0128637;10.9508772
26;نابل;الهوارية;م.إ.  بزاوية المقايز;ثانوي;36.9254909;10.8584337
26;نابل;الهوارية;معهد زاوية المقايز;ثانوي;36.939707;10.8750585
26;نابل;منزل بوزلفة;معهد    منزل بوزلفة;ثانوي;36.6869495;10.5926515
26;نابل;منزل بوزلفة;م.إ.  بمنـزل بـوزلفـة;ثانوي;36.6858296;10.5872856
26;نابل;منزل بوزلفة;م.إ الرحمة منزل بوزلفة;ثانوي;36.7161032;10.7261478
26;نابل;سليمان;معهد  طريق الشاطئ سليمان;ثانوي;36.7074672;10.4850604
26;نابل;سليمان;م.إ.  بسليمان;ثانوي;36.6951363;10.4840868
26;نابل;سليمان;م.إالشريفات سليمان;ثانوي;36.69898;10.51853
26;نابل;تاكلسة;م.إ.  تاكلسة;ثانوي;36.7907179;10.6327549
26;نابل;تاكلسة;معهد تاكلسة;ثانوي;36.7956725;10.6289626
26;نابل;قرمبالية;م.إ.  الحبيب بـوقطـفـة بقـرمباليـة;ثانوي;36.5960029;10.4996646
26;نابل;قرمبالية;معهد  قرمبالية;ثانوي;36.5928666;10.5010014
26;نابل;قرمبالية;م.إ.  بقرمبالية;ثانوي;36.5951301;10.507862
26;نابل;قرمبالية;م.إ.  بفندق الجديد;ثانوي;36.6623534;10.4513392
26;نابل;قرمبالية;م.إ.  بالكـرميـة قرمبالية;ثانوي;36.5667895;10.4652875
26;نابل;قرمبالية;م.إ.بنيانو;ثانوي;36.6092368;10.5456252
26;نابل;قرمبالية;معهد ابن سينا بقرمبالية;ثانوي;36.5893838;10.5013084
26;نابل;بوعرقوب;معهد  بوعرقوب;ثانوي;36.54025;10.54476
26;نابل;بوعرقوب;م.إ.  بوعرقوب;ثانوي;36.5384895;10.546193
26;نابل;بني خيار;معهد  بني خيار;ثانوي;36.4727949;10.79101106
26;نابل;بني خيار;م.إ.  بالصمعة;ثانوي;36.5419557;10.789666
26;نابل;بني خيار;م.إ.  بالمعمورة;ثانوي;36.4680753;10.8104579
26;نابل;بني خيار;م . إ . ببني خيار;ثانوي;36.4727906;10.7944644
26;نابل;الحمامات;م.إ. فرحات حشاد بالحمامات;ثانوي;36.3918954;10.5491802
26;نابل;الحمامات;معهد محمد بوذينة بالحمامات;ثانوي;36.39429;10.688404
26;نابل;الحمامات;م.إ.  نهج الهادي والي بالحمامات;ثانوي;36.4096253;10.6278354
26;نابل;الحمامات;م.إ.  أبوالقاسم الشابي بالحمامات;ثانوي;36.3979566;10.6117414
26;نابل;الحمامات;م.إ.  بئر بورقبة;ثانوي;36.4373296;10.5637865
26;نابل;الحمامات;معهد   عاطف الشايب   الحمامات;ثانوي;36.4100983;10.6022773
26;نابل;الحمامات;م.إ.  سيدي الجديدي;ثانوي;36.413292;10.4544939
1;تونس 1;تونس المدينة;المدرسة الإعدادية التقنية نهج فبريكات الثلج تونس;ثانوي;36.79685;10.17402
1;تونس 1;الوردية;المدرسة الإعدادية التقنية بالورديـة;ثانوي;36.77689;10.18688
1;تونس 1;الوردية;المدرسة الإعدادية التقنية نهج لافيان بالورديـة;ثانوي;36.80649;10.18153
1;تونس 1;حلق الوادي;المدرسة الإعدادية التقنية نهج بربروس حلق الوادي;ثانوي;36.81689;10.30132
1;تونس 1;حلق الوادي;المدرسة الإعدادية التقنية نهج المقاومة بحلق الوادي;ثانوي;36.81509;10.30198
2;تونس 2;العمران الأعلى;المدرسة الإعدادية التقنية حي ابن خلدون تونس;ثانوي;36.8364689;10.1279211
3;أريانة;أريانة;المدرسة الإعدادية التقنية بأريانـة;ثانوي;36.85164;10.18476
4;منوبة;منوبة;المدرسة الإعدادية التقنية بمنـوبـة;ثانوي;36.8094601;10.1040068
4;منوبة;المرناقية;المدرسة الإعدادية التقنية بالمرناقيـة;ثانوي;36.7566221;10.0213769
5;بن عروس;بن عروس;المدرسة الإعدادية التقنية ببن عــروس;ثانوي;36.74499;10.21948
5;بن عروس;حمام الأنف;المدرسة الإعدادية التقنية بحمام الأنـف;ثانوي;36.73558;10.33241
5;بن عروس;رادس;المدرسة الإعدادية التقنية بـرادس;ثانوي;36.76427;10.26252
6;زغوان;زغوان;المدرسة الإعدادية التقنية بزغوان;ثانوي;36.41184;10.13519
7;بنزرت;بنزرت الشمالية;المدرسة الإعدادية التقنية ببنزرت;ثانوي;37.31605;9.78639
7;بنزرت;ماطر;المدرسة الإعدادية التقنية بماطـر;ثانوي;37.03684;9.66719
7;بنزرت;منزل بورقيبة;المدرسة الإعدادية التقنية بمنزل بورقيبة;ثانوي;37.15370;9.80142
7;بنزرت;منزل جميل;المدرسة الإعدادية التقنية بمنزل جميل;ثانوي;37.23665;9.86160
8;باجة;باجة الجنوبية;المدرسة الإعدادية التقنية بباجـة;ثانوي;36.60446;9.11595
8;باجة;نفزة;المدرسة الإعدادية التقنية بنفـزة;ثانوي;36.99492;8.99714
8;باجة;تبرسق;المدرسة الإعدادية التقنية بتبـرسـق;ثانوي;36.49140;9.22550
8;باجة;مجاز الباب;المدرسة الإعدادية التقنية بمجاز الباب;ثانوي;36.63168;9.75566
9;جندوبة;جندوبة الجنوبية;المدرسة الإعدادية التقنية بجنـدوبـة;ثانوي;36.5046453;8.7747584
9;جندوبة;غار دماء;المدرسة الإعدادية التقنية بغار الدماء;ثانوي;36.4442569;8.440532
10;سليانة;سليانة الشمالية;المدرسة الإعدادية التقنية بسليـانـة;ثانوي;36.09626;9.36919
10;سليانة;قعفور;المدرسة الإعدادية التقنية بقعـفـور;ثانوي;36.16440;9.45048
10;سليانة;مكثر;المدرسة الإعدادية التقنية بمـكـثـر;ثانوي;35.79994;9.05669
11;الكاف;الكاف الشرقية;المدرسة الإعدادية التقنية بالـكـاف;ثانوي;36.17610;8.70503
12;القصرين;القصرين الشمالية;المدرسة الإعدادية التقنية بالقصـريـن;ثانوي;35.24690;8.73852
13;سيدي بوزيد;سيدي بوزيد الغربية;المدرسة الإعدادية التقنية بسيدي بوزيد;ثانوي;35.0358893;9.4729522
13;سيدي بوزيد;أولاد حفوز;المدرسة الإعدادية التقنية بأولاد حفوز;ثانوي;35.0831934;9.8750958
13;سيدي بوزيد;الرقاب;المدرسة الإعدادية التقنية بالرقاب;ثانوي;34.8612559;9.7848254
14;قفصة;قفصة الجنوبية;المدرسة الإعدادية التقنية بقفصـة;ثانوي;34.43480;8.77819
14;قفصة;الرديف;المدرسة الإعدادية التقنية بالرديف;ثانوي;34.37601;8.13612
14;قفصة;المتلوي;المدرسة الإعدادية التقنية بالمتلوي;ثانوي;34.31469;8.39419
15;توزر;توزر;المدرسة الإعدادية التقنية بتـوزر;ثانوي;33.91838;8.13583
15;توزر;نفطة;المدرسة الإعدادية التقنية بنفطـة;ثانوي;33.86917;7.89216
16;قبلي;قبلي الشمالية;المدرسة الإعدادية التقنية بقبلي;ثانوي;33.707318;8.968502
16;قبلي;دوز الشمالية;المدرسة الإعدادية التقنية بـدوز;ثانوي;33.472383;9.02477
17;تطاوين;تطاوين الجنوبية;المدرسة الإعدادية التقنية تطاويـن;ثانوي;32.92801555399044 ;10.4442711
17;تطاوين;غمراسن;المدرسة الإعدادية التقنية بغمراسن;ثانوي;33.0612227;10.343415
18;مدنين;مدنين الجنوبية;المدرسة الإعدادية التقنية بمـدنيـن;ثانوي;33.56280;10.63862
18;مدنين;جرجيس;المدرسة الإعدادية التقنية بجـرجيـس;ثانوي;33.51008;11.07307
18;مدنين;حومة السوق;المدرسة الإعدادية التقنية حومة السوق جـربـة;ثانوي;33.82298;10.85641
19;قابس;قابس الجنوبية;م.إ التقنية شارع أبو القاسم الشابي قابس;ثانوي;33.87157;10.11139
19;قابس;قابس الجنوبية;المدرسة الإعدادية التقنية نهج الـواحـة بقـابـس;ثانوي;33.86923;10.11258
19;قابس;الغنوش;م.إ. تقنية شارع البيئة غنوش;ثانوي;33.94914;10.06932
19;قابس;الحامة;المدرسة الإعدادية التقنية بالحامة;ثانوي;33.90598;9.71387
19;قابس;مارث;المدرسة الإعدادية التقنية بمارث;ثانوي;33.70663;10.26239
20;صفاقس 1;صفاقس الغربية;المدرسة الإعدادية التقنية العهد الجديد بصفاقس;ثانوي;34.74694;10.73996
20;صفاقس 1;صفاقس المدينة;المدرسة الإعدادية التقنية حي البساتين بصفاقس;ثانوي;34.74633;10.76417
20;صفاقس 1;المحرس;المدرسة الإعدادية التقنية بالمـحـرس;ثانوي;34.54394;10.54192
21;صفاقس 2;جبنيانة;المدرسة الإعدادية التقنية بجبنيـانـة;ثانوي;35.026089644711774;10.907707222015
22;المهدية;المهدية;المدرسة الإعدادية التقنية بالمهدية;ثانوي;35.510199;11.046944
22;المهدية;السواسي;المدرسة الإعدادية التقنية بالسـواسـي;ثانوي;35.3393958;10.5502261
22;المهدية;الجم;المدرسة الإعدادية التقنية بالـجــم;ثانوي;35.301188;10.711270
22;المهدية;الشابة;المدرسة الإعدادية التقنية بالـشابة;ثانوي;35.220587;11.110122
22;المهدية;قصور الساف;المدرسة الإعدادية التقنية بقصور الساف;ثانوي;35.410879;10.984869
23;القيروان;القيروان الجنوبية;المدرسة الإعدادية التقنية نهج فاس بالقيروان;ثانوي;35.6651805;10.0956385
23;القيروان;حفوز;المدرسة الإعدادية التقنية بحفــوز;ثانوي;35.6325677;9.6783085
23;القيروان;سيدي علي بن نصر الله;المدرسة الإعدادية التقنية بنصرالله;ثانوي;35.36074866638195;9.835864852792167
23;القيروان;سيدي عمر بوحجلة;المدرسة الإعدادية التقنية ببـوحجلـة;ثانوي;35.39356;10.05014
24;المنستير;المنستير;المدرسة الإعدادية التقنية بالمنستير;ثانوي;35.77500;10.82100
24;المنستير;قصيبة المديوني;المدرسة الإعدادية التقنية بقصيبة المديوني;ثانوي;35.68071;10.84136
24;المنستير;جمال;المدرسة الإعدادية التقنية القصاص بجمـال;ثانوي;35.62744;10.66246
24;المنستير;المكنين;المدرسة الإعدادية التقنية بالمكنين;ثانوي;35.54962;10.86877
24;المنستير;طبلبة;المدرسة الإعدادية التقنية بطبلبـة;ثانوي;35.64724;10.97223
24;المنستير;قصر هلال;المدرسة الإعدادية التقنية بقصر هلال;ثانوي;35.64155;10.89567
25;سوسة;سوسة الجوهرة;المدرسة الإعدادية التقنية بسوسة;ثانوي;35.82028;10.62340
25;سوسة;أكودة;المدرسة الإعدادية التقنية بأكودة;ثانوي;35.88715;10.57035
25;سوسة;القلعة الكبيرة;المدرسة الإعدادية التقنية بالقلعة الكبرى;ثانوي;35.86662;10.55241
25;سوسة;سيدي بوعلي;المدرسة الإعدادية التقنية بسيدي بوعلي;ثانوي;35.9543999;10.4749595
25;سوسة;مساكن;المدرسة الإعدادية التقنية بمساكن;ثانوي;35.72870;10.57300
25;سوسة;النفيضة;المدرسة الإعدادية التقنية بالنفيضة;ثانوي;36.13639;10.38444
26;نابل;نابل;المدرسة الإعدادية التقنية بنابل;ثانوي;36.4496198;10.7435487
26;نابل;بني خلاد;المدرسة الإعدادية التقنية ببني خلاد;ثانوي;36.6546046;10.5907967
26;نابل;منزل تميم;المدرسة الإعدادية التقنية بمنزل تميم;ثانوي;36.7782927;10.9874068
26;نابل;قليبية;المدرسة الإعدادية التقنية بقليبية;ثانوي;36.8427201;11.0992957
26;نابل;سليمان;المدرسة الإعدادية التقنية بسليمان;ثانوي;36.6949197;10.4845161
26;نابل;قرمبالية;المدرسة الإعدادية التقنية بقرمباليـة;ثانوي;36.5921468;10.5014046
