ع/ر  المندوبية;المندوبية الجهوية للتربية;المعتمدية;إسم المؤسّسة;نوع المؤسسة;العنوان
1;تونس 1;باب سويقة;م.إبت.خ للأخوات الزاوية البكرية;ابتدائي;05 نهج الزاوية البكرية 
1;تونس 1;باب سويقة;م.إبت.خ القلالين;ابتدائي;12 ساحة القلالين باب سويقة
1;تونس 1;الكرم;م.إبت.خ التكامل;ابتدائي;4 نـهج ابن النفيس الـكرم
1;تونس 1;المرسى;م.إبت.خ مدرستي;ابتدائي;13 شارع قرطاج المرسى
1;تونس 1;الخضراء;م.إبت.خ ماري كوري;ابتدائي;52 نهج النيجر مونبلزير تونس
1;تونس 1;تونس سيدي البشير;م.إبت.خ افاق;ابتدائي;37 نهج الشهيد البشير خصيبة منفلوري تونس
1;تونس 1;تونس باب بحر;م.إبت.خ 5 نهج الجزائر;ابتدائي;المدرسة الخاصة 5 نهج الجزائر تونس 
1;تونس 1;تونس المدينة;م.إبت.خ النجمة;ابتدائي;31 نهج القصبة 
1;تونس 1;تونس باب بحر;م.إبت.خ جان دارك 6 نهج انقولا;ابتدائي;6نهج انقولا
1;تونس 1;تونس باب بحر;م.إبت.خ بوعبدلي 8 نهج انقولا;ابتدائي;8 نهج ٱنقولا
1;تونس 1;الوردية;"المدرسة الابتدائية الخاصة ""ابن سينا""";ابتدائي;6نهج الكرنيش بالفي الوردية
1;تونس 1;الوردية;م.إبت.خ العباقرة;ابتدائي;17 نهج 13 أوت مونفلوري
1;تونس 1;الكرم;م.إبت.خ طرابلس الحرة;ابتدائي;4 نهج سقراط خير الدين البحيرة 3 المنطقة الصناعية بالكرم
1;تونس 1;الكرم;م.إبت.خ الطاهر الحداد حلق الوادي;ابتدائي;5 شارع محمد الخامس الكرم
1;تونس 1;المرسى;جون جوراس;ابتدائي;الأسقفية بسيدي الظريف
1;تونس 1;حلق الوادي;م.إبت.خ الدولية;ابتدائي;41 نهج ابن النفيس 
1;تونس 1;المرسى;م.إبت.خ اللغماني;ابتدائي;الأبرشية سيدي الظريف 
1;تونس 1;الكرم;م.إبت.خ مرموز حلق الوادي;ابتدائي;19 نهج سيناء الكرم الشرقي
1;تونس 1;الكرم;م.إبت.خ سقراط;ابتدائي;19 نهج سقراط المنطقة الصناعية خير الدين
1;تونس 1;حلق الوادي;م.إبت.خ النجوم الذهبية;ابتدائي;18  نهج المعامل المنطقة الصناعية خير الدين البحيرة 3
1;تونس 1;حلق الوادي;م.إبت.خ جيل النخبة;ابتدائي;54 نهج محمد الشيخ النيفر - حي الواحات- العوينة
1;تونس 1;الخضراء;بريتش اكاديمي;ابتدائي;شارع البيئة - البحيرة 1 - تونس
1;تونس 1;قرطاج;المدرسة الدولية بقرطاج;ابتدائي;نهج صدربعل حدائق قرطاج
1;تونس 1;قرطاج;م.ابت.خ لاجوكوند حدائق قرطاج;ابتدائي;إقامة المنزه 47 - 201 حدائق قرطاج 
1;تونس 1;حلق الوادي;les 12 compétences;ابتدائي;شارع الحنايا العوينة تونس
1;تونس 1;المرسى;"م.إبت.خ ""الدولية الفرنكو-بريطانية""";ابتدائي;66 نهج الذهب سيدي داود المرسئ 
1;تونس 1;المرسى;المدرسة الابتدائية الخاصةالأنقليزية الدولية;ابتدائي;3 مكرر طريق23 رولي قمرت المرسى
1;تونس 1;الخضراء;م.إبت.خ كنوبس الدولية;ابتدائي;نهج المعامل المنطقة الصناعية الشرقية 1
1;تونس 1;الكرم;م.إبت.خ أكسفورد;ابتدائي;36 36 نهج سقراط المنطقة الصناعية الكرم
1;تونس 1;حلق الوادي;م.إبت.خ السرفان;ابتدائي;عمارة السرفان ,13 نهج أفلاطون ,المنطقة الادارية , الكرم ,تونس
1;تونس 1;الخضراء;م.إبت.خ محجوب 2;ابتدائي;12 نهج الحامدية تونس
1;تونس 1;المرسى;م.إبت.خ جان جاك روسو;ابتدائي;1نهج واد سليانة المرسى
1;تونس 1;المرسى;م.إبت.خ الارتقاء;ابتدائي;02 نهج الرقي طريق قمرت المرسى
1;تونس 1;الكبارية;م.إبت.خ نجباء الغاب;ابتدائي;17 نهج أحمد مسكويه ابن سينا
1;تونس 1;الخضراء;م.إبت.خ جاك بريفار المرسى;ابتدائي;23 نهج بحيرة فكتوريا ضفاف البحيرة 1
1;تونس 1;المرسى;م.إبت.خ أميلكار;ابتدائي;05 شارع الاستقلال المرسى
1;تونس 1;الخضراء;م.إبت.خ محجوب 1;ابتدائي;32 نهج نيجر 
1;تونس 1;الكرم;م.إبت.خ الان سافاري;ابتدائي;اقامة الفاطمي عين زغوان
1;تونس 1;المرسى;م.إبت.خ طيبة للتعليم;ابتدائي;المنطقة الصناعيّة،سيدي داود،المرسى
1;تونس 1;الكرم;م.إبت.خ لقمان الحكيم;ابتدائي;المنطقة الصناعية خير الدين قبالة معرض الكرم الدولي
1;تونس 1;المرسى;م.إبت.خ ليوناردو دفنشي سكول المرسى;ابتدائي;1 مكرر نهج المعري المرسى
1;تونس 1;الخضراء;م.إبت.خ الكندية حي الخضراء;ابتدائي;1 نهج المعادن الشرقية 1 
1;تونس 1;حلق الوادي;م روني ديكارت ضفاف البحيرة 2;ابتدائي;شارع الفروة - تقسيم ليه بينس 
1;تونس 1;حلق الوادي;م.إبت.خ لاجوكوند ضفاف البحيرة;ابتدائي;حي الصنوبر البحيرة 2
1;تونس 1;الخضراء;م.إبت.خ البيان سكول المنزه;ابتدائي;01 نهج محمد البوعزيزي المنزه 4
1;تونس 1;حلق الوادي;م.إبت.خ الاكاديمية العوينة;ابتدائي; شارع خالد بن الوليد عين زغوان الشمالية
1;تونس 1;الخضراء;م.إبت.خ العش;ابتدائي;38 نهج سقراط المنطقة الإداريّة خير الدّين البحيرة 3
1;تونس 1;الكرم;م.إبت.خ جوهرة قرطاج;ابتدائي;تقاسيم عين زغوان الشمالية عدد 161  نهج ليبيا
1;تونس 1;المرسى;م.إبت.خ الفردوس;ابتدائي;16نهج ألمانيا طريق قمرت كلم 5 المرسى
1;تونس 1;الكرم;"م.إبت.خ ""Jules verne""";ابتدائي;32 نهج البساتين حدائق العوينة
1;تونس 1;المرسى;م.إبت.خ بوعبدلي;ابتدائي;جنان الدنيا سيدي داود المرسى
2;تونس 2;العمران;المواهب2;ابتدائي;5 نهج النجوم حي الرمانة العمران 
2;تونس 2;باردو;م.إبت.خ ابن سينا باردو;ابتدائي;10 نهج عبد الحميد التليلي
2;تونس 2;باردو;Marco polo م.إبت.خ;ابتدائي;134 نهح الحبيب بوقطفة باردو 2
2;تونس 2;الزهور;م.إبت.خ إميل زولا بشوشة;ابتدائي;157 شارع مصطفى خزندار الزهور
2;تونس 2;الحرايرية;م.إبت.خ نور المعرفة (السراج المنير);ابتدائي;حي بن يونس العقبة الحرايرية
2;تونس 2;سيدي حسين;م.إبت.خ طيور الجنة;ابتدائي;
2;تونس 2;باردو;م.إبت.خ kids magic world;ابتدائي;
2;تونس 2;باردو;م.إبت.خ la martine;ابتدائي;نهج أبن أبي طالب باردو
2;تونس 2;الحرايرية;م.إبت.خ كريستو;ابتدائي;92 مقسم البوسيجور العقبة.معتمدية الحرارية تونس
2;تونس 2;سيدي حسين;المدرسة الابتدائية الخاصة DR GENUIS ;ابتدائي;2شارع 18 جانفي 1952 سيدي حسين
2;تونس 2;الحرايرية;المدرسة الابتدائية الخاصة بحر العلوم الزهروني;ابتدائي;نهجي 42500 و 636 الزهروني
2;تونس 2;سيدي حسين;المدرسة الابتدائية الخاصة البيروني SCHOOL سيدي حسين;ابتدائي;تقاسيم ايناس سيدي حسين
2;تونس 2;الحرايرية;المدرسة الابتدائية الخاصة يحي SCHOOL الحرايرية;ابتدائي;عدد 01 و02نهج سوق السراجين حي الراشدية الحرايرية
2;تونس 2;سيدي حسين;م.ا.خ. My class school;ابتدائي;38 شارع الحبيب بورقيبة سيدي حسين
2;تونس 2;سيدي حسين;انوس الجديدة;ابتدائي;01 نهج المجر سيدي حسين السيجومي
2;تونس 2;سيدي حسين;دروب المعرفة;ابتدائي;
2;تونس 2;المنزه;م.إبت.خ شفرول;ابتدائي;9 نهج غرة جوان ميتيال فيل
2;تونس 2;باردو;م.إبت.خ المنارة;ابتدائي;9 شارع 2 مارس 1934 باردو 
2;تونس 2;الحرايرية;م.إبت.خ ريان سكول;ابتدائي;12 نهج سيدي سهيل الزهروني
2;تونس 2;الحرايرية;"م.إبت.خ ""Charles Perrault""";ابتدائي;87 تقسيم البوسالمي طريق المرناقية
2;تونس 2;باردو;م.إبت.خ الأسوة;ابتدائي;04 مكرر شارع الهادي شاكر
2;تونس 2;باردو;م.إبت.خ مؤسسة الحسومي;ابتدائي;113 نهج 20 مارس 
2;تونس 2;المنزه;م . إبت. خ LES ACROBATES;ابتدائي;78شارع الطاهر بن عمار المنزه 9 تونس
2;تونس 2;المنزه;المدرسة الابتدائية الخاصة ALICE PLUS ميتوال فيل;ابتدائي;83 شارع يوغرطة متوال فيل
2;تونس 2;المنزه;Flaubert international م.إبت.خ;ابتدائي;25 نهج طارق بن زياد موتيوال فيل
2;تونس 2;المنزه;م.إبت.خ حليم سكول;ابتدائي;نهج عبد الله بن عمر عدد10
2;تونس 2;المنزه;م.إبت.خ حنبعل;ابتدائي;47 نهج محمد عبد الوهاب المنار1
2;تونس 2;المنزه;م.إبت.خ شارلمان المنزه 4;ابتدائي;10 avenue 10 décembre el menzah 4 Tunis
2;تونس 2;باردو;م.إبت.خ سليم سكول باردو;ابتدائي;01 نهج سقلنس باردو
2;تونس 2;المنزه;م.إبت.خ مالك الصغير المنزه;ابتدائي;65 شارع عبد العزيز الثعالبي
2;تونس 2;العمران;م.إبت.خ ابن الهيثم;ابتدائي;المدرسة الابتدائية الخاصة ابن الهيثم
2;تونس 2;العمران;م.إبت.خ الإستراحة;ابتدائي;14نهج أحمد أمين العمران
2;تونس 2;الحرايرية;م.إبت.خ ابن نفيس;ابتدائي;نهج 42269 عدد 1 حي السلامة الزهروني
2;تونس 2;باردو;م.إبت.خ اكاديمية باردو;ابتدائي;01 نهج الطاهر الحداد باردو
2;تونس 2;المنزه;م.إبت.خ الشنوفي;ابتدائي;11 نهج يوغرطة ميتوال فيل
2;تونس 2;الحرايرية;م.إبت.خ ابن حزم;ابتدائي;10 نهج عبد الله الميساوي العقبة العليا
2;تونس 2;باردو;م.إبت.خ جان جاك روسو باردو;ابتدائي;7 نهج ليبيا باردو
2;تونس 2;الحرايرية;م.إبت.خ قيستار فلوبار;ابتدائي; 59ZONE INDUSTRIELLE AGBA 
2;تونس 2;العمران الأعلى;م.إبت.خ منار السبيل العمران الاعلى;ابتدائي;18 نهج 62126 حي بن خلدون العمران الاعلى تونس
2;تونس 2;المنزه;م.إبت.خ ارشيماد اكاديمي المنزه;ابتدائي;15 نهج الباشية بنت معاوية المنار 1
2;تونس 2;المنزه;م.إبت.خ النبغاء المنزه;ابتدائي;33 مكرر شارع الطاهر صفر المنار 2 المنزه 9 
2;تونس 2;باردو;م.إبت.خ البيان باردو;ابتدائي;11نهج منجي سليم باردو
2;تونس 2;باردو;م.إبت.خ الحكمة باردو;ابتدائي;47 شارع المنجي سليم باردو
2;تونس 2;باردو;م.إبت.خ LA TULIPE;ابتدائي;23 نهج رقادة
2;تونس 2;العمران;م.إبت.خ الاستراحة ب العمران;ابتدائي;42 نهج الحديقة العمران
2;تونس 2;المنزه;م.إبت.خ LE BAHUT SCHOOL;ابتدائي;
2;تونس 2;باردو;م.إبت.خ انوس;ابتدائي;02 نهج باش حامبة باردو
2;تونس 2;سيدي حسين;م.إبت.خ كنوز الغد;ابتدائي;119 شارع البيئة سيدي حسين
2;تونس 2;المنزه;م.إبت.خ ديدون;ابتدائي;31 المنار 3 
2;تونس 2;الحرايرية;م.إبت.خ النجاح;ابتدائي;245 شارع الحرايرية تونس 
2;تونس 2;العمران;م.إبت.خ الذكية;ابتدائي;08 نهج ايليا ابو ماضي العمران
2;تونس 2;المنزه;م.إبت.خ LARUS SCHOOL;ابتدائي;05 شارع امهات تونس المنار1
2;تونس 2;باردو;م.إبت.خ نور المشكاة;ابتدائي;طريق بنزرت كلم 3 شارع المنجي سليم النقرة 2009 
2;تونس 2;المنزه;م. ابت. خ المدرسة الفرتسية الدولية;ابتدائي;4 نهج المنزل الجميل
2;تونس 2;الزهور;م.إبت.خ سيرين سكول;ابتدائي;نهج 41948 عدد 36 الزهور 3 تونس
2;تونس 2;العمران الأعلى;"م.إبت.خ ""Palmares""";ابتدائي;24 نهج الزواكرة  حدائق المنزه01
2;تونس 2;العمران الأعلى;م.إبت.خ الشعلة;ابتدائي;06 نهج 62127 ىحي الصديق العمران الاعلى تونس
2;تونس 2;المنزه;المدرسة الابتدائية الخاصة THE TARGET SCHOOL المنار 3;ابتدائي;21 نهج مصباح الجربوعي المنار 3 تونس
2;تونس 2;باردو;"م.إبت.خ ""Emile Zola""";ابتدائي;شارع المنجي سليم قصر سعيد 2 باردو
2;تونس 2;باردو;م.إبت.خ المواهب;ابتدائي;نهج الأخوة خزندار باردو 
2;تونس 2;المنزه;م.إبت.خ قرطاج الكلاسيكية;ابتدائي;15نهج بن تيمية المنزه4
2;تونس 2;سيدي حسين;م.إبت.خ ادم سكول;ابتدائي;عدد3نهج البانيا سيدي حسين تونس
3;أريانة;أريانة;م.إبت.خ ينبوع المعرفة لفونتان;ابتدائي;المنزه السابع تقسيم القمودي عدد 4
3;أريانة;رواد;م.إبت.خ مسالك;ابتدائي;20 شارع افلاطون 2083حى الغزالة اريانة
3;أريانة;رواد;م.إبت.خ الأوديسة;ابتدائي;نهج السنبل عدد 07 تقسيم الحي الجديد حي الغزالة
3;أريانة;أريانة;م.إبت.خ دار الأسرة المنزه 6;ابتدائي;02 نهج المعهد منزه 6 
3;أريانة;أريانة;م.إبت.خ سنابل الأمل;ابتدائي;44 شارع الديمقراطية المنزه 5
3;أريانة;أريانة;م.إبت.خ المختار;ابتدائي;4شارع معاوية ابن أبي سفيان المنزه 8 أريانة 
3;أريانة;أريانة;م.إبت.خ سليم سكول النصر;ابتدائي;LE40 النصر اريانة
3;أريانة;أريانة;م.إبت.خ المعرفة;ابتدائي;19 نهج آلبانيا رياض النصر1
3;أريانة;سكرة;م.إبت.خ لاجوكندا التوأم;ابتدائي;إقامة الياس دار فضال سكرة
3;أريانة;أريانة;م.إبت.خ ابن سينا;ابتدائي;20 نهج صور المنزه 8
3;أريانة;أريانة;م.إبت.خ ريني ديكارت;ابتدائي;شارع جاكارند النصر 2
3;أريانة;أريانة;م.إبت.خ زهرة الربيع;ابتدائي;2 نهج يوسف صاحب الطابع المنزه 7
3;أريانة;رواد;م.إبت.خ المدرسة;ابتدائي;55 شارع فتحي زهير النخيلات أريانة 
3;أريانة;المنيهلة;م.إبت.خ سمارت سكول الذكية;ابتدائي;حدائق المنزه2
3;أريانة;أريانة;م.إبت.خ منديال سكول اريانة;ابتدائي;8 نهج الكاهنة اريانة جديد 
3;أريانة;المنيهلة;م.إبت.خ الفرابي المنيهلة;ابتدائي;طريق بنزرت كم 9 صنهاجي المنيهلة 
3;أريانة;أريانة;م.إبت.خ اريان سكول اريانة;ابتدائي;12 نهج بلحسين جراد أريانة
3;أريانة;أريانة;م.إبت.خ école la rousse;ابتدائي;31 نهج منزل بورقيبة برج البكوش 
3;أريانة;أريانة;م.إبت.خ العباسي سكول اريانة;ابتدائي;11 نهج التوت رياض الاندلس
3;أريانة;أريانة;م.إبت.خ بودلار اريانة;ابتدائي;20نهج المنجي سليم المنزه الخامس
3;أريانة;سكرة;م.إبت.خ الطريقي اريانة;ابتدائي;24 نهج المسعودي 
3;أريانة;سكرة;م.إبت.خ نوبل سكول برج الوزير;ابتدائي;8نهج باريس برج الوزير اريانة
3;أريانة;رواد;م.إبت.خ الافق الجديد رواد;ابتدائي;34 نهج عمار الدخلاوي - حي الغزالة
3;أريانة;رواد;م.إبت.خ la misty school;ابتدائي;04 شارع الأهرام حي الغزالة أريانة 
3;أريانة;رواد;م.إبت.خ عليسة سكول رواد;ابتدائي;16 نهج فولتار حي الغزالة 
3;أريانة;رواد;م.إبت.خ امال سكرة;ابتدائي;26 نهج منداس فرنس شطرانة 2  أريانة
3;أريانة;رواد;م.إبت.خ الكندي سكرة;ابتدائي;مقطع 13 و 14 المنطقة الصناعية شطرانة أريانة
3;أريانة;المنيهلة;م.إبت.خ سليمة سكول اريانة;ابتدائي;أرض بن رحومة حدائق المنزه 
3;أريانة;رواد;م.إبت.خ موليير MOLIERE;ابتدائي;1 زنقة النجاح النخيلات حي الغزالة 
3;أريانة;سكرة;م.إبت.خ LE PETIT ROBERT;ابتدائي;برج الوزير سكرة 
3;أريانة;سكرة;م.إبت.خ فريناي;ابتدائي;7 نهج سوريا دار فضال
3;أريانة;أريانة;م.إبت.خecole george sand;ابتدائي;حي اليمامة نهج الشحرور عدد1 النصر2
3;أريانة;أريانة;م.إبت.خ paradise school;ابتدائي;3 نهج المهدية المنزه 5
3;أريانة;سكرة;م.إبت.خ ابن زهر;ابتدائي;9 شارع دار فضال سكرة
3;أريانة;أريانة;م.إبت.خ tanit school;ابتدائي;67 نهج ابن خلدون رياض الاندلس أريانة
3;أريانة;أريانة;م.إبت.خ palmares;ابتدائي;5 مكرر نهج الإمام ابن عرفة - المنزه 8
3;أريانة;أريانة;م.إبت.خ جون مرموز;ابتدائي;شارع مصطفى حجيج اريانة 
3;أريانة;أريانة;م.إبت.خ la chandelle;ابتدائي;5  نهج عبد الرزاق كرباكة  المنزه 5 
3;أريانة;المنيهلة;م.إبت.خ ايوب سكول;ابتدائي;تقسيم والي كلم 6.5 طريق بنزرت المنيهلة
3;أريانة;قلعة الأندلس;م.إبت.خ فرسان الاندلس;ابتدائي;شارع الصادق بالحاج قلعة الاندلس 
3;أريانة;رواد;م.إبت. خ نخبة الياسمين;ابتدائي;نهج الانصار  حي الغزالة  
3;أريانة;سكرة;"م.إبت.خ ""Niels Bohr""";ابتدائي;20 مكرر نهج الدهماني حي الهادي نويرة 
3;أريانة;رواد;م.إبت.خ الإسكندر;ابتدائي;شارع فتحي زهير النخيلات أريانة 
3;أريانة;رواد;م.إبت.خ الأنوار;ابتدائي;3 نهج جزر القمور أريانة الشمالية
3;أريانة;سكرة;م.إبت.خ أكادمية قرطاج;ابتدائي;11 نهج سناء الملك سكرة 
3;أريانة;سكرة;م.ابت.خ تاك آب سكول;ابتدائي;8 نهج نيوتن مقسم عدد 6 شطرانة 2 
3;أريانة;سكرة;م.إبت.خ نيوتن سكول;ابتدائي;12 نهج جون كينس شطرانة 2
3;أريانة;سكرة;م.ابت.خ جون راسين;ابتدائي;9 نهج محمد الهادي العامري المنزه 7
3;أريانة;قلعة الأندلس;م.ابت.خ مدرستنا قلعة الاندلس ;ابتدائي;حي المروج قلعة الاندلس
3;أريانة;رواد;م, إبيت خ LA SCUOLA DI SOKRATES;ابتدائي;7 نهج ملوش حي شاكر 
3;أريانة;المنيهلة; م.ابت.خ طاليس سكول;ابتدائي;طريق بنزرت كم6 المنيهلة أريانة 
3;أريانة;حي التضامن;م.ابت.خ اقرا و ارتقي;ابتدائي;نهج بني خيار عدد18التضامن 
3;أريانة;سكرة;م.ابت.خ الفوز الدولية بسكرة;ابتدائي;تونس شطرانة 03 نهج المسعودي
3;أريانة;رواد;م.ابت.خ ميشال فوكو;ابتدائي;اريانة الصغرى شطرانة 2
3;أريانة;المنيهلة;م.ابت.خ النخبة الدولية;ابتدائي;شارع الفل حدائق المنزه 2
3;أريانة;سكرة;م.إبت.خ البريطانية الدولية بتونس;ابتدائي;نهج المنتزه سكرة عدد49
3;أريانة;سكرة;م.ابت.خ Honoré de Balzac ;ابتدائي;شارع الشيخ محمد النيفر عدد 217  سكرة 2036
3;أريانة;سكرة;م.الابتدائية الخاصة الزهر برج الوزير;ابتدائي;1نهج السوق حي الهادي نويرة
3;أريانة;قلعة الأندلس;م.الابتدائية الخاصة  مرام سكول;ابتدائي;طريق اوتيك
3;أريانة;أريانة;سمايلي سكول ;ابتدائي;4نهج بئر الرضوان النصر2
3;أريانة;المنيهلة;م.ابت.خ خزندار;ابتدائي;نهج جيزال حليمي عدد3 حي النّصر 2
4;منوبة;منوبة;م.إبت.خ ابن الجزار;ابتدائي;01 نهج ابن الجزار- منوبة
4;منوبة;منوبة;م.إبت.خ خزندار;ابتدائي;نهج البساتين الدندان
4;منوبة;منوبة;م.إبت.خ ابن رشد;ابتدائي;03 نهج القادسية منوبة 
4;منوبة;واد الليل;م.إبت.خ الرؤى;ابتدائي;شارع الحدائق وادي اللّيل
4;منوبة;منوبة;م.إبت.خ النبراس;ابتدائي;اقامة عزيز طريق الكلية منوبة
4;منوبة;منوبة;م.إبت.خ الرياحي;ابتدائي;30 شارع الحبيب بورقيبة
4;منوبة;منوبة;م.إبت.خ الفردوس منوبة;ابتدائي;12شارع البيئة منوبة
4;منوبة;واد الليل;م.إبت.خ المرايا;ابتدائي;طريق الشنوة 
4;منوبة;المرناقية;م.إبت.خ حمدي سكول;ابتدائي;حي الرياض المرناقية
4;منوبة;منوبة;م.إبت.خ ايفيرست;ابتدائي;63 شارع البرتقال منوبة
4;منوبة;المرناقية;م.إبت.خ ابن رشيق;ابتدائي; كلم 1 طريق 20 مارس قبالة مركز البريد شارع بورقيبة المرناقية
4;منوبة;الجديدة;م.إبت.خ الافق الجميل;ابتدائي;الطريق الوطنية عدد9 قبالة الملعب البلدي
4;منوبة;الجديدة;م.إبت.خ المعرفة;ابتدائي;طريق البطان 
4;منوبة;منوبة;م.إبت.خ شركة ابن رشد;ابتدائي;02 نهج بلجيكا منوبة
4;منوبة;منوبة;م.إبت.خ النخبة;ابتدائي;حي الامل الدندان
4;منوبة;المرناقية;م.إبت.خ أكاديمية التميز;ابتدائي;نهج البيئة 1110 المرناقية 
4;منوبة;واد الليل;م.إبت.خ لاجوكوند سكول;ابتدائي;90 شارع الاستقلال شباو 
4;منوبة;منوبة;م.إبت.خ بيرم التونسي;ابتدائي;01 نهج المنجي سليم الدندان
4;منوبة;الجديدة;م.إبت.خ الفرابي;ابتدائي;طريق البطان السواسي
4;منوبة;منوبة;م.إبت.خ صدربعل سكول;ابتدائي;شارع ابن أبي ضياف
4;منوبة;منوبة;م.إبت.خ أنّوس;ابتدائي;56 نهج قصر سعيد الدندان 
4;منوبة;الجديدة;م.إبت.خ الامتياز;ابتدائي;حي النجاة 2 الجديدة 
4;منوبة;منوبة;بيتاغور;ابتدائي;الطريق الوطنية عدد7 طريق ماطر بجانب مصنع الدواء
4;منوبة;منوبة;المدرسة الابتدائية الخاصة شكسبير;ابتدائي;نهج الاردن، حي البرتقال ، منوبة
5;بن عروس;مقرين;م.إبت.خ الفوز مقرين;ابتدائي;3 نهج علي باش حانبه  مقرين
5;بن عروس;رادس;م.إبت.خ منجيل سكول;ابتدائي;1 نهج الباكستان رادس
5;بن عروس;مقرين;م.إبت.خ الحمائم الثلاث مقرين;ابتدائي;الطريق الحزامية عبر طريق Z4
5;بن عروس;مقرين;م.إبت.خ أولادي;ابتدائي;5 شارع الجمهورية مقرين
5;بن عروس;الزهراء;م.إبت.خ سليمة;ابتدائي;الطّريق الوطنيّة رقم1 كم 12.7 حيّ الحبيب الزّهراء
5;بن عروس;حمام الشط;م.إبت.خ أكاديمية روسو;ابتدائي;18نهج موريتانيا  طاهر صفر 
5;بن عروس;المروج;م.إبت.خ لميس سكول;ابتدائي;نهج مكة المكرمة المروج 3 
5;بن عروس;المروج;م.إبت.خ البراعم;ابتدائي;04نهج لشبونة المروج4
5;بن عروس;الزهراء;م.إبت.خ رحاب التربية;ابتدائي;حي 18 جانفي الزهراء 
5;بن عروس;بومهل البساتين;م.إبت.خ الطالب;ابتدائي;2 نهج ايطاليا حي الأمان بومهل البساتين 2097
5;بن عروس;الزهراء;م.إبت.خ طريق المعرفة;ابتدائي;57 نهج النزهة حي الحبيب الزهراء
5;بن عروس;حمام الشط;م.إبت.خ ساكورا سكول;ابتدائي;03 نهح لبنان حمام الشط
5;بن عروس;المروج;م.إبت.خ لاجوكندة;ابتدائي;نهج ابن منظور المروج 1
5;بن عروس;المدينة الجديدة;م.إبت.خ زهرة المدائن;ابتدائي;نهج بنزرت عدد 3 المدينة الجديدة 3 بن عروس
5;بن عروس;حمام الأنف;م.إبت.خ HMC مونتيسوري للتربية و التكوين;ابتدائي;Rue de Gabes HAMMAM-LIF
5;بن عروس;فوشانة;م.إبت.خ فوشانة la fontaine school;ابتدائي;حي الهضاب فوشانة بن عروس
5;بن عروس;مقرين;م.إبت.خ le prévert;ابتدائي;29 نهج ابن خلدون - مقرين
5;بن عروس;المحمدية;م.إبت.خ الاحسان المحمدية;ابتدائي;شارع الحرية فوشانة
5;بن عروس;فوشانة;م.إبت.خ حبيبة سكول حي الهضاب فوشانة;ابتدائي;حي الهضاب  فوشانة
5;بن عروس;الزهراء;م.إبت.خ اقرا الزهراء;ابتدائي;تقسيم أ ف هاش بن عامر الوليجة الزهراء
5;بن عروس;بومهل البساتين;م.إبت.خ الذكية intelligent private school;ابتدائي;شارع بومهل البساتين قبالة معمل نظيف
5;بن عروس;رادس;م.إبت.خ ماكسولا سكول رادس;ابتدائي;8 ساحة الجمهورية رادس امام مقر البلدية 
5;بن عروس;رادس;م.إبت.خ تنوير رادس;ابتدائي;86 شارع فرحات حشاد رادس
5;بن عروس;مرناق;م.إبت.خ انس سكول مرناق;ابتدائي;حي المزيان 2
5;بن عروس;رادس;م.إبت.خ تنيجر كيدس رادس;ابتدائي;الوليجة طريق الزهراء رادس
5;بن عروس;بومهل البساتين;م.إبت.خ النخبة بومهل;ابتدائي;03 شط الجريد
5;بن عروس;المروج;م.إبت.خ جان جاك روسو المروج 6;ابتدائي;تقسيم المروج السادس عدد585
5;بن عروس;المدينة الجديدة;م.إبت.خ ALBBERT CAMUSالباركامي المدينة الجديدة 1;ابتدائي;30 نهج الفوز
5;بن عروس;رادس;م.إبت.خ اكسال سكول رادس مليان;ابتدائي;نهج تونس تقسبم الصباح 
5;بن عروس;رادس;م.إبت.خ رادس العماد رادس le pilier;ابتدائي;نهج رابغ طريق الزهراء رادس
5;بن عروس;المدينة الجديدة;م.إبت.خ النخبة المدينة الجديدة 1;ابتدائي;49 نهج عاصمة الجزائر المدينة الجديدة 3
5;بن عروس;حمام الأنف;م.إبت.خ النور;ابتدائي;7 نهج ليبيا حمام الانف 
5;بن عروس;المدينة الجديدة;م.إبت.خ عفيف سكول;ابتدائي;146 نهج احمد شوقي المدينة الجديدة3
5;بن عروس;المدينة الجديدة;م.إبت.خ جنان النجاح;ابتدائي;نهج تونس عدد 33 المدينة الجديدة
5;بن عروس;المروج;م.إبت.خ بيار لاروس;ابتدائي;تقسيم AFH  المروج 6
5;بن عروس;المروج;م.إبت.خ كريمان سكول;ابتدائي;36 شارع فرنسا المروج 4
5;بن عروس;مرناق;م.إبت.خ بية سكول;ابتدائي;شارع البيئة تقسيم البريكي مرناق 
5;بن عروس;المروج;م.إبت.خ سكولينق تاج;ابتدائي;نهج سيدي بن عروس
5;بن عروس;المحمدية;م.إبت.خ ابن خلدون;ابتدائي;شارع 14 جانفي المحمدية
5;بن عروس;المروج;م.إبت.خ منارة المروج;ابتدائي;مقسم عدد61ث61 المروج6
5;بن عروس;المروج;م.إبت.خ الافق;ابتدائي;24 شارع روما
5;بن عروس;الزهراء;م.إبت.خ الكافي سكول;ابتدائي;شارع 02مارس1934 حي الحبيب الزهراء
5;بن عروس;المدينة الجديدة;براعم زهرة المدائن;ابتدائي;6 شارع 14 جانفي المدينة الجديدة
5;بن عروس;رادس;م.إبت.خ دافنشي سمارت اكاديمي;ابتدائي;06 نهج منزل عبد الرحمان  رادس مليان 2
5;بن عروس;بومهل البساتين;م.إبت.خ AZ SCHOOL;ابتدائي;9 نهج إلياس بومهل 
5;بن عروس;المروج;م.إبت.خ مايا سكول;ابتدائي;مقسم 383 المروج 6 بن عروس
5;بن عروس;حمام الأنف;م.إبت.خ بي سكول;ابتدائي;32 نهج شارل نيكول حمام الأنف
5;بن عروس;المروج;م.إبت.خ الأندلس;ابتدائي;16 شارع 20 مارس المروج 5
5;بن عروس;المروج;م.إبت.خ مدينة الاطفال;ابتدائي;4 نهج ام العرايس 
5;بن عروس;المحمدية;م.إبت.خ ذوادي سكول;ابتدائي; نهج زبير بن العوام حي حشاد المحمدية 
5;بن عروس;رادس;م.إبت.خ النخب;ابتدائي;7نهج الحبيب ثامر
5;بن عروس;مقرين;م.إبت.خ ارشيماد;ابتدائي;26 نهج المدرسة سيدي رزيق
5;بن عروس;المروج;م.إبت.خ بي سمارت;ابتدائي;المروج 6
5;بن عروس;المحمدية;م.إبت.خ مدرستي;ابتدائي;نهج المعهد حي الرياض المحمدية
5;بن عروس;المروج;م.إبت.خ سليم الخاصة;ابتدائي;المروج 6  تقسيم     (        AFH  ) E 63        
5;بن عروس;بن عروس;م.إبت.خ كيدس فالي سكول;ابتدائي;زاوبة 14 جانفي بن عروس
5;بن عروس;الزهراء;المدرسة الكندية قاليلو قاليلي ;ابتدائي;Gp1 Km13 Ezzahra
5;بن عروس;حمام الشط;م.إبت.خ أنجل سكول;ابتدائي;5 نهج صبرا   و شتيلا حي الأنس حمام الشط 
5;بن عروس;فوشانة;م.إبت.خ أسد بن الفرات;ابتدائي;24  شارع العلماء حي الهضاب 2فوشانة بن عروس
5;بن عروس;مقرين;م.إبت.خ القلم;ابتدائي;23 شارع الجمهورية
5;بن عروس;فوشانة;المدرسة الابتدائية الخاصة ماي سمارت سكول فوشانة;ابتدائي;ارض الامام  فوشانة
5;بن عروس;الزهراء;المجمع المدرسي ماجلان الزهراء;ابتدائي;35 نهج 20 مارس الزهراء
5;بن عروس;المروج;م.إبت.خ البوسليمي سكول المروج;ابتدائي;1 شارع روما المروج الرابع 
5;بن عروس;حمام الأنف;م.إبت.خ  النون سكول حمام الأنف;ابتدائي;18 نهج نابل حي محمد علي حمام الأنف
5;بن عروس;المدينة الجديدة;م.إبت.خ  ستي براين سكول المدينة الجديدة;ابتدائي;02 نهج البهجة المدينة الجديدة
5;بن عروس;مقرين;م.ابت.خ فينيكس Phénix سكول مقرين;ابتدائي;22 نهج فتحي الزليتني مقرين
5;بن عروس;فوشانة;م.إبت.خ نعمون  سكول فوشانة;ابتدائي;شارع الحرية فوشانة
5;بن عروس;المدينة الجديدة;م.إبت.خ المجمع التعليمي بن سعيد المدينة الجديدة 3;ابتدائي;01 نهج تونس المدينة الجديدة 3
5;بن عروس;المحمدية;م.إبت.خ إديال سكول المحمدية;ابتدائي;حي النزهة شارع الحرية المحمدية 
5;بن عروس;المدينة الجديدة;م.إبت.خ تانيت سكول المدينة الجديدة 3;ابتدائي;شارع فيصل عبد العزيز 305
5;بن عروس;مرناق;م.إبت.خ Edu Kids  حي الكروم مرناق;ابتدائي;9 نهج النرجس حي الكروم مرناق
5;بن عروس;مرناق;م.إبت.خ الطيار سبالة مرناق ;ابتدائي;35 نهج المتوسط   مرناق
5;بن عروس;مقرين;م.ايت.خ أ م ج سكول مقرين;ابتدائي;الطريق الوطنية عدد1 كلم 6 مقرين
5;بن عروس;مرناق;م.إبت.خ حنين ناجية سكول مرناق;ابتدائي;نهج محمود بورقيبة مرناق 
6;زغوان;الناظور;م.إبت.خ نور العلم;ابتدائي;نهج المكتبة العمومية الناظور
6;زغوان;زغوان;م.إبت.خ البخاري;ابتدائي;حي العرائس زغوان
6;زغوان;زغوان;م.إبت.خ نسرين سكول زغوان;ابتدائي;شارع الأرض    -  1100 زغوان
6;زغوان;زغوان;م.إبت.خ عليسة زغوان;ابتدائي; حي المنزه طريق الملعب  زغوان 1100
6;زغوان;الفحص;م.إبت.خ سماح سكول;ابتدائي;نهج جمال عبد الناصر الناظور
6;زغوان;الفحص;م.إبت.خ المستقبل;ابتدائي;20 نهج الطيب المهيري حي السعادة الفحص
6;زغوان;الفحص;م.إبت.خ حنبعل اكاديمي;ابتدائي;نهج صلاح الدين بوشوشة الفحص
6;زغوان;زغوان;م.إبت.خ البخاري سكول 2;ابتدائي;طريق جيملة  زغوان
6;زغوان;الزريبة;م.إبت.خ علمني سكول;ابتدائي;مدرسة علمني شارع الحبيب بورقيبة
6;زغوان;الفحص;م.إبت.خ الزهراء;ابتدائي;نهج أبو القاسم الشابي الفحص
6;زغوان;الفحص;م.إبت.خ الوفاق;ابتدائي;طريق سليانة الدراوشة الفحص
6;زغوان;الناظور;المدرسة الابتدائية الخاصة آفاق الغد زغوان;ابتدائي;شارع الحبيب بورقيبة الناظور
6;زغوان;زغوان;م.انت.خ. منال سكول;ابتدائي;نهج الياسمين
6;زغوان;الناظور;م. ابت.خ. الإمتياز;ابتدائي;نهج المنستير
6;زغوان;الزريبة;م.انت.خ. النخبة;ابتدائي;نهج دجلة
6;زغوان;زغوان;م.انت.خ. الين كيدز;ابتدائي;    شارع الحرية الحي الصناعي
7;بنزرت;بنزرت الشمالية;م.إبت.خ  الاخوات بنزرت;ابتدائي;120 شارع الحبيب بورقيبة - بنزرت
7;بنزرت;منزل بورقيبة;م.إبت.خ الاخوات منزل بورقيبة;ابتدائي;نهج ابن ابي ضياف 7050 منزل بورقيبة
7;بنزرت;بنزرت الشمالية;م.إبت.خ المشعل;ابتدائي;طريق النّاظور وادي المرج
7;بنزرت;منزل بورقيبة;م.إبت.خ الكواكب;ابتدائي;نهج الفل منول بورقيبة
7;بنزرت;بنزرت الشمالية;م.إبت.خ الكندي;ابتدائي;حي عين مريم شارع الإمام مالك عدد 12 بنزرت
7;بنزرت;بنزرت الشمالية;م.إبت.خ النخبة;ابتدائي;طريق عين مريم بنزرت
7;بنزرت;بنزرت الشمالية;م.إبت.خ ابن خلدون بنزرت;ابتدائي;  7 نهج  الشمال
7;بنزرت;منزل بورقيبة;م.إبت.خ الفاتح منزل بورقيبة;ابتدائي;شارع الاستقلال منزل بورقيبة 
7;بنزرت;منزل بورقيبة;م.إبت.خ خزندار منزل بورقيبة;ابتدائي;نهج رمادة منزل بورقيبة
7;بنزرت;رأس الجبل;م.إبت.خ المجد راس الجبل;ابتدائي;شارع البيئة راس الجبل
7;بنزرت;جرزونة;م.إبت.خ العباقلرة;ابتدائي;حي الباشية GP08  طريق منزل جميل بنزرت
7;بنزرت;منزل جميل;م.إبت.خ الطفل الذهبي;ابتدائي;نهج اليونان الحدادية 
7;بنزرت;رأس الجبل;م.إبت.خ اكاديمية ابن رشد;ابتدائي;نهج طارق ابن زياد 
7;بنزرت;بنزرت الشمالية;م.إبت.خ النور;ابتدائي;بنزرت
7;بنزرت;ماطر;م.إبت.خ عليسة للمتفوقين;ابتدائي;شارع الصادق العجابي  
7;بنزرت;ماطر;م.إبت.خ المعرفة;ابتدائي;حي المستقبل طريق طبرقة-ماطر
7;بنزرت;تينجة;م.إبت.خ الفرابي;ابتدائي;نهج سبيطلة تينجة 
7;بنزرت;العالية;م.إبت.خ الجيل الرائد;ابتدائي;شارع المدينة المنورة 
7;بنزرت;بنزرت الشمالية;م.إبت.خ الفوز;ابتدائي;حي الطيران 7000 بنزرت المدينة
7;بنزرت;منزل جميل;م.إبت.خ المورد;ابتدائي;02 حي النزهة
7;بنزرت;منزل بورقيبة;م.إبت.خ ابن خلدون;ابتدائي;زاوية شارع فرحات حشاد 
7;بنزرت;بنزرت الشمالية;م.إبت.خ وسيلة الابداع;ابتدائي;شارع 14 جانفي عدد 196 بنزرت 
7;بنزرت;العالية;م.إبت.خ الامتياز العالية;ابتدائي;شارع الحبيب بورقيبة طريق بنزرت
7;بنزرت;منزل جميل;م.إبت.خ الانجاز;ابتدائي;الرمال منزل جميل
7;بنزرت;بنزرت الشمالية;م.إبت.خ الامتياز مؤسسة المشيرقي;ابتدائي;حي الصحة نهج خليل الفوشالي ببنزرت
7;بنزرت;بنزرت الشمالية;م.إبت.خ النابغة;ابتدائي;466 نهج بيرم التونسي  حي عين مريم - البحيرة بنزرت 7053
7;بنزرت;بنزرت الشمالية;م.إبت.خ الحكمة;ابتدائي;نهج الامان 2 المصيدة بنزرت
7;بنزرت;جرزونة;"م.إبت.خ ""The Perfect Kids""";ابتدائي;83 حي الرجاء 1 جرزونة بنزرت
7;بنزرت;بنزرت الشمالية;م.إبت.خ الريان;ابتدائي;طريق الكرنيش تقسيم النمري
7;بنزرت;بنزرت الشمالية;م.إبت.خ فضاء الإمتياز;ابتدائي;شارع خليل الفوشالي حي الصحة بنزرت
7;بنزرت;منزل بورقيبة;م.إبت.خ قرطاج التأسيس;ابتدائي;نهج تازركة   منزل بورقيبة
7;بنزرت;سجنان;م.إبت.خ قرطاجنة;ابتدائي;سجنان 7010
7;بنزرت;منزل بورقيبة;م.إبت.خ خزندار 2;ابتدائي;نهج باجة منزل بورقيبة
7;بنزرت;بنزرت الشمالية;م.إبت.خ الإباء;ابتدائي;واد هراقة، حي الهناء بنزرت
7;بنزرت;أوتيك;م.إبت.خ الرشاد;ابتدائي;اوتيك
7;بنزرت;منزل بورقيبة;"م.إبت.خ ""المفاز""";ابتدائي;نهح تزركة منزل بورقيبة
7;بنزرت;تينجة;"م.إبت.خ ""افاق""";ابتدائي;نهج المنجي بالي طريق قنقلة
7;بنزرت;بنزرت الشمالية;م.ابت خ ابن رشيق;ابتدائي;عـــ17ـــدد نهج المغرب بنزرت
7;بنزرت;العالية;م.إبت.خ الإنصاف;ابتدائي;نهج السودان حي محمد كسكس
7;بنزرت;غار الملح;"م.إبت.خ ""الصفوة عوسجة""";ابتدائي;نهج البساتين عوسجة
7;بنزرت;منزل جميل;"م.إبت.خ ""المشكاة "" بمنزل جميل";ابتدائي;شارع فلسطين زقاق طويلة منزل عبد الرحمان
7;بنزرت;بنزرت الشمالية;"م.إبت.خ ""الزارعون"" ببنزرت الشمالية";ابتدائي;142طريق الكرنيش بنزرت
7;بنزرت;بنزرت الشمالية;"م.إبت.خ ""أحب التعلم"" ببنزرت الشمالية";ابتدائي;نهج الأندلس عدد21  تقسيم دغمان الكرنيش
7;بنزرت;ماطر;"م.إبت.خ ""بالماراس"" بماطر Palmares";ابتدائي;31 حيّ الأندلس
7;بنزرت;منزل بورقيبة;م ,ابت خ الفاتح 2;ابتدائي;حي الاطباء بجانب نهج علي بنغذاهم
7;بنزرت;منزل بورقيبة;بيتاقو سكول;ابتدائي;6 نهج الطيب المهيري 
8;باجة;باجة الجنوبية;م.إبت.خ ماي سكول;ابتدائي;نهج 13 أوت 
8;باجة;باجة الجنوبية;م.إبت.خ اميلكار باجة;ابتدائي;حي الألفة شارع أميلكار باجة
8;باجة;باجة الجنوبية;م.إبت.خ زينة الدنيا باجة الجنوبية;ابتدائي;57 شارع الجمهورية 
8;باجة;مجاز الباب;م.إبت.خ اجيال المنارة;ابتدائي;تقسيم الزهرات العجامة
8;باجة;باجة الجنوبية;م.إبت.خ قرطاج;ابتدائي;شارع ابو القاسم الشابي باجة الجنوبية
8;باجة;قبلاط;م.إبت.خ الأنوار;ابتدائي;حي السنابل2 قبلاط
8;باجة;باجة الشمالية;م.ابت.خ الامتياز;ابتدائي;شارع 18 جانفي حي السكر
8;باجة;نفزة;منارة المليكة;ابتدائي;حي المنظر الجميل
9;جندوبة;جندوبة الجنوبية;م.إبت.خ فولتار;ابتدائي;1 نهج زغوان حي النخيل 3 جندوبة
9;جندوبة;بوسالم;م.إبت.خ خالد بن الوليد بوسالم;ابتدائي;نهج خالد بن الوليد حي المستشفى بوسالم 
9;جندوبة;جندوبة الجنوبية;م.إبت.خ  الخوارزمي سكول ج, الجنوبية;ابتدائي;نهج عبد الحكيم العيادي حي الحدائق جندوبة
9;جندوبة;جندوبة الجنوبية;م.إبت.خ لي جيني  ج, الجنوبية;ابتدائي;نهج أبو لبابة الأنصاري حي الرماة الفائز جندوبة
9;جندوبة;غار دماء;م.إبت.خ باسكال سكول;ابتدائي;نهج عمار السديري غار الدماء
9;جندوبة;بوسالم;م.إبت.خ جهينة اكاديمي;ابتدائي;مدخل حي الهادي خليل بوسالم
9;جندوبة;طبرقة;م.إبت.خ الامتياز;ابتدائي;حي الكرنيش طبرقة 
9;جندوبة;جندوبة الجنوبية;م. إبت.خ الأمان جندوبة;ابتدائي;10نهج تونس
9;جندوبة;جندوبة الجنوبية;م. ابت.خ العبسي سكول;ابتدائي;نهج المغرب العربي ظربف معمل الآجر  جنذوبة
9;جندوبة;جندوبة الجنوبية;م.ابت.خ موليار ;ابتدائي;حي النخيل 02 جندوبة
9;جندوبة;غار دماء;م.ابت.خ النخبة;ابتدائي;حي السعادة
9;جندوبة;بوسالم;م.ابت.خ فلامنقو سكول;ابتدائي;طريق تيبار بوسالم 8170
10;سليانة;سليانة الشمالية;م.إبت.خ قوس قزح سليانة;ابتدائي;شارع الحبيب بورقيبة سليانة
10;سليانة;سليانة الشمالية;م.إبت.خ النخبة سكول ELITE SCHOOL;ابتدائي;حي الرياض الاول طريق مكثر سليانة
10;سليانة;مكثر;م.إبت.خ ابن سينا 2;ابتدائي;حي الأنس 1 مكثر
10;سليانة;مكثر;م.إبت.خ امتي;ابتدائي;حي السكارنة قبالة معهد فرحات حشاد- مكثر
10;سليانة;سليانة الشمالية;"""CHÂTEAU BRILLONT"" م.إبت.خ";ابتدائي;شارع المغرب العربي حي حشاد سليانة الجنوبية
10;سليانة;مكثر;م.إبت.خ مملكتي;ابتدائي;قصر اللوح مكثر
10;سليانة;سليانة الجنوبية;م.إبت.خ شركة هارموني;ابتدائي;حي المعهد سليانة
11;الكاف;الكاف الشرقية;م.إبت.خ ابن سينا;ابتدائي;03 نهج سد وادي ملاق حي الزيتونة
11;الكاف;تاجروين;م.إبت.خ الامتياز;ابتدائي;حي الحرية الجبابلية 
11;الكاف;الكاف الغربية;م.إبت.خ الابداع;ابتدائي;طريق الدهماني كم1 الكاف
12;القصرين;القصرين الشمالية;م.إبت.خ الروابي;ابتدائي;الحي الأولمبي القصرين
12;القصرين;القصرين الشمالية;م.إبت.خ ابن سينا;ابتدائي;المدرسة الابتدائية الخاصة ابن سينا القصرين
12;القصرين;القصرين الشمالية;م.إبت.خ الدولاب;ابتدائي;شارع14جانفي2011 
12;القصرين;سبيطلة;م.إبت.خ بسبيطلة;ابتدائي;حي المعهد نهج بيروت سبيطلة
12;القصرين;تالة;م.إبت.خ الامير الصغير;ابتدائي;حي المعهد تالة 
12;القصرين;فريانة;م.إبت.خ الفوز;ابتدائي;شارع سيدي يونس السوق فريانة
12;القصرين;فوسانة;م.إبت.خ البستان;ابتدائي;شارع الحرية فوسانة
12;القصرين;سبيبة;م.إبت.خ نخبة الغد;ابتدائي;شارع الحبيب بورقيبة
12;القصرين;سبيطلة;م.إبت.خ المستقبل;ابتدائي;سبيطلة
12;القصرين;فريانة;م.إبت.خ ابن سينا فريانة;ابتدائي;حي الزاوية
12;القصرين;القصرين الشمالية;م.إبت.خ الامتياز;ابتدائي;شلرع انديرا غاندي حي السلام الثاني
12;القصرين;فريانة;م.إبت.خ التميز;ابتدائي;حي المحطة فريانة
12;القصرين;القصرين الشمالية;م.إبت.خ النخبة;ابتدائي;شارع الدولاب سانية العزيزي قرب الكنام
12;القصرين;ماجل بن عباس;م.إبت.خ المنارة;ابتدائي;حي التجاري شارع 14 حانفي 
12;القصرين;القصرين الجنوبية;م.إبت.خ أمين سكول;ابتدائي;شارع البيئة بوزقام 
12;القصرين;سبيبة;م.إبت.خ اليسر;ابتدائي;حي الرياض سبيبة
12;القصرين;القصرين الشمالية;م.إبت.خ التألق;ابتدائي;حي الشرطة القصرين
12;القصرين;القصرين الشمالية;م,ابت,خ,الأوائل;ابتدائي;117شارع عبد العزيز السبيكي حي الفتح القصرين
12;القصرين;القصرين الشمالية;م,ابت,خ,المنارة;ابتدائي;حي القضاة القصرين الشمالية 
12;القصرين;سبيبة;م.إبت.خ المعرفة;ابتدائي;وادي الحطب سبيبة القصرين
12;القصرين;سبيطلة;م.إبت.خ المواهب;ابتدائي;حي الغابات سبيطلة
12;القصرين;فوسانة;م.إبت.خ. التحدي;ابتدائي;نهج 20 مارس فوسانة
12;القصرين;القصرين الشمالية;م.إبت.خ. مدرستي;ابتدائي;نهج المعرفة حي المنار القصرين قبالة معهد المنار
13;سيدي بوزيد;سيدي بوزيد الشرقية;م.ابت.خ النوامر;ابتدائي;بريد الاحواز ص ب عذذ 18 سيدي بوزيد
13;سيدي بوزيد;سيدي بوزيد الغربية;م.إبت.خ مركب العناية;ابتدائي;نهج السويس حي الأساتذة سيدي بوزيد
13;سيدي بوزيد;سيدي بوزيد الغربية;م.إبت.خ المعرفة;ابتدائي;حي المستقبل أمام معهد بن خلدون
13;سيدي بوزيد;سيدي بوزيد الغربية;م.إبت.خ الخوارزمي سكول;ابتدائي;شارع المغرب العربي طريق المعاهد
13;سيدي بوزيد;الرقاب;م.إبت.خ الفوز الرقاب;ابتدائي;حي الزهور شارع احمد التليلي الرقاب 
13;سيدي بوزيد;سيدي بوزيد الغربية;م.إبت.خ  اكديمية قادة المستقبل سيدي بوزيد;ابتدائي;شارع اتحاد المغرب العربي الكبير قبالة المعهد الثانوي بسيدي بوزيد 
13;سيدي بوزيد;سيدي بوزيد الشرقية;م.إبت.خ الريان ;ابتدائي;سيدي بوزيد لسودة 
13;سيدي بوزيد;الرقاب;م.إبت.خ نور هاي سكول;ابتدائي;الرقاب
13;سيدي بوزيد;سيدي بوزيد الغربية;م.إبت.خ نور المعارف;ابتدائي;نهج ياسر عرفات حي الورود 1
13;سيدي بوزيد;بئر الحفي;م.إبت.خ سمارت كيدز;ابتدائي;شارع البيئة بئر الحفي 
13;سيدي بوزيد;بئر الحفي;م.إبت.خ المنارة سكول;ابتدائي;طريق الهيشرية  
13;سيدي بوزيد;سيدي بوزيد الغربية;م.إبت.خ التفوق;ابتدائي;حي النوامر الأحواز 
13;سيدي بوزيد;سيدي بوزيد الغربية;م.ابت.خ الزيتونة;ابتدائي;الهيشرية  سيدي السائح
13;سيدي بوزيد;سيدي بوزيد الغربية;م.ابت.خ امين سكول;ابتدائي;الورود   1
13;سيدي بوزيد;جلمة;م.ابت.خ انس سكول;ابتدائي;شارع الحرية جلمة سيدي بوزيد
13;سيدي بوزيد;سيدي بوزيد الغربية;م.ابت.خ اكاديميةابن النفيس للتعليم الخاص سيدي بوزيد الغربية;ابتدائي;نهج العدالة شارع محمد الخامس حي اولاد سيدي بوزيد
13;سيدي بوزيد;بن عون;م.ابت.خ الامتياز;ابتدائي;شارع الطاهر الحداد حي العلم سيدي علي بن عون
13;سيدي بوزيد;سوق الجديد;م.ابت.خ النخبة;ابتدائي;السوق جديد
13;سيدي بوزيد;الرقاب;م.ابت.خ الامل;ابتدائي;حي البساتين الرقاب
13;سيدي بوزيد;سيدي بوزيد الغربية;م.ابت.خ الريادة حي الياسمين بسيدي بوزيد;ابتدائي;حي الياسمين,التقاسيم سيدي بوزيد
13;سيدي بوزيد;سيدي بوزيد الغربية;م.ابت.خ العمار حي الورود1 سيدي بوزيد;ابتدائي;سيدي بوزيد حي الورود 1 خلف عمارة الزيتونة 
13;سيدي بوزيد;سيدي بوزيد الغربية;م.ابت.خ المجد;ابتدائي;شارع محمد البوعزيزي حي الورود
13;سيدي بوزيد;سيدي بوزيد الغربية;م.إبت.خ نبراس سكول;ابتدائي;حي الخضراء سيدي بوزيد
14;قفصة;قفصة الجنوبية;م.إبت.خ المصعد;ابتدائي;شارع الحسين بن قدور - سيدي أحمد زروق قفصة
14;قفصة;قفصة الجنوبية;م.إبت.خ ابن سينا;ابتدائي;نهج القرنفل العسالة قفصة 
14;قفصة;قفصة الجنوبية;م.إبت.خ النخبة;ابتدائي;شارع فلسطين حي النور قفصة
14;قفصة;قفصة الجنوبية;م.إبت.خ سماح سكول;ابتدائي;بطحاء المرايدية  قفصة
14;قفصة;قفصة الجنوبية;م.إبت.خ le laureat;ابتدائي;نهج صنعاء عدد 10 حي النور قفصة 
14;قفصة;المظيلة;م.إبت.خ المظيلة سكول;ابتدائي;الحي العمالي المظيلة قفصة
14;قفصة;المتلوي;م.إبت.خ النموذجي المتلوي;ابتدائي;نهج عمار بن علي حي السعادة الغربي المتلوي
14;قفصة;قفصة الجنوبية;م.إبت.خ  الاهرام قفصة;ابتدائي;حي المطار قفصة
14;قفصة;قفصة الجنوبية;م.إبت.خ المناهل قفصة;ابتدائي;سيدي أحمد زروق
14;قفصة;المتلوي;م.إبت.خ الافق المتلوي;ابتدائي;شارع الرئيس 2130 المتلوي
14;قفصة;القصر;م.إبت.خ الفردوس;ابتدائي;طريق قابس قبالة صيدلية نجيبة ضو القصر قفصة 
14;قفصة;قفصة الجنوبية;م.إبت.خ التميز;ابتدائي;حي النور قفصة
14;قفصة;السند;م.إبت.خ مناهل العلم;ابتدائي;حي الزيتونة السند
14;قفصة;أم العرايس;م.إبت.خ الخوارزمي;ابتدائي;الحي العصري
14;قفصة;المظيلة;م.إبت.خ عائشة سكول;ابتدائي;
14;قفصة;الرديف;م.إبت.خ الخوارزمي;ابتدائي;شارع الحبيب بورقيبة الرديف
14;قفصة;سيدي عيش;م.إبت.خ الأفق;ابتدائي;حي النسيم سيدي عيش 
14;قفصة;المتلوي; م . ا. خ . سيلا سكول;ابتدائي;
14;قفصة;المظيلة;م.إبت.خ العلا بالمضيلة;ابتدائي;حي القوس المظيلة 2170
14;قفصة;المظيلة;م ا النخبة بالمظيلة;ابتدائي;الجي المركزي 
14;قفصة;أم العرايس;"م.إبت.خ ""بنمبارك سكول"" ب أم العرائس";ابتدائي;حي الامل 1 ام العرائس
14;قفصة;المظيلة;"م.إبت.خ ""ابن خلدون"" بالمضيلة";ابتدائي;الحي الشرقي المضيلة
14;قفصة;قفصة الجنوبية;العالم الذكي;ابتدائي;بطحاء المرايدية قرب الادارة الجهوية للصحة
14;قفصة;قفصة الجنوبية;محضنة النور;ابتدائي;
14;قفصة;القصر;م.إبت.خ لاروس طريق المحطة القصر;ابتدائي;طريق المحطة القصر قفصة
14;قفصة;قفصة الجنوبية;م.إبت.خ سبيل النور;ابتدائي;طريق سيدي منصور الدوالي قفصة
14;قفصة;القصر;م.إبت.خ المسار;ابتدائي;مدرسة المسار حي المندرة قصر قفصة
14;قفصة;قفصة الجنوبية;م.إبت.خ ماي سكول;ابتدائي;وراء كارفور راس الكاف قفصة
15;توزر;توزر;م.إبت.خ السفير سكول توزر;ابتدائي;حي الشابي 1 ص ب عدد17 مكتب بريد الشرفة توزر
15;توزر;توزر;م.إبت.خ النخبة;ابتدائي;طريق الحجيج توزر
15;توزر;دقاش;م.إبت.خ اية سكول;ابتدائي;حي حسناوي-دقاش
15;توزر;توزر;م.إبت.خ إبن سينا;ابتدائي;شارع فرحات حشاد وراء بنك الزيتونة
15;توزر;نفطة;م.إبت.خ الذكية;ابتدائي;شارع البيئة
15;توزر;توزر;م. ابت.خ خيري سكول;ابتدائي;راس الطابية -توزر
15;توزر;توزر;صحراوي سكول;ابتدائي;حي الصحة قبالة سوق الجملة طريق الحامة توزر
16;قبلي;قبلي الشمالية;م.إبت.خ حليمة سكول;ابتدائي;حي الواحة طريق توزر قبلي
16;قبلي;دوز الجنوبية;م.إبت.خ دوز سكول;ابتدائي;حي أولاد عون
16;قبلي;دوز الشمالية;م.إبت.خ رحاب المعرفة دوز;ابتدائي;نهج الأفراح - دوز
16;قبلي;الفوار;م.إبت.خ الفوار سكول;ابتدائي;حي الهدى الفوار 
16;قبلي;سوق الأحد;م.إبت.خ البيان المنشية سوق الأحد;ابتدائي;المنشيه سوق الاحد
16;قبلي;قبلي الشمالية;م.إبت.خ ABC سكول;ابتدائي;شارع  13ةنهج الجزائر حي أولاد يعقوب قبلي
16;قبلي;قبلي الشمالية;م.إبت.خ الأفق;ابتدائي;نهج المهديّة - طريق توزر قبلي 
16;قبلي;دوز الشمالية;م.إبت.خ. أفاق المعارف;ابتدائي;حي اولاد يحي- دوز الشرقي /دوز
16;قبلي;قبلي الشمالية;م.إبت.خ.نور المعارف;ابتدائي;طريق قابس قبلي قبالة صندوق التامين على المرض 4200 قبلي
16;قبلي;قبلي الشمالية;م.إبت.خ الكعباوي  سكول;ابتدائي;طريق توزر قبلي
17;تطاوين;تطاوين الشمالية;م.إبت.خ النبراس;ابتدائي;حي عبّاس تطاوين
17;تطاوين;تطاوين الشمالية;م.إبت.خ نور العلوم;ابتدائي;نهج المشهد حي المهرجان
17;تطاوين;تطاوين الشمالية;م.إبت.خ منتسوري تطاوين;ابتدائي;نهج أسامة بن زيد طريق مدنين تطاوين 3200
18;مدنين;بن قردان;م.إبت.خ النبراس بن قردان;ابتدائي;بنقردان 4160 طريق العكروتية كلم 0.5
18;مدنين;مدنين الجنوبية;م.إبت.خ عمر الفاروق مدنين;ابتدائي;2نهج باجة
18;مدنين;ميدون;م.إبت.خ ابن سينا ميدون;ابتدائي;ميدون جربة 
18;مدنين;مدنين الجنوبية;م.إبت.خ ليدرز سكول مدنين;ابتدائي;نهج ابن سيناء حي الملعب  مدنين 
18;مدنين;مدنين الجنوبية;م.إبت.خ شركة يونس;ابتدائي;23 نهج هارون الرشيد مدنين4100
18;مدنين;جرجيس;م.إبت.خ الزيتونة العالمية;ابتدائي;نهج قسنطينة جرجيس كلم 0.5
18;مدنين;ميدون;م.إبت.خ ميشال ديمونتين( ديكارت);ابتدائي;طريق الناظور ميدون جربة
18;مدنين;حومة السوق;م.إبت.خ فيكتور هيغو;ابتدائي;Beni Bendou Hmout Souk Djeba 
18;مدنين;حومة السوق;م.إبت.خ الإندماج;ابتدائي;حومة الزاوية / حومة السوق جربة 
18;مدنين;بن قردان;م.إبت.خ بيت الحكمة;ابتدائي;شارع البيئة كلم 1 بن قردان
18;مدنين;حومة السوق;م.إبت.خ عليسة;ابتدائي;نهج المحّار بني باندو حومة السوق جربة
18;مدنين;حومة السوق;م.إبت.خ جون جاك روسو;ابتدائي;حومة الزاوية 2 حومة السوق
18;مدنين;مدنين الشمالية;م.إبت.خ الفوز;ابتدائي;حي النصر
18;مدنين;مدنين الجنوبية;م.إبت.خ Jean piaget;ابتدائي;حي النسيم 2 مدنين الجنوبية 
18;مدنين;حومة السوق;م.إبت.خ الأجيال الجديد;ابتدائي;بوسمايل كم 5طريق اجيم 
18;مدنين;حومة السوق;م.إبت.خ الشابي;ابتدائي;حومة الجوامع حومة السوق جربة
18;مدنين;بن قردان;م.إبت.خ الريادة;ابتدائي;شارع البيئة بنقردان
18;مدنين;جرجيس;م.إبت.خ الحياة جرجيس;ابتدائي;El Garâa
18;مدنين;مدنين الجنوبية;م.إبت.خ مدرستي ;ابتدائي;حي النسيم 1
19;قابس;قابس الجنوبية;م.إبت.خ بلقيس سكول قابس;ابتدائي;حي الممرضين
19;قابس;قابس المدينة;م.إبت.خ النموذجية الخاصة;ابتدائي;نهج خير الدين باشا باب بحر قابس 
19;قابس;قابس الجنوبية;م.إبت.خ الابداع;ابتدائي;نهج سيدي بولبابة حي الأمل 4
19;قابس;قابس الجنوبية;م.إبت.خ نور سكول;ابتدائي;شارع ابو القسم الشابي حي المنارة
19;قابس;قابس الجنوبية;م.إبت.خ الغرابي بقابس;ابتدائي;حي الزهور قابس
19;قابس;قابس الجنوبية;م.إبت.خ امانة سكول بقابس;ابتدائي;طريق الشاطئ العربي ص ب 387
19;قابس;الحامة;م.إبت.خ فورست سكول الحامة;ابتدائي;شارع الاهرام 
19;قابس;قابس الجنوبية;م.إبت.خ. تكابس سكول;ابتدائي;نهج تكابس حي ابن خلدون مطرش
19;قابس;قابس الجنوبية;م.إبت.خ تكابس للمعرفة;ابتدائي;نهج الكوثر زريق 
19;قابس;الحامة;م.إبت.خ سمارت سكول;ابتدائي;نهج الناعس شرياق 
19;قابس;قابس الجنوبية;"م.إبت.خ ""جون جاك روسو""";ابتدائي;8 نهج الدرة تبلبو قابس
19;قابس;المطوية;م,ابت,خ الدرر وذرف;ابتدائي;شارع الحبيب بورقيبةوذرف
19;قابس;الحامة;"م,ابت,خ ""القسم التحضيري الخاص "" الطفل القائد الحامة";ابتدائي;نهج صلاح الدين الايوبي 
19;قابس;الغنوش;المدرسة الاببتدائية الخاصة لوجين سكول;ابتدائي;نهج علي بن ابي طالب غنوش
19;قابس;قابس الجنوبية;المدرسة الابتدائية الخاصة المعرفة;ابتدائي;نهج القادسية زريق 
19;قابس;قابس الجنوبية;القسم التحضيري الخاص النجباء;ابتدائي;نهج الشفاء حي الممرضين مطرش قابس
19;قابس;الحامة;القسم التحضيري الخاص البرق;ابتدائي;
19;قابس;قابس الجنوبية;المدرسة الابتدائية الخاصة ايمانوال شاربنتي;ابتدائي;شارع صلاح الدين الأيوبي
20;صفاقس 1;صفاقس الغربية;م.إبت.خ  أنوار صفاقس 1;ابتدائي;طريق منزل شاكر كلم 1نهج الصفا و المروى
20;صفاقس 1;صفاقس الغربية;م.إبت.خ  المستقبل صفاقس 1;ابتدائي;طريق المطار كلم 3 قرب محطة طوطال صفاقس 
20;صفاقس 1;صفاقس المدينة;م.إبت.خ  نور المعارف صفاقس 1;ابتدائي;شارع13اوت بودريار1 صفاقس
20;صفاقس 1;صفاقس الغربية;م.إبت.خ  لا كوبال صفاقس 1;ابتدائي;طريق منزل شاكر كم 2.5 
20;صفاقس 1;صفاقس الغربية;م.إبت.خ  طيور الجنة صفاقس 1;ابتدائي;طريق سكرة كلم 3 زنقة الزّواري صفاقس
20;صفاقس 1;صفاقس المدينة;م.إبت.خ اشراق سكول صفاقس 1;ابتدائي;طريق القايد محمد كم 2.5 صفاقس
20;صفاقس 1;صفاقس الغربية;م.إبت.خ الازدهار صفاقس 1;ابتدائي;نهج عثمان بن عفان طريق منزل شاكر كم 1.5 صفاقس
20;صفاقس 1;صفاقس الغربية;م.إبت.خ قلوري سكول صفاقس 1;ابتدائي;طريق منزل شاكر . كلم 4.5 - قصاص واد الشعبوني
20;صفاقس 1;صفاقس المدينة;م.إبت.خ  الصديق صفاقس 1;ابتدائي; 12 نهج خالد بن الوليد
20;صفاقس 1;صفاقس المدينة;م.إبت.خ الريحان صفاقس 1;ابتدائي;طريق المهدية كلم 0,5 نهج القدس البستان 
20;صفاقس 1;صفاقس الغربية;م.إبت.خ الريشة الذهبية صفاقس 1;ابتدائي;طريق سكرة كم 3.5 صفاقس
20;صفاقس 1;صفاقس الغربية;م.إبت.خ روكاريا سكول صفاقس 1;ابتدائي;طريق المحارزة كم 0.5
20;صفاقس 1;صفاقس المدينة;م.إبت.خ الطفل القائد الموهوب صفاقس 1;ابتدائي;طريق الافران كم 2٫5 وراء عمارة السوسن2 صفاقس 
20;صفاقس 1;المحرس;م.إبت.خ الأمير الصغير صفاقس 1;ابتدائي;شارع الحبيب بورقيبة الكرنيش
20;صفاقس 1;صفاقس الغربية;م.إبت.خ المناهل صفاقس 1;ابتدائي;طريق سكرة كلم 1.5 
20;صفاقس 1;صفاقس المدينة;م.إبت.خ بستان المعرفة صفاقس 1;ابتدائي;11 نهج إشبيلية البستان 
20;صفاقس 1;صفاقس الغربية;م.إبت.خ الإمتياز;ابتدائي;طريق منزل شاكر كلم 1.5 نهج أبو بكر الصدّيق أمام معهد 20 مارس صفاقس
20;صفاقس 1;صفاقس الغربية;م.إبت.خ International Academy of Sfax;ابتدائي;Route Manzel Chaker km 3 ZT Barnous
20;صفاقس 1;صفاقس الغربية;م.إبت.خ قلعة المعرفة طريق العين كلم 3 صفاقس;ابتدائي;طريق العين كلم 3 
20;صفاقس 1;صفاقس المدينة;"م.إبت.خ ""ذو ايلو سكول""(THE HALO SCHOOL° طريق العين كلم 1,5";ابتدائي;طريق الأفران كم 1.5 القاصة بين العين والأفران
20;صفاقس 1;صفاقس المدينة;wellnes school;ابتدائي;طريق تونس كم 3.5 
20;صفاقس 1;صفاقس الغربية;م.إبت.خ أكاديمية جاد;ابتدائي;طريق سكرة كم 0.5 نهج فائز القيزاني صفاقس 
20;صفاقس 1;صفاقس المدينة;م.إبت.خ طه حسين;ابتدائي;2 نهج عبد العزيز الثعالبي طريق تنيور
21;صفاقس 2;صفاقس الجنوبية;م.إبت.خ التالق صفاقص 2;ابتدائي;طريق منزل شاكر كلم 6.5 نهج الرياض صفاقس
21;صفاقس 2;ساقية الزيت;م.إبت.خ النموذجية سكولينق + النموذجية;ابتدائي;54 شارع المنجي سليم ساقية الزيت
21;صفاقس 2;صفاقس الجنوبية;م.إبت.خ النخبة;ابتدائي;طريق الأفران كلم 3.5 قصاص محسونة صفاقس
21;صفاقس 2;صفاقس الجنوبية;م.إبت.خ TULIPE;ابتدائي;طريق قرمدة كلم 6.5 صفاقس
21;صفاقس 2;صفاقس الجنوبية;"""L'école internationale de Sfax"" م.إبت.خ";ابتدائي;طريق قرمده كيلومتر 4.5 نهج النرجس
21;صفاقس 2;صفاقس الجنوبية;"م.إبت.خ ""نوفا سكول""";ابتدائي;طريق قرمدة كلم 5.5 نهج غرة ماي مركز السلامي
21;صفاقس 2;ساقية الدير;م.إبت.خ المتفوق;ابتدائي;70 شارع الرشاد طريق المهدية كم7 ساقية الدائر
21;صفاقس 2;ساقية الزيت;م.إبت.خ الفردوس;ابتدائي;شارع الإمام سحنون - الشيحية - صفاقس
21;صفاقس 2;ساقية الدير;م.إبت.خ قولدن سكول;ابتدائي;طريق سيدي منصور كلم 4 صفاقس
21;صفاقس 2;صفاقس الجنوبية;م.إبت.خ ألماس سكول طريق قرمدة كلم 7 ;ابتدائي;طريق الافران كلم 7 شارع الشهداء
21;صفاقس 2;ساقية الدير;لورن توفلاي سكول;ابتدائي;طريق سيدي منصور كم 4.5 زنقة العشّ
21;صفاقس 2;ساقية الزيت;م.إبت.خ عائشة ;ابتدائي;طريق تونس كلم 8  ساقية الزيت السدرة
21;صفاقس 2;ساقية الدير;م.إبت.خ نور المعرفة;ابتدائي;طريق المهدية كم7 شارع الطيب المهيري صفاقس
22;المهدية;المهدية;م.إبت.خ النموذجية الجيل الجديد المهدية;ابتدائي;شارع الجمهورية الزهراء
22;المهدية;المهدية;م.إبت.خ ABC school;ابتدائي;الطريق الوطنية 82 مدخل رجيش المهدية
22;المهدية;المهدية;م.إبت.خ الامتياز المهدية;ابتدائي;شارع الحبيب بورقيبة - 
22;المهدية;الجم;م.إبت.خ النسرين للامتياز;ابتدائي;نهج فرحات حشاد الجم
22;المهدية;الجم;م.إبت.خ تيسدروس سكول;ابتدائي;شارع علي بلهوان طريق المهدية الجم
22;المهدية;المهدية;م.إبت.خ النخبة;ابتدائي;نهج قرطبة حي الأندلس - المهدية
22;المهدية;السواسي;م.إبت.خ صلاح الدين الايوبي;ابتدائي;طريق أولاد الشامخ السواسي المهدية
22;المهدية;قصور الساف;م.إبت.خ IDEAL;ابتدائي;نهج الفاطمي طريق صفاقس قصور الساف 
22;المهدية;الشابة;م.إبت.خ القلم الذهبي;ابتدائي;شارع الجامع الكبير - الشابة
22;المهدية;قصور الساف;م.إبت.خ لاروس;ابتدائي;طريق الحزامية المهدية الجم
22;المهدية;الشابة;م.إبت.خ الحكمة;ابتدائي;حي البساتين
22;المهدية;المهدية;م.إبت.خ أكادمية المهدية;ابتدائي;شارع بورقيبة هيبون
22;المهدية;المهدية;م.إبت.خ التفوق;ابتدائي;نهج الورد
22;المهدية;المهدية;م.إبت.خ LE PETIT LAROUSSE;ابتدائي;35 شارع تونس المهدية
22;المهدية;السواسي;م.إبت.خ ILINE SCOOL;ابتدائي;المنطقة 20 السواسي
22;المهدية;سيدي علوان;م.إبت.خ المجد;ابتدائي;شارع المغرب العربي الكبير 
22;المهدية;السواسي;م.إبت.خ الحبيب;ابتدائي;شارع الشهيد رمزي الزرلي
23;القيروان;القيروان الجنوبية;المدرسة الابتدائية الخاصة ابن سينا;ابتدائي;شارع الأمم المتحدة طريق تونس قرب الولاية 
23;القيروان;القيروان الشمالية;المدرسة الابتدائية الخاصة ابن رشيق;ابتدائي;8نهج خميس ترنان الحجام القيروان
23;القيروان;القيروان الجنوبية;المدرسة الابتدائية الخاصة اسد بن الفرات;ابتدائي;27 نهج إبن الربيب القيروان 3100
23;القيروان;القيروان الشمالية;المدرسة الابتدائية الخاصة Mon école;ابتدائي;شارع أبي زمعة البلوي
23;القيروان;سيدي عمر بوحجلة;م.إبت.خ نور النجباء بوحجلة;ابتدائي;الوكالة العقارية للسكنى بوحجلة 
23;القيروان;القيروان الجنوبية;م.إبت.خ ليدرز the leaders القيروان;ابتدائي;نهج الإسماعلية المنصورة القيروان
23;القيروان;السبيخة;م.إبت.خ النورس السبيخة;ابتدائي;نهج النورس 
23;القيروان;القيروان الشمالية;م.إبت.خ  ابن خلدون القيروان;ابتدائي;شارع الامام سحنون
23;القيروان;القيروان الشمالية;م.إبت.خ نافورة العلوم القيروان;ابتدائي;تقسيم بن سعيد 3111-الصحاب 4 -دار الأمان القيروان الشمالية
23;القيروان;القيروان الشمالية;م.إبت.خ  النور القيروان;ابتدائي;جامع حسنات حي إبن الجزار المنصورة
23;القيروان;القيروان الشمالية;م.إبت.خ Les genies القيروان;ابتدائي;01 شارع المنجي سليم القيروان
23;القيروان;القيروان الشمالية; م.إبت.خ A B C القيروان;ابتدائي;طريق حفوز
23;القيروان;القيروان الشمالية;م.إبت.خ الخوارزمي القيروان;ابتدائي;51 نهج أحد تقسيم بودن طريق حفوز القيروان
23;القيروان;القيروان الشمالية;م.إبت.خ أبو القاسم الشابي;ابتدائي;نهج محمد نقرة -الصحابي 4 -القيروان
23;القيروان;القيروان الشمالية;المدرسة الابتدائية الخاصة عليسة;ابتدائي;حي المنار القيروان
23;القيروان;الشراردة;المدرسة الابتدائية الخاصة المستقبل للتميز;ابتدائي;حي المستشفى الشراردة
23;القيروان;القيروان الجنوبية;م.إبت.خ دريم;ابتدائي;تقسيم بودن  رقادة
23;القيروان;حفوز;م.إبت.خ الامل حفوز;ابتدائي;حي الرياض حفوز
23;القيروان;القيروان الجنوبية;م.إبت.خ L'arc du Ciel;ابتدائي;شارع بن الأثير حي النصر القيروان عدد69
23;القيروان;القيروان الجنوبية;م.إبت.خ سمارت سكول;ابتدائي;شارع جمال عبد الناصر المنصورة القيروان
23;القيروان;السبيخة;م.إبت.خ التفوق;ابتدائي;نهج بلال - حي المنجي سليم - السبيخة
23;القيروان;القيروان الجنوبية;المدرسة الابتدائية الخاصة الرائد;ابتدائي;نهج إبن الهاني-المنصورة-القيروان
23;القيروان;حاجب العيون;م.ابت.خ أكاديمية المتميز ;ابتدائي;حي الاستقلال حاجب العيون 
23;القيروان;حاجب العيون;م.ابت.خ أكاديمية حمزة;ابتدائي;شارع الطيب المهيري
23;القيروان;الشبيكة;B.M School;ابتدائي;شارع البيئة الشبيكة القيروان
24;المنستير;قصر هلال;م.إبت.خ الفتح قصر هلال;ابتدائي;27 نهج الطاهر صفر
24;المنستير;المنستير;م.إبت.خ  ابن سينا المنستير;ابتدائي;نهج مونريال المشرف سقانص  المنستير
24;المنستير;المنستير;م.إبت.خ الامتياز;ابتدائي;شارع المجاهدين قرب معرض المنستير
24;المنستير;قصر هلال;م.إبت.خ مريم قصر هلال;ابتدائي;صوة قصر هلال
24;المنستير;المكنين;م.إبت.خ جيل المستقبل مكنين;ابتدائي;نهج الورد - حي الحدائق المكنين
24;المنستير;طبلبة;م.إبت.خ مناهل العلم طبلبة;ابتدائي;شارع 23 جانفي طبلبة
24;المنستير;قصر هلال;م.إبت.خ حنبعل قصر هلال;ابتدائي;168 شارع الحبيب بورقيبة
24;المنستير;طبلبة;م.إبت.خ رمز الفوز دار الاسرة طبلبة;ابتدائي;نهج الشهداء
24;المنستير;قصر هلال;م.إبت.خ لافنتان قصر هلال;ابتدائي;شارع الحبيب بورقيبة طريق بوحجر
24;المنستير;المنستير;م.إبت.خ ارشيماد الصغير;ابتدائي;نهج منداس فرنس سقانص
24;المنستير;جمال;م.إبت.خ التفوق (التميز) جمال;ابتدائي;حي المروج نهج الاكليل
24;المنستير;جمال;م.إبت.خ المثالية جمال;ابتدائي;نهج أبو القاسم الشابي 
24;المنستير;زرمدين;م.إبت.خ الارتقاء زرمدين;ابتدائي;حي المنار زرمين   المنستير
24;المنستير;المنستير;م.إبت.خ النخبة المنستير;ابتدائي;شارع هعلي بورقيبة سقانص
24;المنستير;طبلبة;م.إبت.خ التوفيق طبلبة;ابتدائي;نهج الأمام الغزالي 
24;المنستير;المنستير;م.إبت.خ الارتقاء ( قوس قزح ) المنستير;ابتدائي;شارع محمد الهادي خفشة
24;المنستير;جمال;م.إبت.خ الحديثة جمال;ابتدائي;حي السّلامة طريق منزل الكامل جمّال 5020
24;المنستير;الساحلين;م.إبت.خ الفرابي الساحلين;ابتدائي;نهج الهادي شاكر الساحلين
24;المنستير;المنستير;م.إبت.خ  بيتاقور المنستير;ابتدائي;نهج محمد الزيلي الحي الرابع المنستير
24;المنستير;المكنين;م.إبت.خ دريم سكول مكنين;ابتدائي;نهج عثمان بن عفان
24;المنستير;جمال;م.إبت.خ اقرا زاوية قنطش جمال;ابتدائي;نهج أبو بكر الصديق زاوية قنطش - جمال
24;المنستير;المكنين;م.إبت.خ القلم الذهبي المكنين;ابتدائي;نهج عبد الحكيم الذوادي
24;المنستير;الوردنين;م.إبت.خ ابن رشيق الوردانين;ابتدائي;شارع الحرية الوردانين
24;المنستير;بني حسان;م.إبت.خ الامد بني حسان;ابتدائي;ساحة عبد الرحمان الدهماني ، طريق المندرة بني حسان
24;المنستير;البقالطة;م.إبت.خ الحديثة;ابتدائي;حي السلامة طريق منزل كامل جمال
24;المنستير;المنستير;م.إبت.خ اكاديمية المعرفة;ابتدائي;شارع محمد صالح الصيادي المنستير
24;المنستير;المكنين;م.إبت.خ السفير;ابتدائي;نهج طارق بن زياد
24;المنستير;الساحلين;م.إبت.خ الابداع;ابتدائي;سيدي عامر - طريق الوردانين
24;المنستير;الساحلين;م.إبت.خ الامد;ابتدائي;شارع الحبيب بورقيبة الساحلين
24;المنستير;بنبلة;م.إبت.خ هاي سكول;ابتدائي;طريق بنان الحرقوسية
24;المنستير;المنستير;"م.إبت.خ ""لارونيسنس """;ابتدائي;المنطقة الصناعية - طريق خنيس
24;المنستير;قصر هلال;المدرسة الابتدائية الخاص الدولية;ابتدائي;شارع البيئة قصر هلال
24;المنستير;زرمدين;"م.إبت.خ ""الخوارزمي "" زرمدين";ابتدائي;شارع الحبيب بورقيبة 
24;المنستير;الساحلين;المدرسة الخاصة ROYAL;ابتدائي;طريق مسجد عيسى الساحلين 
24;المنستير;قصر هلال;"م.إبت.خ "" قرطاج سكول """;ابتدائي;المنطقة الصناعية
24;المنستير;قصر هلال;"م.إبت.خ ""الخطوة الأولى""";ابتدائي;
24;المنستير;المكنين;"م.إبت.خ "" إيتنسال""";ابتدائي;حي سيدي مأمون
24;المنستير;زرمدين;"م.إبت.خ ""العقل الذهبي """;ابتدائي;شارع حنبعل
24;المنستير;البقالطة;"م.إبت.خ ""نور الامتياز""الحي الجديد البقالطة";ابتدائي;الحي الجديد بالبقالطة
24;المنستير;البقالطة;"م.إبت.خ ""النورس"" البقالطة";ابتدائي;نهج المنصورة طريق زبيد البقالطة
24;المنستير;صيادة لمطة بوحجر;"م.إبت.خ ""سنابل الأمل""صيادة ";ابتدائي;نهج بيرم التونسي بصيادة 
24;المنستير;طبلبة;أكادمية الحبيب بورقيبة ;ابتدائي;شارع الجمهورية طبلبة 
24;المنستير;زرمدين;النجاح;ابتدائي;منزل الحياة
24;المنستير;جمال;م.إبت.خ AhmedEucation;ابتدائي;شارع الكرامة جمال الطريق الحزامية
24;المنستير;الساحلين;م.إبت.خ جمال الدين ابن منظور;ابتدائي;كلم 2 طريق سيدي عامر الوردانين
24;المنستير;بنبلة;م.إبت.خ زينة سكول;ابتدائي;طريق قصر هلال بنبلة
24;المنستير;المنستير;م.إبت.خ Farabi School;ابتدائي;حي الرياض سقانص المنستير
24;المنستير;المكنين;م.إبت.خ مرايا المعرفة سكول ;ابتدائي;نهج ابن رشد المكنين
25;سوسة;سوسة الجوهرة;م.إبت.خ صلاح الدين الأيوبي سوسة;ابتدائي;نهج البشير معروف سوسة جوهرة
25;سوسة;سوسة المدينة;م.إبت.خ الأخوات جوزفين;ابتدائي;13نهج الأخت جوزيفين سوسة
25;سوسة;سوسة الجوهرة;م.إبت.خ الأمير الصغير سوسة;ابتدائي;نهج المنجي قريرة سهلول 3 سوسة
25;سوسة;سوسة الجوهرة;م.إبت.خ ابن خلدون سوسة;ابتدائي;حي الصفايا – ساحة المغرب العربي الكبير –  سوسة
25;سوسة;مساكن;م.إبت.خ المعرفة مساكن;ابتدائي;نهج وهران مساكن
25;سوسة;سوسة الجوهرة;م.إبت.خ فرنسواز دولتو;ابتدائي;03 عبد العزيز الثعالبي سوسة - جوهرة 
25;سوسة;سوسة الجوهرة;م.إبت.خ العلماء ماجيك لاند;ابتدائي;نهج العلماء بوحسينة
25;سوسة;سوسة الجوهرة;م.إبت.خ جزيرة الأحلام;ابتدائي;خلف المعهد النموذجي-سهلول2-سوسة جوهرة
25;سوسة;سوسة الجوهرة;م.إبت.خ الصديق 1 سهلول 2;ابتدائي;
25;سوسة;سوسة الجوهرة;م.إبت.خ فاطمة الزهراء;ابتدائي;نهج المنصف بن عامر-خزامة الغربية
25;سوسة;سوسة المدينة;م.إبت.خ القدس;ابتدائي;نهج القدس الكرنيش سوسة
25;سوسة;مساكن;م.إبت.خ القادة;ابتدائي;نهج الورود سيدي عبار مساكن
25;سوسة;حمام سوسة;م.إبت.خ دي لافونتان;ابتدائي;09 نهج غرة جوان 1955 حمام سوسة - سوسة
25;سوسة;سوسة الجوهرة;م.إبت.خ  الشابي حمام سوسة;ابتدائي;نهج أحمد زكريا سهلول 
25;سوسة;سوسة الجوهرة;م.إبت.خ voltaire;ابتدائي;شارع محمد القروي نهج الشريف السوسي جوهرة سوسة
25;سوسة;سوسة الرياض;م.إبت.خ الرحمة سوسة الرياض;ابتدائي;6 نهج الفتح حي الرياض سوسة
25;سوسة;القلعة الكبيرة;م.إبت.خ دريم سكول القلعة الكبرى;ابتدائي;نهج 14 جانفي الحي الجديد القلعة الكبرى
25;سوسة;أكودة;م.إبت.خ الافاق الجديدة مركب زيني فيلم اكودة;ابتدائي;مركب زيني فيلم اكودة
25;سوسة;سوسة الجوهرة;م.إبت.خ مركب الامتياز بوحسينة للتربية والتعليم سوسةجوهرة;ابتدائي;نهج سمرقند /بوحسينة /سوسة
25;سوسة;النفيضة;م.إبت.خ الخلدونية النفيضة;ابتدائي;شارع حشاد- نهج الخليل  
25;سوسة;سوسة الجوهرة;م.إبت.خ هابي شايلد;ابتدائي;1 نهج الطوغو سهلول 1
25;سوسة;حمام سوسة;م.إبت.خ الانس;ابتدائي;النرجس 2 القنطاوي حمام سوسة
25;سوسة;سوسة المدينة;م.إبت.خ بيتاقور;ابتدائي;نهج عبد العزيز الباهي -خزامة الشرقية - سوسة
25;سوسة;سوسة الجوهرة;م.إبت.خ الصديق 2;ابتدائي;شارع الصادق المقدم سهلول 2 سوسة
25;سوسة;القلعة الكبيرة;م.إبت.خ باسكال سكول;ابتدائي;شارع البيئة القلعة الكبرى
25;سوسة;سوسة الرياض;م.إبت.خ جنتي;ابتدائي;نهج موسى بن نصير حي الرياض
25;سوسة;النفيضة;م.إبت.خ طريق الامتياز;ابتدائي;حي الياسمين -النفيضة
25;سوسة;سوسة الجوهرة;م.إبت.خ جون دوي;ابتدائي;Lot 47 - 48 Sahloul 4 
25;سوسة;سوسة الجوهرة;م.إبت.خ العلم;ابتدائي;حي بوخزر  بوحسينة  سوسة
25;سوسة;سوسة الجوهرة;م.إبت.خ المتفوقون;ابتدائي;تقسيم عدد 156 سهلول 4
25;سوسة;مساكن;م.إبت.خ البديل;ابتدائي;المدرسة الابتدائية الخاصة البديل مساكن طريق القيروان مساكن
25;سوسة;الزاوية القصيبة الثريات;م.إبت.خ فيكتور هيقو;ابتدائي;شارع المغرب العربي زاوية سوسة
25;سوسة;سوسة الرياض;م.إبت.خ الرحمة 2;ابتدائي;نهج المرجان سوسة الرياض
25;سوسة;سوسة الجوهرة;م.إبت.خ ماري كوري;ابتدائي;سهلول 4 سوسة 
25;سوسة;سوسة الجوهرة;م.إبت.خ الأمد;ابتدائي;شارع الصادق المقدم سهلول 1
25;سوسة;سوسة الرياض;م.إبت.خ قادة الغد;ابتدائي;34 نهج الشوري
25;سوسة;سوسة المدينة;م.إبت.خ ديكرولي سكول;ابتدائي;نهج  ام العرائس   خزامة  الشرقية  سوسة 
25;سوسة;سوسة الجوهرة;م.إبت.خ آي سكول;ابتدائي;عمر ابن عبد العزيز بوحسينة سوسة
25;سوسة;سوسة الجوهرة;م.إبت.خ النجاح;ابتدائي;شارع الدكتور عبد العزيز غشام سهلول3 سوسة جوهرة
25;سوسة;سوسة الرياض;م.إبت.خ الأهرام;ابتدائي;59 شارع الولايات المتحدة
25;سوسة;الزاوية القصيبة الثريات;م.إبت.خ الياسمين;ابتدائي;rue kods zaouiet sousse
25;سوسة;القلعة الصغيرة;م.إبت.خ EPI School;ابتدائي;الطريق الحزامية سهلول القلعة الصغرى سوسة
25;سوسة;أكودة;م.إبت.خ ACADIE;ابتدائي;مفترق الهادي نويرة
25;سوسة;مساكن;م.إبت.خ المجمع التعليمي دافنشي;ابتدائي;نهج الجزائر وراء المعهد الفني عثمان الشطي
25;سوسة;مساكن;م.إبت.خ أميلكار;ابتدائي;طريق المعهد الثانوي بالمسعدين
25;سوسة;القلعة الكبيرة;م.إبت.خ شاطو لاتور;ابتدائي;شارع فرحات حشاد الزعارنة الشرقية
25;سوسة;سوسة الرياض;"م.إبت.خ ""المعهد الفرنسي الخاص محمد إدريس""";ابتدائي;القطب التنموي بسوسة
25;سوسة;سوسة الرياض;م.إبت.خ برستيني بحي الرياض;ابتدائي;حمام معروف القطب التكنولوجي  سوسة
25;سوسة;مساكن;م.إبت.خ مؤسسة بن عبد الكريم للتعليم الخاص;ابتدائي;54 شارع أحمد ابن أبي الضياف
25;سوسة;سوسة الجوهرة;م.إبت.خ اكاديمية النور ببوخزر ;ابتدائي;نهج حسونة العياشي بوخزر سوسة
25;سوسة;سوسة الجوهرة;م.إبت.خ الدولية الانقليزية بوحسينة ;ابتدائي;واد غنيم سوسة
25;سوسة;النفيضة;م.إبت.خ هارفارد بالنفيضة;ابتدائي;نهج الوصال    -   حي الوفاء
25;سوسة;أكودة;م.إبت.خ عائشة سكول Aicha School بشط مريم;ابتدائي;شارع واد ابراهم شط مريم
25;سوسة;سوسة الجوهرة;م.إبت.خ Inter Futur School ;ابتدائي;نهج تكميلي سهلول 4 سوسة
25;سوسة;مساكن;م.إب.خ دروس موليار;ابتدائي;طريق سوسة مساكن - المسعدين
25;سوسة;القلعة الصغيرة;م.إب.خ اينوف سكول;ابتدائي;نهج بدر 
25;سوسة;حمام سوسة;م.إب.خ دلتا;ابتدائي;شارع 20 مارس حمام سوسة
25;سوسة;سوسة الرياض;م.إبت.خ مهاراتي أنا;ابتدائي;
25;سوسة;سوسة الجوهرة;م.إبت.خ جوي سكولJoy school ;ابتدائي;شارع منجي قريرة
25;سوسة;سوسة الجوهرة;م.إبت.خ مدرستي My School;ابتدائي;شعبة النجار بوخزر
25;سوسة;سوسة الرياض;م.إبت.خ زينيت;ابتدائي;نهج صور الرياض الخامس سوسة
25;سوسة;الزاوية القصيبة الثريات;م.إبت.خ زهرة الحياة;ابتدائي;حي المندرة سوسة 
25;سوسة;بوفيشة;م.إبت.خ صبرا سكول;ابتدائي;شارع ابن الجزار بوفيشة
26;نابل;نابل;م.إبت.خ  المناهل نابل;ابتدائي;نهج مكة المكرمة نابل
26;نابل;دارشعبان;م.إبت.خ المثالية بدار شعبان الفهري;ابتدائي;نهج الأخطل دار شعبان الشاطئ
26;نابل;منزل بوزلفة;م.إبت.خ هبة بمنزل بوزلفة;ابتدائي;منزل بوزلفة
26;نابل;نابل;م.إبت.خ  العلامة نابل;ابتدائي;شارع دالي الجازي المرازقة الحمامات نابل
26;نابل;قرمبالية;م.إبت.خ النخبة حي الرياض بقرنبالية;ابتدائي;حي الرياض قرمبالية
26;نابل;قرمبالية;م.إبت.خ ابن رشد قرنبالية;ابتدائي;نهج زيد ابن حارثة  الحي الأولمبي  قرمبالية
26;نابل;سليمان;م.إبت.خ أشرف بسليمان;ابتدائي;نهج 14 جانفي سليمان
26;نابل;بوعرقوب;م.إبت.خ القدوة سكول ببوعرقوب;ابتدائي;الحي الحرفي 
26;نابل;سليمان;م.إبت.خ المنهل حي الرياض بسليمان;ابتدائي;سليمان الرياض قرب نزل الكراييب
26;نابل;قليبية;م.إبت.خ سارة سكول قليبية;ابتدائي;شارع المنجي بن حميدة قليبية
26;نابل;قربة;م.إبت.خ المثالية الخاصة + بقربة;ابتدائي;  03 نهج غاندي قربة
26;نابل;الحمامات;م.إبت.خ مدرستي الحمامات;ابتدائي;نهج فيصل ابن عبد العزيز 
26;نابل;سليمان;م.إبت.خ سيني سكول سليمان;ابتدائي;نهج مصر سليمان الرياض
26;نابل;الحمامات;م.إبت.خ المثالية + الحمامات;ابتدائي;شارع 3 اوت الطريق الحزامية حمامات
26;نابل;قليبية;م.إبت.خ الحكمة قليبية;ابتدائي;نهج الجامعة العربية قليبية
26;نابل;منزل بوزلفة;م.إبت.خ الأسوة الحسنة منزل بوزلفة;ابتدائي;نهج المنجي سليم طريق تاكلسة
26;نابل;نابل;م.إبت.خ  القطب prima pole نابل;ابتدائي;شارع علي الدغباجي نابل 
26;نابل;منزل تميم;م.إبت.خ قرطاج سكول منزل تميم;ابتدائي;نهج الحاج البشير بن فضل منزل تميم
26;نابل;نابل;م.إبت.خ الحياة الحمامات;ابتدائي;شارع 3 اوت الحمامات
26;نابل;الحمامات;م.إبت.خ بانوراما سكول الحمامات;ابتدائي;الطريق الحزامية - حيالناظور - الحمامات
26;نابل;بني خلاد;م.إبت.خ اشراقة الغد;ابتدائي;طريق الملعب
26;نابل;نابل;م.إبت.خ LE POLE LIGHT;ابتدائي;شارع المغرب حي سليمان الرياض
26;نابل;بني خيار;م.إبت.خ منصور الحديثة;ابتدائي;Avenue habib Bourguiba Beni Khiar
26;نابل;قربة;م.إبت.خ اروى للعلوم والتربية;ابتدائي;طريق قربة كلم 1 منزل تميم
26;نابل;الحمامات;م.إبت.خ اكاديمية الاندلسية;ابتدائي;شارع محمد الخامس منارة الحمامات 
26;نابل;نابل;م.إبت.خ العربية;ابتدائي;شارع الدالي الجازي . حي مورا نابل
26;نابل;قليبية;م.إبت.خ أنشتاين أكاديمي;ابتدائي;نهج عزيز حميد حي الزهور قليبية
26;نابل;نابل;م.إبت.خ دريم سكول;ابتدائي;9, تقسيم عزيز سليمان
26;نابل;منزل تميم;م.إبت.خ حنين سكول;ابتدائي;نهج أريحة منزل تميم
26;نابل;نابل;م.إبت.خ Eveil Plus;ابتدائي;حي الوفاء AFH2 نابل
26;نابل;قليبية;م.إبت.خ الامتياز قليبية;ابتدائي;نهج الأردن قليبية
26;نابل;نابل;"م.إبت.خ ""فيوتشر كيدز""";ابتدائي;نهج اسطنبول نابل
26;نابل;سليمان;"م.إبت.خ ""Classe Kids""";ابتدائي;تقسيم القاطرة عـ506ـدد نهج خير الدين بربروس سليمان الرياض
26;نابل;قربة;م.إبت.خ Créative school بقربة;ابتدائي;شارع الحبيب بورقيبة قربة
26;نابل;سليمان;م. ابت.خ المجد;ابتدائي;38 نهج العربية السعودية سليمان الرياض
13;سيدي بوزيد;سوق الجديد;م.اب.خ منارة يونس;ابتدائي;سوق الجديد
14;قفصة;أم العرايس;ابن خلدون;ابتدائي;حي الأخوة بأم العرائس
15;توزر;حزوة;طريق التميز;ابتدائي;شارع الجمهورية بحزوة
23;القيروان;القيروان الجنوبية;مركب الطفولة ABC;ابتدائي;المنصورة نهج الزيتونة
23;القيروان;القيروان الشمالية;م.إبت.خ 3M;ابتدائي;القيروان الشمالية 
22;المهدية;قصور الساف;م.إبت.خ LE SAVOIR ;ابتدائي;شارع الهادي شاكر نهج الحمام قصور الساف - المهدية
1;تونس 1;تونس المدينة;المعهد الخاص العهد الجديد;ثانوي;8 نهج غرنوطة باب بنات تونس
1;تونس 1;تونس المدينة;المعهد الخاص الإزدهار الثقافي;ثانوي;35نهج لينين تونس
1;تونس 1;تونس المدينة;المدرسة العصرية الخاصة;ثانوي;16 نهج دمشق 
1;تونس 1;الخضراء;المدرسة الإعدادية الخاصة البحيرة1;ثانوي;1 نهج بحيرة أونتاريو ضفاف البحيرة 1 تونس
1;تونس 1;الكرم;المدرسة الإعدادية الخاصة البحيرة بالكرم ;ثانوي;المنطقة الصناعة خير الدّين قطعة 12ـ1ـ5ـ2015 نهج الخوارزمي 
1;تونس 1;تونس المدينة;المعهد الخاص النجاح;ثانوي;
1;تونس 1;المرسى;المعهد الثانوي الخاص أملكار المرسى;ثانوي;29 نهج الخوارزمي مرسى السعادة
1;تونس 1;المرسى;المدرسة الإعدادية الخاصة رواد طيبة سيدي داود;ثانوي;المنطقة الصناعية سيدي داود المرسى تونس
1;تونس 1;الكرم;المدرسة الإعدادية أكسفورد;ثانوي;35 نهج سقراط م الصناعية الكرم حلق الوادي 
1;تونس 1;باب سويقة;المعهد الخاص المعرفة باب سويقة;ثانوي;26 نهج  حمام الرميمي باب سويقة  تونس 
1;تونس 1;الخضراء;المدرسة الإعدادية كنوبس الشرقية 1;ثانوي;نهج المعامل ملاصق لشركة اوريدو بالشرقية 1
1;تونس 1;الخضراء;"المدرسة الاعدادية الخاصة ""مالك الصغير""";ثانوي;
1;تونس 1;تونس سيدي البشير;المعهد الثانوي الخاص الطاهر الحداد;ثانوي;25 نهج بقيرة سيدي البشير تونس
1;تونس 1;تونس باب بحر;المعهد الخاص إقبال;ثانوي;12 نهج هولاندة-تونس
1;تونس 1;تونس باب بحر;المعهد الخاص الخلدونية;ثانوي;26 مكرر نهج الهند تونس
1;تونس 1;تونس باب بحر;المعهد الخاص الـــــــبــــيــــان;ثانوي;06 نهج جبل منصور لافيات تونس 
1;تونس 1;حلق الوادي;مؤسسة محمد سامي للتعليم الخاص;ثانوي;3 نهج سقراط المنطقة الصناعية خير الدين حلق الوادي
1;تونس 1;حلق الوادي;المدرسة الإعدادية الخاصة لاجوكندا بالبحيرة 2;ثانوي;حي الصنوبر ضفاف البحيرة 2
1;تونس 1;تونس المدينة;5المدرسة الثانوية الخاصة نهج الجزائر;ثانوي;5 نهج الجزائر تونس 1000
1;تونس 1;الكرم;المدرسة الثانوية الدولية البريطانية الخاصة بتونس;ثانوي;42 نهج سقراط المنطقة الصناعية 2015 الكرم
1;تونس 1;قرطاج;المعهد الخاص قرطاج بيرصا;ثانوي;17 نهج 02 مارس 1934 قرطاج بيرسا
1;تونس 1;المرسى;المعهد الخاص ابن الهيثم;ثانوي;8 نهج عمر الخيام المرسى تونس
1;تونس 1;المرسى;المعهد الخاص ابو القاسم الشكي;ثانوي;07 نهج عمر ابن ابي ربيعة مرسى الشاطىء
1;تونس 1;تونس باب بحر;المعهد الخاص مستقبلي;ثانوي;18 شارع قرطاج تونس
1;تونس 1;الخضراء;المعهد الخاص كنوبس;ثانوي;نهج المعامل ملاصق لشركة اوريدو بالشرقية 1
1;تونس 1;حلق الوادي;المعهد الخاص الفوز;ثانوي;8 نهج الحبيب ثامر خبر الدين حلق الوادي
1;تونس 1;باب سويقة;المعهد الخاص الوفاء باب سويقة;ثانوي;
1;تونس 1;تونس المدينة;معهد لوي باستور الخاص;ثانوي;
1;تونس 1;قرطاج;المدرسة الدولية الخاصة بقرطاج;ثانوي;نهج صدر بعل حدائق قرطاج
1;تونس 1;الخضراء;المدرسة الثانوية الكندية بتونس;ثانوي;1 نهج التجارة الشرقية 1 تونس
1;تونس 1;تونس المدينة;المدرسة الخاصة النجمة;ثانوي;31 نهج القصبة تونس 
1;تونس 1;الخضراء;"المدرسة الإعدادية الخاصة ""le bahut school""بالحي الالمبي";ثانوي;06-نهج محمد علي عقيد-الحي الأولمبي
1;تونس 1;حلق الوادي;المدرسة الإعدادية الخاصة روني ديكارت ضفاف البحيرة 2;ثانوي;شارع الفروة - تقسيم الصنوبر ضفاف البحيرة 2،حلق الوادي تونس
1;تونس 1;المرسى;المدرسة الخاصة دجيفنشي سكول;ثانوي;1 مكرر نهج المعري المرسى
1;تونس 1;الوردية; المعهد الخاص الامتياز;ثانوي;50 شارع 3اوت الوردية
1;تونس 1;تونس باب بحر; مؤسسة بوعبدلي 8 نهج انغولا;ثانوي;8 نهج أنغولا
1;تونس 1;الكرم;المعهد الخاص الحسن;ثانوي;9 نهج عنابة الكرم تونس
1;تونس 1;تونس المدينة;المعهد الخاص ابن قتيبة;ثانوي;
1;تونس 1;الكرم;المؤسسة الخاصة لقمان الحكيم;ثانوي;نهج افلاطون عدد 44 المنطقة الصناعية خير الدين حلق الوادي البحيرة 3
1;تونس 1;تونس باب بحر; المعهد الخاص عمر الخيام;ثانوي;المنطقة الصناعية خيردين
1;تونس 1;تونس المدينة;المعهد الخاص الحسين;ثانوي;19 مكرر نهج الطاهر حداد منفلوري تونس
1;تونس 1;تونس باب بحر;المعهد الخاص صميدة;ثانوي;48 نهج علي بن غذاهم تونس
1;تونس 1;المرسى;المدرسة الإعدادية الخاصة أميلكار2 المرسى;ثانوي;29 نهج الخوارزمي مرسى السعادة
1;تونس 1;الكرم;"المعهد الخاص البحيرة بضفاف البحيرة الكرم "" اللغماني """;ثانوي;المنطقة الصناعية خير الدين قطعة 12-1-5-2015
1;تونس 1;باب سويقة;المعهد الخاص الأفق;ثانوي;55 نهج العسل
2;تونس 2;سيدي حسين;المعهد الخاص المجد;ثانوي;شارع الحبيب بورقيبة حي بوقطفة
2;تونس 2;الحرايرية;المدرسة الإعدادية الخاصة ابن حزم العقبة;ثانوي;39 نهج التناغم حي الاذاعة العقبة الحرايرية
2;تونس 2;الحرايرية;المدرسة الإعدادية الخاصة يحي سكول بالحرايرية;ثانوي;1 سوق السرجين حي الراشيدية الزهروني
2;تونس 2;الحرايرية;المدرسة الإعدادية الخاصة بحر العلوم;ثانوي;42500 و636 الزهرني
2;تونس 2;باردو;"المعهد الخاص ""اميل زولا ""بقصر السعيد";ثانوي;قصر السعيد 2 
2;تونس 2;باردو;المعهد الخاص الامل;ثانوي;6 مكرر نهج الحسين بن علي قصر السعيد باردو 
2;تونس 2;باردو;المعهد الخاص مصطفى كمال بباردو ;ثانوي;116 شارع 20 مارس 1956 باردو
2;تونس 2;باردو;المدرسة الإعدادية الخاصة جون جاك روسو باردو;ثانوي;18 نهج ابن خلدون باردو  
2;تونس 2;المنزه;المدرسة الإعدادية الخاصة الشنوفي ميتوالفيل;ثانوي;1 نهج الرياض ميتوال فيل
2;تونس 2;المنزه;"المدرسة الإعدادية الخاصة ""الاطلس"" ميتوالفيل";ثانوي;40 نهج طارق ابن زياد موتيال فيل
2;تونس 2;المنزه;المعهد الخاص نورالدين الشملي;ثانوي;5 نهج ابن حمديس المنزه 1
2;تونس 2;العمران;المعهد الخاص الرشاد;ثانوي;01 شارع 20 مارس باب سعدون
2;تونس 2;المنزه;مؤسسة عليسة;ثانوي; rue mahmoud ghaznAoui 22 menzah4
2;تونس 2;المنزه;مدرسة حنبعل الخاصة;ثانوي;47 نهج محمد عبد الوهاب المنار1
2;تونس 2;العمران;المعهد الخاص النخبة;ثانوي;34 نهج أحمد أمين العمران
2;تونس 2;التحرير;المدرسة الإعدادية الخاصة الشعلة;ثانوي;6 نهج 62127 حي الصديق العمران الأعلى
2;تونس 2;باردو;المعهد الخاص بيرم التونسي;ثانوي;66 شارع بيرم التونسي باردو
2;تونس 2;العمران الأعلى;المعهد الخاص الآفاق;ثانوي;05نهج 62104 حي ابن خلدون 
2;تونس 2;الحرايرية;المعهد الخاص الخوارزمي;ثانوي;2 نهج سوق البلاغجية الزهروني
2;تونس 2;العمران الأعلى;المعهد الخاص الإنطلاقة;ثانوي;15 نهج الصغير الفندولي حي الانطلاقة
2;تونس 2;العمران الأعلى;المعهد الخاص لؤلؤة المشكاة بالعمران الأعلى;ثانوي;المنطقة الصناعية حي ابن خلدون العمران الاعلى نهج 6218
2;تونس 2;باردو;المعهد الخاص المنهل;ثانوي;56 شارع 02 مارس 1934
2;تونس 2;باردو;المعهد الخاص لافونتان;ثانوي;24 شارع المنجي سليم باردو
2;تونس 2;باردو;المدرسة الإعدادية الخاصة ابن سينا;ثانوي;10 نهج أحمد التليلي باردو
2;تونس 2;باردو;المدرسة الإعدادية الخاصة محمود المسعدي باردو;ثانوي;13 نهج صلاح الدين الأيوبي
2;تونس 2;الحرايرية;المعهد الخاص رسلان سكول بالزهروني;ثانوي;20 مكرر شارع النخيل الزهروني 
2;تونس 2;باردو;المعهد الخاص صدربعل;ثانوي;132 نهج العربي زروق 
2;تونس 2;المنزه;المدرسة الإعدادية الخاصة الأفق بالمنار1;ثانوي;5 مكرر شارع محمد عبد الوهاب المنار 1
2;تونس 2;المنزه;المعهد الخاص فوغالي;ثانوي;شارع البيئة سيدي حسين 
3;أريانة;أريانة;معهد المنقذ الخاص بأريانة;ثانوي;03 نهج مالي أريانة الجديدة
3;أريانة;أريانة;المعهد الثانوي الخاص الخوارزمي;ثانوي;04 نهج البشير سعود-اريانة
3;أريانة;حي التضامن;معهد النصر الخاص;ثانوي;شارع ابن خلدون نهج الاعشى التضامن اريانة 
3;أريانة;أريانة;بيت الحكمة;ثانوي;75 شارع افريقيا المنزه 5
3;أريانة;أريانة;م .إ .خ سليم النصر 2;ثانوي;تقسيم E 40 النصر 2 
3;أريانة;أريانة;المعهد الثانوي الخاص الجمهورية;ثانوي;02 نهج ابن المقفع حي التعمير 1 أريانة
3;أريانة;أريانة;المعهد الخاص دار المعارف المنزه 6;ثانوي;10 نهج حليمة السعدية المنزه 6
3;أريانة;أريانة;م.إ .الخاصة ينبوع المعرفة;ثانوي;رياض الأندلس نهج الورود
3;أريانة;أريانة;المعهد الخاص المنزه;ثانوي;14 نهج حسان ابن ثابت المنزه السادس
3;أريانة;أريانة;المعهد الرشيدي الخاص;ثانوي;26 شارع فرحات حشاد اريانة
3;أريانة;أريانة;معهد ريني ديكارت الخاص النصر 2;ثانوي;شارع جاكارند النصر 2
3;أريانة;أريانة;المعهد الثانوي الخاص سليم سكول النصر 2;ثانوي;تقسيم E 39 النصر 2 
3;أريانة;سكرة;المدرسة الإعدادية الخاصة الفوز الدولية بسكرة;ثانوي;تونس شطرانة 03 نهج المسعودي
3;أريانة;المنيهلة;المدرسة الإعدادية الخاصة سليمة سكول;ثانوي;حدائق المنزه1
3;أريانة;أريانة;م. إ ع .الخاصة تو ذو توب أكدمي;ثانوي;20 نهج أوكرانيا النصر1
3;أريانة;رواد;م.إع.الخاصة جون جاك روسو;ثانوي;14 نهج سالم بو حاجب المنزه 8 اريانة
3;أريانة;رواد;م.إع. الخاصة ايسور Essor Edu;ثانوي;مقطع 87 المنطقة الصناعية شطرانة 1
3;أريانة;أريانة;المعهد الخاص فينكس;ثانوي;52 شارع معاوية ابن ابي سفيان المنزه 7
3;أريانة;أريانة;المعهد الخاص ماري كوري;ثانوي;11 نهج عبد العزيز المستوري النصر 2 
3;أريانة;أريانة;المدرسة الإعدادية الخاصة مونديال كولاج;ثانوي;55شارع معاوية ابن ابي سفيان  المنزه 6
3;أريانة;أريانة;مؤسسة المنازه للتعليم الخاص;ثانوي;100 شارع افريقيا المنزه 5 أريانة
3;أريانة;رواد;المدرسة الأعدادية الخاصة روبار الصغير;ثانوي;26 نهج بني حسان برج الوزير سكرة، أريانة
3;أريانة;سكرة;المدرسة الإعدادية مونتانيو;ثانوي;24 نهج المسعودي شطرانة 3 سكرة أريانة
3;أريانة;رواد;المعهد الخاص المثالية الغزالة رواد;ثانوي;المنطقة الصناعية شطرانة 2 ، مقسم 102 رواد
3;أريانة;سكرة;المدرسة الإعدادية لاجوكندا;ثانوي;إقامة الياس دار فضال سكرة
3;أريانة;أريانة;المدرسة الإعدادية الخاصة دار الاسرة شارلماني المنزه السادس;ثانوي;02 نهج المعهد المنزه6
3;أريانة;أريانة;"المدرسة الإعدادية الخاصة ""best college"" بالنصر2";ثانوي;المدرسة الاعدادية الخاصة باست كولاج .4نهج مدينة الرضوة. النصر2
3;أريانة;أريانة;"المدرسة الإعدادية الخاصة ""turing school"" بأريانة";ثانوي;نهج الرباط  المنزه8، أريانة
3;أريانة;المنيهلة;"المعهد الخاص النخبة "" les elites"" بحدائق المنزه";ثانوي;1 شارع النرجس حدائق المنزه2 
4;منوبة;طبربة;المعهد الثانوي الخاص الحرية - طبربة;ثانوي;حي السويح 2 طبربة
4;منوبة;منوبة;المعهد الثانوي الخاص الأمين - الدّندان;ثانوي;12 نهج الصناعات التقليدية الدندان
4;منوبة;منوبة;المعهد الثانوي الخاص الأحمدية - منّوبة;ثانوي;3 نهج سجنان حي الامل الدندان 
4;منوبة;منوبة;المعهد الثانوي الخاص أريج العلم - منّوبة;ثانوي;29 شارع فرحات حشاد منوبة 
4;منوبة;واد الليل;المعهد الثانوي الخاص الطاهر الحداد وادي الليل;ثانوي;ساحة المغرب العربي الكبير
4;منوبة;المرناقية;المعهد الثانوي الخاص السليم - المرناقيّة;ثانوي;04 نهج طه حسين حي البساتين المرناقية
4;منوبة;برج العامري;المعهد الثانوي الخاص العلماء - برج العامري;ثانوي;الحي الصناعي شارع الحبيب بورقيبة برج العامري
4;منوبة;منوبة;المعهد الثانوي الخاص المنيار - وادي قريانة;ثانوي;نهج جورجي زيدان حي الوفاق عدد1 الدندان
4;منوبة;واد الليل;المعهد الثانوي الخاص حنّبعل - وادي اللّيل;ثانوي;الطابق الثاني، إقامة الصمعي بوادي الليل
4;منوبة;المرناقية;المعهد الثانوي الخاص الصادقية - المرناقية;ثانوي;شارع الحبيب بورقيبة - المرناقية 
4;منوبة;منوبة;المدرسة الإعداديّة الخاصّة ابن رشد - منّوبة;ثانوي;2 نهج بلجيكيا منوبة
4;منوبة;منوبة;المدرسة الإعداديّة الخاصّة الاسكندر الأكبر- منّوبة;ثانوي;11 شارع فرحات حشاد منوبة 
4;منوبة;منوبة;المدرسة الإعداديّة الخاصّة الغد - منّوبة;ثانوي;56نهج قصر السعيد حي الأمل الدندان منوبة
4;منوبة;البطان;المعهد الخاص النّور - البطّان;ثانوي;حي بن غنية البطان
4;منوبة;منوبة;المعهد الخاص ماري كوري بمنوبة;ثانوي;30 نهج الشغالين منوبة 2010
5;بن عروس;حمام الأنف;المعهد الخاص بوقرنين;ثانوي;26 نهج علي باش حامبة حمام الانف
5;بن عروس;الزهراء;المدرسة الإعدادية الخاصة سليمة الزهراء;ثانوي;الطريق الرئيسي رقم 1 كم 13.7 الزهراء 
5;بن عروس;مقرين;المعهد الخاص الأمل سيدي رزيق;ثانوي;03 نهج الإمام إبن عرفة مقرين
5;بن عروس;رادس;المعهد الخاص التوفيق رادس;ثانوي;23 شارع فرحات حشاد رادس
5;بن عروس;بن عروس;المعهد الخاص ابن سينا بن عروس;ثانوي;
5;بن عروس;فوشانة;المعهد الخاص المتنبي فوشانة;ثانوي;نهج بيرم التونسي حي العمري فوشانة 
5;بن عروس;حمام الأنف;المعهد الخاص المنهل حمام الأنف;ثانوي;75 نهج الفاضل بن عاشور حمام الأنف 
5;بن عروس;المحمدية;المعهد الخاص النجاح المحمدية;ثانوي;نهج معهد المحمدية 2
5;بن عروس;الزهراء;المعهد الخاص الأجيال الزهراء;ثانوي;48 شارع 14 جانفي الزهراء
5;بن عروس;مرناق;المعهد الخاص صميدة للتدارك مرناق;ثانوي;شارع فرحات حشاد مرناق
5;بن عروس;مرناق;المعهد الخاص التوحيدي مرناق;ثانوي;نهج بلال ابن رباح حي النزهة مرناق
5;بن عروس;بن عروس;المعهد الخاص الطاهر بن عاشور بن عروس;ثانوي; 31نهج محمد الخامس بن عروس
5;بن عروس;بومهل البساتين;المعهد الخاص القرماسي بومهل;ثانوي;66 شارع الحرية بومهل البساتين
5;بن عروس;المدينة الجديدة;المعهد الخاص أمل النجاح المدينة;ثانوي;305 شارع فيصل بن عبد العزيز المدينة الجديدة
5;بن عروس;المروج;المدرسة الإعدادية الخاصة لاجوكندا المروج;ثانوي;نهج بن منظور المروج 1
5;بن عروس;مقرين;المدرسة الإعدادية الخاصة الحمائم الثلاث مقرين;ثانوي;1.الطريق الحزامية z4 مقرين2014
5;بن عروس;المروج;المعهد الخاص ابن رشد المروج;ثانوي;108 شارع روما المروج الرابع
5;بن عروس;فوشانة;المعهد الخاص الإمام سحنون;ثانوي;حي  الوفاق فوشانة
5;بن عروس;بومهل البساتين;المدرسة الإعدادية الخاصة الطالب بومهل;ثانوي;02 نهج ايطاليا بومهل
5;بن عروس;حمام الأنف;مدرسة مونتسوري الدولية حمام الأنف;ثانوي;04 نهج قابس حمام الأنف 
5;بن عروس;مرناق;المعهد الخاص نيبر بمرناق;ثانوي;شارع المنجي سليم
5;بن عروس;رادس;المعهد الخاص أبولو تنجر سكول;ثانوي;6 نهج الضفة  الوليجة رادس 
5;بن عروس;فوشانة;المعهد الخاص الشابي للنجاح بنعسان;ثانوي;7 نهج الوفاء حي فيالة نعسان
5;بن عروس;مقرين;م إعدادية .خ الجيل الجديد (أولادي)مقرين;ثانوي;13  نهج لويس باستور مقرين
5;بن عروس;الزهراء;المدرسة الإعدادية الخاصة طريق المعرفة الزهراء;ثانوي;    56 شارع الحبيب ثامر الزهراء                                               
5;بن عروس;المروج;المعهد الخاص شوقي سكول بالمروج 1;ثانوي;شارع الحبيب ثامر المروج 1
5;بن عروس;رادس;المدرسة الإعدادية الخاصة نور الدين السعيدي برادس;ثانوي;83 شارع الحبيب بورقيبة
5;بن عروس;حمام الشط;المدرسة الإعدادية الخاصة بلقيس;ثانوي;18 نهج ابن رشيق - حمام الشط
5;بن عروس;المدينة الجديدة;"المدرسة الإعدادية الخاصة بيونر"" pioneer"" المدينة الجديدة";ثانوي;51 نهج فيصل بن عبدالعزيز المدينة الجديدة
5;بن عروس;المروج;المعهد الخاص 'الإمتياز' بالمروج 6;ثانوي;تقسيم  AFH عدد E63 المروج 6
5;بن عروس;المروج;"العهدالخاص"" البوسليمي سكول"" المروج الرابع";ثانوي;1شارع روما المروج4
5;بن عروس;رادس;المدرسة الإعدادية الخاصة إكسال هاي سكول رادس مليان;ثانوي;نهج تونس رادس
5;بن عروس;مقرين;"المدرسة الإعدادية الخاصة المرج الأخضر ""le pré vert""";ثانوي;93شارع الجمهورية مقرين كطو
5;بن عروس;رادس;المعهد الخاص الياسمين برادس;ثانوي;10 نهج فاس رادس مليان
5;بن عروس;بومهل البساتين;المعهد الخاص شالنج سكول ببومهل;ثانوي;19 نهج المانية حي البساتين بومهل
5;بن عروس;فوشانة;المدرسة الإعدادية الخاصة الإحسان;ثانوي;شارع الحرية فوشانة بن عروس
6;زغوان;زغوان;المعهد الخاص بيازيد بزغوان;ثانوي;حي البساتين زغوان
6;زغوان;زغوان;النسرين زغوان;ثانوي;نهج تستور الكنيسة القديمة زغوانن
6;زغوان;زغوان;ابن عرفة الفحص;ثانوي;طريق  القيروان شارغ  02 مارس  الفحص
6;زغوان;الناظور;المعهد الخاص الإمتياز بالناظور;ثانوي;شارع 14  جانفي طريق النفيضة الناظور زغوان
6;زغوان;زغوان;المعهد الخاص البخاري +;ثانوي;طريق جيملة زغوان 1100
6;زغوان;زغوان;المدرسة الإعدادية الخاصة اللوز سكول;ثانوي;شارع الأرض زغوان
7;بنزرت;منزل بورقيبة;المعهد الخاص النجـــاح;ثانوي;نهج الحبيب بوقطفة 
7;بنزرت;ماطر;المعهد الخاص خـالـد بـن الوليـد;ثانوي;نهج بالمة ماطر
7;بنزرت;رأس الجبل;المعهد الخاص آفــاق جــديـدة;ثانوي;شارع 14 جانفي رأس الجبل
7;بنزرت;بنزرت الشمالية;المعهد الخاص حنبعــل;ثانوي;
7;بنزرت;رأس الجبل;المعهد الخاص المتنبــي;ثانوي;نهج أبو حامد الغزالي برأس الجبل 
7;بنزرت;سجنان;المعهد الخاص الـرقـي سجنــان;ثانوي;شارع بورقيبة سجنان
7;بنزرت;ماطر;المعهد الخاص الأمـل;ثانوي;14 نهج البنفسج حي الزهور ماطر
7;بنزرت;بنزرت الشمالية;المعهد الخاص ابن رشيــق;ثانوي;نهج اسبانيا
7;بنزرت;منزل بورقيبة;المعهد الخاص الغـزالـي منزل بورقيبة;ثانوي;09 نهج الحبيب بوقطفة منزل بورقيبة
7;بنزرت;بنزرت الشمالية;المعهد الخاص المعرفة;ثانوي;56 نهج روسيا بنزرت
7;بنزرت;بنزرت الشمالية;المعهد الخاص الـوفـاق;ثانوي;
7;بنزرت;العالية;المعهد الخاص الغـزالـي العـاليــة;ثانوي;شارع الحبيب بورقيبة العالية
7;بنزرت;بنزرت الشمالية;المعهد الخاص بيـت الحكمـة;ثانوي;3  نهج  با ش     حانبه 
7;بنزرت;بنزرت الشمالية;المدرسة الإعدادية الخاصة الإمتياز;ثانوي;4 نهج يوغرطة عين مريم بنزرت
7;بنزرت;ماطر;المعهد الخاص ابن رشد;ثانوي;حي الزهور 2 ماطر
7;بنزرت;بنزرت الشمالية;المدرسة الإعدادية الخاصة المستقبل;ثانوي;171شارع حسن النوري بنزرت
7;بنزرت;منزل بورقيبة;المدرسة الإعدادية الخاصة قرطاج;ثانوي;10نهج باجة منزل بورقيبة
7;بنزرت;بنزرت الشمالية;المدرسة الإعدادية الخاصة النخبة;ثانوي;شارع علي النوري الكرنيش بنزرت 
7;بنزرت;بنزرت الشمالية;المدرسة الإعدادية الخاصة الجلجلي التحدي;ثانوي;14 تقسيم الصدقاوي البحيرة بنزرت
7;بنزرت;بنزرت الشمالية;المعهد الخاص التنوير;ثانوي;عمارة بن رحومة حي الطيران واد المرج بنزرت
7;بنزرت;بنزرت الشمالية;المدرسة الإعدادية الخاصة النجباء;ثانوي;66 شارع فرحات حشاد بنزرت
7;بنزرت;منزل بورقيبة;المدرسة الإعدادية الخاصة الكواكب;ثانوي;نهج الفل منزل يورقيبة
7;بنزرت;بنزرت الشمالية;المدرسة الإعدادية الجيل الجديد;ثانوي;نهج الصنهاجين حي النخلة بنزرت
7;بنزرت;منزل بورقيبة;المدرسة الخاصة فيري فيل;ثانوي;نهج أبو القاسم الشابي عدد 10 منزل بورقيبة
7;بنزرت;بنزرت الشمالية;المعهد الخاص الإمتياز;ثانوي;شارع خليل الفوشالي حي الصحة بنزرت
7;بنزرت;بنزرت الشمالية;المعهد الخاص البلومي للإرادة;ثانوي;نهج عبد العزيز الثعالبي
7;بنزرت;منزل جميل;"المعهد الخاص ""نحو المجد""";ثانوي;زنقة أمين الريحاني شارع الحبيب بورقيبة
7;بنزرت;بنزرت الشمالية;المعهد الخاص دافنتشي;ثانوي;99 مكرر الكرنيش 2 البحيرة 
7;بنزرت;تينجة;"المعهد الخاص "" غاندي"" بتينجة";ثانوي;حي الفتح تينجة 
7;بنزرت;تينجة;"المدرسة الإعدادية الخاصة "" الفارابي "" بتينجة";ثانوي;نهج سبيطلة تينجة
7;بنزرت;منزل بورقيبة;"المعهد الخاص "" الفاتح "" بمنزل بورقيبة";ثانوي;3 نهج سوسة منزل بورقيبة
7;بنزرت;منزل بورقيبة;"المعهد الخاص "" رامانوجان "" بمنزل بورقيبة";ثانوي;نهج ابن رشد منزل بورقيبة
7;بنزرت;العالية;"المدرسة الإعدادية الخاصة "" الجيل الرائد"" بالعالية";ثانوي;شارع المغرب العربي 
7;بنزرت;بنزرت الشمالية;"المدرسة الإعدادية الخاصة "" Gustave Effel"" ببنزرت الشمالية";ثانوي;شارع عين مريم طريق الناظور
7;بنزرت;رأس الجبل;المدرسة الخاصة البيروني;ثانوي;رأس الجبل طريق تونس
7;بنزرت;العالية;م.إ privilege School;ثانوي;شارع الحبيب بورقيبة  طريق بنزرت
7;بنزرت;بنزرت الشمالية;م, إ. الخاصة jule Verne;ثانوي;نهج الإمام مالك حي عين مريم بنزرت 
8;باجة;باجة الشمالية;المعهد الخاص ابن خلدون;ثانوي;شارع الجمهورية باجة الجنوبية
8;باجة;مجاز الباب;المعهد الخاص العزيز;ثانوي;حى الاساتذة مجاز الباب
8;باجة;نفزة;المعهد الخاص الخنساء;ثانوي;حي الإستقلال عدد43
8;باجة;تبرسق;المعهد الخاص الامل تبرسق;ثانوي;شارع المغرب العربي الكبير
8;باجة;مجاز الباب;المعهد الخاص العلا;ثانوي;13 شارع الهادي شاكر مجاز الباب
8;باجة;تستور;المعهد الخاص النور;ثانوي;ساحة الشهداء تستور
8;باجة;قبلاط;المعهد الخاص التوفيق;ثانوي;شارع الحبيب بورقيبة قبلاط 
8;باجة;تبرسق;إبن الهيثم الخاص تبرسق;ثانوي;نهج الهادي نويرة عين الكرمة تبرسق
8;باجة;مجاز الباب;المعهد الخاص العزيمة;ثانوي;حي العزيمة 1 نهج ابو نواس مجاز الباب
8;باجة;باجة الجنوبية;المعهد الخاص المستقبل;ثانوي;شارع الحبيب ثامر باجة الجنوبية
8;باجة;باجة الجنوبية;المعهد الخاص المجد;ثانوي;نهج الحبيب ثامر باجة
8;باجة;مجاز الباب;المعهد الخاص النور مجاز الباب;ثانوي;1 حي الأساتذدة مجاز الباب 
9;جندوبة;جندوبة الجنوبية;شركة بن صغير للتعليم الحر جندوبة;ثانوي;01 نهج حنبعل
9;جندوبة;جندوبة الجنوبية;المعهد الخاص إبن رشد جندوبة;ثانوي;المعهد الثانوي الخاص ابن رشد حي النخيل الثاني جندوبة
9;جندوبة;عين دراهم;المعهد الخاص إبن شرف عين دراهم;ثانوي;حي 2 مارس عين دراهم
9;جندوبة;غار دماء;المعهد الخاص عمر الخيام غار الدماء;ثانوي;حي النهوض 2 غارالدماء
9;جندوبة;بوسالم;المعهد الخاص إبن الهيثم بوسالم;ثانوي;33 شارع الحبيب بورقيبة بوسالم 
9;جندوبة;بوسالم;المعهد الخاص الإرتقاء بوسالم;ثانوي;نهج محمد علي ببوسالم
9;جندوبة;جندوبة الجنوبية;المعهد الخاص فرحات حشاد جندوبة;ثانوي;نهج بشار بن برد عدد3 حي النزهة جندوبة
9;جندوبة;طبرقة;المعهد الخاص إبن سينا طبرقة;ثانوي;حي المرجان طريق تونس طبرقة
10;سليانة;سليانة الشمالية;المعهد الخاص ابن ابي الضياف سليانة;ثانوي;
10;سليانة;سليانة الشمالية;المعهد الخاص التوفيق مكثر;ثانوي;حي الأنس مكثر
10;سليانة;سليانة الشمالية;المعهد الخاص الامتياز بوعرادة;ثانوي;نهج 13 اوت بوعرادة
10;سليانة;سليانة الشمالية;المعهد الخاص المستقبل الكريب;ثانوي; حي النصر الكريب
10;سليانة;سليانة الشمالية;المعهد الخاص التفوق سليانة;ثانوي;شارع أبو القاسم الشابي سليانة
11;الكاف;الدهماني;المعهد الخاص الحرية الدهماني;ثانوي;حي ابن خلدون بالدهماني
11;الكاف;تاجروين;المعهد الخاص لقمان بتاجروين;ثانوي;شارع الحبيب بورقيبة تاجروين
11;الكاف;الكاف الشرقية;المعهد الخاص إبن رشيق بالكاف;ثانوي;شارع الطيب المهبري الكاف
11;الكاف;القصور;المعهد الخاص سيدي منصور القصور;ثانوي;صندوق بريد عدد 38 القصور 7160
11;الكاف;الكاف الشرقية;المعهد الخاص ماسينيسا بالكاف;ثانوي;نهج الهادي شاكر الكاف
11;الكاف;تاجروين;المعهد الخاص النجاح بتاجروين;ثانوي;11 نهج الرازي تاجروين 
11;الكاف;الكاف الشرقية;المعهد الخاص خير الدين باشا بالكاف;ثانوي;شارع المنجي سليم قرب الاذاعة
11;الكاف;الكاف الشرقية;المعهد الخاص.الأمل بالكاف;ثانوي;شارع المنجي سليم بالكاف
11;الكاف;ساقية سيدي يوسف;المعهد الخاص الإمتياز س س يوسف;ثانوي;نهج الحبيب ثامر الساقية
12;القصرين;فريانة;المعهد الخاص الحرية فريانة;ثانوي;شارع الحبيب بورقيبة فريانة 
12;القصرين;تالة;المعهد الخاص الحرية بتالة;ثانوي;حي السنيت تالة
12;القصرين;سبيبة;المعهد الخاص الحرية سبيبة;ثانوي;07 شارع الحرية سبيبة 1270
12;القصرين;سبيطلة;المعهد الخاص الحرية سبيطلة;ثانوي;نهج ليبيا سبيطله
12;القصرين;الزهور;المعهد الخاص النجاح القصرين;ثانوي;معتمدية الزهور - القصرين 
12;القصرين;الزهور;المعهد الخاص الأفاق بالقصرين;ثانوي;نهج الاوراس حي الزهور
12;القصرين;القصرين الشمالية;المعهد الخاص الخوارزمي القصرين;ثانوي;نهج حنبعل عدد 4 حي النور القصرين
12;القصرين;سبيطلة;المعهد الخاص الجوهرة سبيطلة;ثانوي;31شارع الطيب المهيري سبيطلة
12;القصرين;ماجل بن عباس;المعهد الخاص ابن سينا ماجل بلعباس;ثانوي;حي المعهد ماجل بلعباس 
12;القصرين;فوسانة;المعهد الخاص الأمل فوسانة;ثانوي;حي الفتح بفوسانة
12;القصرين;القصرين الشمالية;المعهد الخاص ابن خلدون القصرين;ثانوي;شارع 14جانفي القصرين
12;القصرين;فوسانة;المعهد الخاص 9 أفريل فوسانة;ثانوي;فوسانة
12;القصرين;فريانة;المعهد الخاص الأمل فريانة;ثانوي;شارع الحبيب بورقيبة فريانة
12;القصرين;القصرين الشمالية;المعهد الخاص إبن رشد القصرين;ثانوي;شارع 14 جانفي القصرين
12;القصرين;سبيطلة;المعهد الخاص النجاح سبيطلة;ثانوي;52 شارغ الحبيب ثامر سبيطله
12;القصرين;القصرين الشمالية;المعهد الخاص الروابي;ثانوي;الحي الأولمبي القصرين
12;القصرين;العيون;المعهد الخاص الامتياز;ثانوي;العيون القصرين 
12;القصرين;القصرين الشمالية;المعهد الخاص ميريت التعليمية بالقصرين;ثانوي;14 نهج رشيد الجباري  القصرين
12;القصرين;القصرين الشمالية;المعهد الخاص الإضافة بالقصرين;ثانوي;الطريق الحزامية الصغرى حي البساتين الثالث القصرين 
13;سيدي بوزيد;سيدي بوزيد الغربية;معهد الامل الخاص;ثانوي;شارع الجمهورية سيدي بوزيد
13;سيدي بوزيد;المكناسي;المعهد الخاص الحسين بوزيان;ثانوي;شارع الحبيب بورقيبة بالمكناسي 
13;سيدي بوزيد;سيدي بوزيد الغربية;معهد الوسط الخاص;ثانوي;29 نهج احمد التليلي 
13;سيدي بوزيد;المكناسي;معهد السعادة الخاص;ثانوي;شارع الحبيب بورقيبة 
13;سيدي بوزيد;منزل بوزيان;المعهد الخاص عمر بن الخطاب;ثانوي;منزل بوزيان
13;سيدي بوزيد;سيدي بوزيد الغربية;معهد المنار الخاص;ثانوي;3نهج الكويت سيدي بوزيد
13;سيدي بوزيد;الرقاب;معهد الحرية الخاص;ثانوي;طريق صفاقس كلم 1.5 بجانب دار الشباب بالرقاب 
13;سيدي بوزيد;المزونة;المعهد الخاص خير الدين باشا;ثانوي;حي النور المزونة 
13;سيدي بوزيد;سيدي بوزيد الغربية;المعهد الخاص النخبة سيدي بوزيد;ثانوي;شارع الحبيب بورقيبة عمارة الحاج رؤوف نصيري سيدي بوزيد 
13;سيدي بوزيد;المكناسي;المعهد الخاص الشهيد محمد البراهمي;ثانوي;طريق قفصة كم 1 المكناسي
13;سيدي بوزيد;المزونة;المعهد الخاص 09 افريل1938;ثانوي;المفترق الدائري المزونة_المكناسي
13;سيدي بوزيد;سيدي بوزيد الغربية;المعهد الخاص المعارف;ثانوي;
13;سيدي بوزيد;سيدي بوزيد الغربية;المعهد الخاص فيكتور هيقو;ثانوي;شارع 17 ديسمبر 2010 تقاسيم السائح - قبالة المركب الشبابي بسيدي بوزيد 
13;سيدي بوزيد;سيدي بوزيد الغربية;المعهد الخاص ابن سينا;ثانوي;حي الحدائق سيدي بوزيد
13;سيدي بوزيد;سيدي بوزيد الغربية;المعهد الخاص الفوز;ثانوي;حي الياسمي -التقاسيم- طريق كلية العلوم سيدي بوزيد
13;سيدي بوزيد;بئر الحفي;المدرسة الإعدادية الخاصة حنبعل;ثانوي;شارع البيئة بئر الحفي
13;سيدي بوزيد;بئر الحفي;"المعهد الخاص ""افاق"" بئر الحفي";ثانوي;حي النور بئر الحفي 
13;سيدي بوزيد;سيدي بوزيد الشرقية;"المعهد الخاص ""AVG SCHOOL"" بسيدي بوزيد";ثانوي;حي التقاسيم سيدي بوزيد 
13;سيدي بوزيد;جلمة;"المعهد الخاص ""انس سكول"" بجلمة";ثانوي;شارع الحرية جلمة 
13;سيدي بوزيد;سيدي بوزيد الشرقية;المعهد الخاص التميز بسيدي بوزيد ;ثانوي;تقسيم الياسمين سيدي بوزيد سيدي بوزيد 
13;سيدي بوزيد;سيدي بوزيد الغربية;المدرسة الإعدادية الخاصة أكاديمية قادة المستقبل بسيدي بوزيد;ثانوي;شارع اتحاد المغرب العربي 
14;قفصة;المتلوي;المعهد الخاص الحرية المتلوي;ثانوي;حي النسيم بالمتلوي
14;قفصة;الرديف;المعهد الخاص ابن خلدون الرديف;ثانوي;شارع ابن منظور الرديف
14;قفصة;القطار;المعهد الخاص الحرية القطار;ثانوي;شارع الخليل القطار 
14;قفصة;قفصة الجنوبية;المعهد الخاص ابن منظور قفصة;ثانوي;شارع الطاهر الحداد حي النور قفصة
14;قفصة;أم العرايس;المعهد الخاص الحرية أم العرائس;ثانوي;حي الأمل أم العرائس
14;قفصة;القصر;المعهد الخاص الأمل القصر;ثانوي;طريق قابس القصر قفصة
14;قفصة;قفصة الجنوبية;المعهد الخاص ابن شباط قفصة;ثانوي;شارع طارق إبن زياد حي النور قفصة
14;قفصة;أم العرايس;المعهد الخاص أبو القاسم الشابي أم العرائس;ثانوي;طريق الرديف أم العرائس 
14;قفصة;السند;المعهد الخاص ابن سينا السند;ثانوي;حي الزيتونة السند
14;قفصة;المتلوي;المعهد الخاص الإمتياز المتلوي;ثانوي;حي السعادة الغربي المتلوي
14;قفصة;بلخير;المعهد الخاص الفرابي بلخير;ثانوي;بلخير
14;قفصة;زانوش;المعهد الخاص الإرتقاء زانوش;ثانوي;حي النور زانوش
14;قفصة;قفصة الجنوبية;المعهد الخاص المصعد;ثانوي;شارع حسين قدوزقبالة المبيت الجامعي احمد التيفاشي سيد ي احمد زروق قفصة
14;قفصة;قفصة الجنوبية;المعهد الخاص نوميديا قفصة;ثانوي;حي المنزة طريق المطار راس الكاف قفصة
14;قفصة;قفصة الجنوبية;المعهد الخاص أفيسان سكول قفصة الجنوبية;ثانوي;نهج النصر, ص.ب 1080 قفصة الانطلاقة
14;قفصة;قفصة الجنوبية;المعهد الخاص النصر;ثانوي;عمارة العجمي حي الشريف الدوالي قفصة
14;قفصة;قفصة الجنوبية;المعهد الخاص سماح سكول;ثانوي;شارع حبيب بورقيبة
14;قفصة;المتلوي;المعهد الخاص الحياة المتلوي;ثانوي;حي السعادة الغربي المتلوي
14;قفصة;قفصة الجنوبية;المعهد الخاص أميلكار;ثانوي;نهج عمان حي الشباب قفصة
14;قفصة;قفصة الجنوبية;المعهد الخاص حنبعل;ثانوي;شارع الحبيب بورقيبة، حومة الواد قفصة
14;قفصة;قفصة الجنوبية;المعهد الخاص نخبة العلم;ثانوي;شارع فلسطين حي النور قفصة
14;قفصة;المتلوي;المعهد الخاص النصر;ثانوي;حي الثالجة-1- المتلوي 
14;قفصة;المظيلة;المعهد الخاص الأفق;ثانوي;الحي الشرقي المظيلة
15;توزر;توزر;المعهد الخاص الحرية توزر;ثانوي; التبابسة الهوادف توزر
15;توزر;نفطة; المعهد الخاص الحرية نفطة;ثانوي; طريق الصحراء بلاص نفطة 
15;توزر;دقاش; المعهد الخاص الفوز دقاش;ثانوي;شارع 11 جانفي 2011 بدقاش
15;توزر;توزر; المعهد الخاص الشقراطسي توزر;ثانوي; 16 طريق دقاش توزر
15;توزر;توزر;المدرسة الاعدادية النموذجية توزر;ثانوي;حلبة خلف الهرم طريق الحامة توزر
15;توزر;توزر;"المدرسة الإعدادية ""TAKE-OFF"" توزر";ثانوي; حي الشابي 1 توزر
15;توزر;توزر;"المعهد الخاص ""ابن سينا "" توزر";ثانوي;الشابية توزر
15;توزر;توزر;"المعهدالخاص ""أبو القاسم الشابي ""توزر";ثانوي; طلريق المحطة الهبايلة توزر
16;قبلي;قبلي الشمالية;المعهد الخاص ابن خلدون قبلي;ثانوي;شارع الحبيب بورقيبة  بقبلي
16;قبلي;قبلي الشمالية;المعهد الخاص المستقبل قبلي;ثانوي;
16;قبلي;دوز الشمالية;المعهد الخاص الحرية دوز;ثانوي;صندوق برد 97 دوز
16;قبلي;سوق الأحد;المعهد الخاص ابن عرفة سوق الأحد;ثانوي;طريق توزر - سوق الاحد      ص ب 53
16;قبلي;دوز الشمالية;المعهد الخاص الإمتياز دوز;ثانوي;شارع الحبيب بورقيبة -دوز
16;قبلي;قبلي الشمالية;المدرسة الإعدادية الخاصة الفوز;ثانوي;طريق توزر قبلي
16;قبلي;قبلي الشمالية;معهد الأمل الخاص بقبلي;ثانوي;طريق قابس
16;قبلي;دوز الشمالية;الأكرم;ثانوي;حي اولاد يحي
17;تطاوين;البئر الأحمر;المعهد الخاص ابن عرفة البئر الأحمر;ثانوي;شارع 18 جانفي 52- بالبئر الأحمر 
17;تطاوين;تطاوين الشمالية;المعهد الخاص الحرية تطاوين;ثانوي;نهج الحرية
17;تطاوين;غمراسن;المعهد الخاص الحرية غمراسن;ثانوي;162شارع البيئة
17;تطاوين;تطاوين الجنوبية;المعهد الخاص الفوز تطاوين;ثانوي;نهج الجيلاني المرزوقي تطاوين
17;تطاوين;تطاوين الجنوبية;المعهد الخاص النصر تطاوين;ثانوي;نهج 02 مارس 1934
18;مدنين;مدنين الشمالية;المعهد الخاص الحرية مدنين;ثانوي;نهج المكنين مدنين
18;مدنين;مدنين الشمالية;المعهد الخاص الامل مدنين;ثانوي;طريق قابس بجانب كلم1.5 مدنين
18;مدنين;مدنين الشمالية;المعهد الخاص المعرفة مدنين;ثانوي;نهج الغزال مدنين 
18;مدنين;جرجيس;المعهد الخاص 2ماي66 جرجيس;ثانوي;ساحة الشباب جرجيس
18;مدنين;حومة السوق;المعهد الخاص التوفيق حومة السوق;ثانوي;شارع الحبيب بورقيبة عدد 73 حومة السوق جربة ص ب 233
18;مدنين;حومة السوق;المعهد الخاص حنبعل ح السوق;ثانوي;8 نهج الفل حومة السوق جربة
18;مدنين;بن قردان;المعهد الخاص ابن سينا بنقردان;ثانوي;نهج المنجي سليم بنقردان 
18;مدنين;بن قردان;المعهد الخاص ابن خلدون بنقردان;ثانوي;طريق الورسنية كلم 0.5 بنقردان
18;مدنين;مدنين الجنوبية;المعهد الخاص الامتياز مدنين;ثانوي;نهج ابن سينا قرب المستشفي الجهوي
18;مدنين;ميدون;المعهد الخاص النجاح ميدون;ثانوي;ميدون
18;مدنين;مدنين الشمالية;الإعدادية الخاصة الشيخ الصالح سكول;ثانوي;حي الزيتوني طريق بني خداش مدنين 
18;مدنين;حومة السوق;الإعدادية الخاصة فرحات حشاد;ثانوي;شارع الحبيب ثامر جربة حومة السوق
18;مدنين;مدنين الشمالية;الإعدادية الخاصة بن محمود;ثانوي;حي النصر مدنين الشمالية
18;مدنين;حومة السوق;الإعدادية الخاصة الإندماج;ثانوي;حومة الزاوية
18;مدنين;حومة السوق;المعهد الخاص الأجيال الجديدة بمدنين;ثانوي;بوسمايل كم5 طريق اجيم حومة السوق
18;مدنين;حومة السوق;المعهد خاصة فيكتور ايكو جربة Vector Eguo;ثانوي;ROUTE DE L AEROPORT KM2 BENI BENDOU HOUMT SOUK DJERBA
19;قابس;قابس الجنوبية;المعهد الخاص الصمود قابس;ثانوي;نهج ابن فرحان حي المنارة قابس
19;قابس;مارث;المعهد الخاص الامل مارث;ثانوي;نهج سيدي عبد الجواد مارث
19;قابس;الحامة;المعهد الخاص النجاح الحامة ;ثانوي;نهج أبي نضال حي محمد علي الحامة
19;قابس;قابس المدينة;المعهد الخاص ابن سينا قابس;ثانوي;نهج محمد الدغباجي باب بحر قابس
19;قابس;قابس الجنوبية;المعهد الخاص القادسية قابس;ثانوي;شارع أبي القاسم الشابي قابس
19;قابس;قابس المدينة;المعهد الخاص المستقبل قابس;ثانوي;نهج علي بن غذاهم عين سلام قابس
19;قابس;قابس المدينة;المعهد الخاص قرطاج قابس;ثانوي;25 شارع المنجي بالي باب بحر قابس 
19;قابس;قابس المدينة;المعهد الخاص اروباس قابس;ثانوي;
19;قابس;الحامة;المعهد الخاص النور الحامة;ثانوي;معهد النور الخاص عمارة الميداني الحامة 6020 قابس
19;قابس;الحامة;المعهد الخاص ابن خلدون الحامة;ثانوي;شارع الحبيب بورقيبة عدد01 الحامة قابس
19;قابس;قابس الجنوبية;المعهد الخاص الكندي بقابس;ثانوي;شارع الأندلس 6021 غنوش قابس
19;قابس;الحامة;المدرسة الاعدادية الخاصة الافق الحامة;ثانوي;شارع القصر القديم الحامة_قابس
19;قابس;قابس الجنوبية;المعهد الخاص مؤسسة الإمتياز للتعليم الخاص;ثانوي;الحي الجامعي 
20;صفاقس 1;صفاقس المدينة;المعهد الخاص الامتياز صفاقس;ثانوي;نهج المنجي بالي صفاقس
20;صفاقس 1;صفاقس المدينة;المعهد الخاص الأسرة;ثانوي;طريق قرمدة كلم 1 صفاقس
20;صفاقس 1;صفاقس المدينة;المعهد الخاص الأمل;ثانوي;نهج عنابة صفاقس
20;صفاقس 1;صفاقس المدينة;المعهد الخاص الفتح;ثانوي;نهج أحمد الصقلي صفاقس الجديدة صفاقس
20;صفاقس 1;صفاقس المدينة;المعهد الخاص المعرفة;ثانوي;1 نهج داغ همرشولد  صفاقس
20;صفاقس 1;صفاقس المدينة;المعهد الخاص النجاح;ثانوي;طريق تونس كلم 1 صفاقس
20;صفاقس 1;صفاقس المدينة;المعهد الخاص الفارابي;ثانوي;شارع مجيدة بوليلة 
20;صفاقس 1;صفاقس المدينة;المعهد الخاص العش;ثانوي;03 نهج عزيزة عثمانة
20;صفاقس 1;صفاقس المدينة;المعهد الخاص المنار;ثانوي;44شارع الجزائر  صفاقس
20;صفاقس 1;صفاقس المدينة;المعهد الخاص إبن سينا;ثانوي;نهج الطاهر كمون الحي الخيري ص.ب عدد92 بريد الحي الخيري صفاقس 
20;صفاقس 1;صفاقس المدينة;المعهد الخاص ابن رشيق;ثانوي;شارع 14 جانفي صفاقس الجديدة
20;صفاقس 1;عقارب;المعهد 20الخاص مارس1956 عقارب;ثانوي;شارع علي البلهوان عقارب صفاقس
20;صفاقس 1;صفاقس المدينة;المعهد الخاص عمر الخيام;ثانوي;20 نهج دقة 
20;صفاقس 1;صفاقس المدينة;المعهد الخاص التوفيق;ثانوي;شارع فرحات حشاد عمارة حريز
20;صفاقس 1;بئر علي بن خليفة;المعهد الخاص علي بن خليفة ببئر علي3040;ثانوي;شارع البيئة بئر علي بن خليفة
20;صفاقس 1;صفاقس الغربية;المعهد الخاص أبو القاسم الشابي;ثانوي;طريق منزل شاكر كم 1.5 نهج أبو بكر الصديق صفاقس
20;صفاقس 1;الصخيرة;المعهد الخاص المستقبل بالصخيرة;ثانوي;قرب التجهيز قبالة دار القران الصخيرة
20;صفاقس 1;الصخيرة;المعهد الخاص الحرية بالصخيرة;ثانوي;شارع جمال عبد الناصر الصخيرة 3050
20;صفاقس 1;صفاقس المدينة;المدرسة الإعدادية الخاصة نور المعارف;ثانوي;10 نهج جالطة البستان 3000 صفاقس - نهج الكرامة البستان
20;صفاقس 1;صفاقس المدينة;المعهد الخاص ابن الشباط;ثانوي;طريق منزل شاكر كم 0.5 أمام المعهد النموذجي 
20;صفاقس 1;صفاقس الغربية;المعهد الخاص الاندلس;ثانوي;طريق المطار كلم 4
20;صفاقس 1;الغريبة;المعهد الخاص المنارة بالغريبة;ثانوي;المنار - الغريبة 
20;صفاقس 1;صفاقس الغربية;المعهد الخاص أكاديمية الرائد;ثانوي;طريق المحارزة كلم 3 حي الصحة
20;صفاقس 1;بئر علي بن خليفة;المعهد الثانوي الخاص الرشيد;ثانوي;شارع الطيب المهيري بئر علي بن خليفة صفاقس
20;صفاقس 1;عقارب;"المعهد الخاص "" التفوق"" بعقارب";ثانوي;حي بن ابراهيم  كلم 0.5 عقارب  صفاقس 
21;صفاقس 2;قرقنة;معهد الرشد الخاص;ثانوي;
21;صفاقس 2;جبنيانة;معهد إبن خلدون بجبنيانة;ثانوي;نهج مفيدة بورقيبة الحي الجديد الغربي 
21;صفاقس 2;جبنيانة;معهد الرسالة بجبنيانة;ثانوي;شارع مفيدة بورقيبة بجبنيانة
21;صفاقس 2;الحنشة;المعهد الخاص الإرتقاء بالحنشة;ثانوي;شارع خير الدين باشا
21;صفاقس 2;صفاقس الجنوبية;المدرسة الإعدادية الخاصة القبة;ثانوي;طريق الأفران كم 4.5 نهج الورود
22;المهدية;المهدية;المعهد الخاص الحرية المهدية;ثانوي;شارع علي بلهوان الزهراء المهدية
22;المهدية;قصور الساف;المعهد الخاص النجاح قصور الساف;ثانوي;
22;المهدية;الجم;الإعدادية الخاصة تيسدروس;ثانوي;شارع علي البلهوان طريق المهدية الجم
22;المهدية;شربان;المعهد الخاص الشابي شربان;ثانوي;شارع البيئةشربان
22;المهدية;السواسي;المعهد الخاص ابن شرف السواسي;ثانوي;شارع الشهيد رمزي الزرلي
22;المهدية;السواسي;المعهد الخاص غرس الله السواسي;ثانوي;شارع المغرب العربي 
22;المهدية;بومرداس;المعهد الخاص التحدي بومرداس;ثانوي;نهج بنزرت بومرداس
22;المهدية;المهدية;المعهد الخاص ابن رشيق المهدية;ثانوي;عمارة Z3شارع 2مارس 1934 المهدية
22;المهدية;المهدية;الإعدادية الخاصة النخبة;ثانوي;شارع تونس - المهدية
22;المهدية;المهدية;لإعدادية الخاصة سارة سكول أكاديمية المهدية;ثانوي;شازع الحبيب بورقيبة هيبون
22;المهدية;السواسي;الإعدادية الخاصة عزيز سكول السواسي;ثانوي;المنطقة الصناعية السواسي
22;المهدية;الجم;الإعدادية الخاصة النسرين للامتياز;ثانوي;الجم نهج فرحات حشاد
22;المهدية;قصور الساف;"المعهد الخاص ""Jean de la Fontaine""";ثانوي;
23;القيروان;القيروان الجنوبية;المعهد الخاص الحرية القيروان;ثانوي;نهج تلمسان القيروان
23;القيروان;القيروان الشمالية;المعهد الخاص النجار القيروان;ثانوي;نهج بن قوتة القيروان
23;القيروان;سيدي عمر بوحجلة;المعهد الخاص الحرية بوحجلة;ثانوي;نهج فرحات حشاد بوحجلة
23;القيروان;حاجب العيون;المعهد الخاص الحرية حاجب العيون;ثانوي;شارع المرسى حاجب العيون
23;القيروان;حفوز;المعهد الخاص الحرية حفوز;ثانوي;نهج علي البلهوان حفوز
23;القيروان;السبيخة;المعهد الخاص الحرية السبيخة;ثانوي;حي الرضة السبيخة
23;القيروان;القيروان الجنوبية;المعهد الخاص النجاح القيروان;ثانوي;شارع يحي ابن عمر - المنصورة - القيروان الجنوبية 
23;القيروان;القيروان الشمالية;المعهد الخاص ابن خلدون القيروان;ثانوي;تقسيم الربعي خلف الولاية حي إشبيلية  القيروان
23;القيروان;القيروان الشمالية;المعهد الخاص التأهيل القيروان;ثانوي;نهج خميس العلويني 
23;القيروان;حفوز;المعهد الخاص ابـن خـلـدون حــفــوز;ثانوي;نهج الملك فيصل 
23;القيروان;حفوز;المعهد الخاص التضامن حفوز;ثانوي;المعهد الخاص التضامن بحفوز
23;القيروان;الوسلاتية;المعهد الخاص الحكمـة الوسلاتيـة;ثانوي;طريق القيروان الوسلاتية
23;القيروان;القيروان الشمالية;المعهد الخاص المستقبل;ثانوي;نهج خميس العلويني القيروان
23;القيروان;القيروان الشمالية;الإعدادية الخاصة ابن سينا;ثانوي;شارع الأمم المتحدة طريق تونس
23;القيروان;القيروان الشمالية;المعهد الخاص النخبة;ثانوي;حي ابن الجزار القيروان
23;القيروان;القيروان الشمالية;المعهد الخاص قرطاج;ثانوي;شارع أنيس الجلاصي خلف فسقية الاغالبة القيروان
23;القيروان;القيروان الشمالية;معهد ميرال للتعليم الخاص;ثانوي;طريق الوسلاتية الصحابي 1 الفيروان
23;القيروان;القيروان الجنوبية;المعهد الخاص ابن رشد;ثانوي;حي المعز- قرب جامع البامري- المنصورة - القيروان
23;القيروان;القيروان الجنوبية;المعهد الخاص بيتاغور;ثانوي;نهج الزيتون - طريق صبرة - المنصورة - القيروان
23;القيروان;السبيخة;المعهد الخاص ميرا سكول السبيخة;ثانوي;قرب مفترق السبيخة gp3 
23;القيروان;القيروان الشمالية;المعهد الخاص EMI;ثانوي;حي المنار القيروان
23;القيروان;سيدي عمر بوحجلة;المدرسة الاعدادية نور بوحجلة;ثانوي;تقسيم اولاد سويدان بوحجلة
24;المنستير;المنستير;المعهد الخاص المازرية المنستير;ثانوي;نهج المغرب المنستبر
24;المنستير;قصر هلال;المعهد الخاص الفتح قصرهلال;ثانوي;28 نهج الطاهر صفر
24;المنستير;جمال;المعهد الخاص ابن خلدون جمال;ثانوي;نهج الشهداء عدد264
24;المنستير;المنستير;معهد الرقي الخاص بالمنستير;ثانوي;حي السلام المنستير
24;المنستير;جمال;المعهد الخاص العهد الجديد جمال;ثانوي;30 شارع الجمهورية جمال
24;المنستير;المنستير;المعهد الخاص الأفاق;ثانوي;مفترق الكرة الارضية شارع 14 جانفي المنستير
24;المنستير;المكنين;المعهد الخاص الآفاق بالمكنين;ثانوي;شارع الشهداء المكنين
24;المنستير;المنستير;المدرسة الخاصة فرشيو سكول بالمنستير;ثانوي;شارع فرحات حشاد - المنستير 5000
24;المنستير;المنستير;المدرسة الخاصة أرشيماد الصغير;ثانوي;نهج منداس فرنس سقانص
24;المنستير;المنستير;المعهد الخاص الدولي بالمنستير;ثانوي;شارع فطومة بورقيبة المنستير
24;المنستير;المنستير;المدرسة الخاصة بيت الحكمة;ثانوي;نهج ابن سينا المنستير. قرب كلّـيّة الطبّ
24;المنستير;قصر هلال;المعهد الخاص الفيصل;ثانوي;شارع الحاج علي صوة قصر هلال
24;المنستير;قصر هلال;المدرسة الإعدادية الخاصة فولتار;ثانوي;المنطقة الصناعية قصر هلال
24;المنستير;قصر هلال;المدرسة الإعدادية الخاصة ابن سينا;ثانوي;نهج 2 مارس 1934 قصرهلال
24;المنستير;الساحلين;المدرسة الإعدادية الخاصة الأمد;ثانوي;شارع الحبيب بورقيبة طريق سوسة الساحلين
24;المنستير;المنستير;المعهد الخاص المناهل بالمنستير;ثانوي;قبالة مستشفى الولادة حي العمران 5000 المنستير
24;المنستير;الساحلين;المدرسة الإعدادية الخاصة الفارابي;ثانوي;شارع الهادي شاكر الساحلين
24;المنستير;المنستير;المدرسة الإعدادية الخاصة برج العلم;ثانوي;شارع محمد صالح الصيادي المنستير
24;المنستير;المنستير;المدرسة الإعدادية الخاصة الرضا;ثانوي;شارع منصور السخيري حي العمران المنستير
24;المنستير;طبلبة;المدرسة الإعدادية الخاصة سندباد للتعليم;ثانوي;حي الرياض طبلبة المنستير
24;المنستير;الساحلين;المدرسة الإعدادية الخاصة رويال سكول;ثانوي;طريق مسجد عيسى المنستير
24;المنستير;البقالط;المدرسة الاعدادية الخاصة نور الامتياز;ثانوي;شارع جوهر الصقلي
25;سوسة;سوسة المدينة;المعهدالخاص التوفيق بســـو ســــــــة;ثانوي;1 نهج قسنطينة  سوسة
25;سوسة;سوسة المدينة;المعهد الخاص المنهل بســـو ســــــــة;ثانوي;5نهج صلاح الدين الأيوبي 
25;سوسة;سوسة المدينة;المعهد الخاص الأمل بســـو ســــــــة;ثانوي;26  شارع 18 جانفي سوسة
25;سوسة;حمام سوسة;المعهد الخاص النجاح بحمام سوسة;ثانوي;01 نهج ليبيا حمام سوسة
25;سوسة;سوسة الجوهرة;المعهد الخاص فيالة;ثانوي;شارع الطاهر صفر  سوسة جوهرة 
25;سوسة;القلعة الكبيرة;المعهد الخاص ابن خلدون بالقلعة الكبرى;ثانوي;نهج المنار القلعة الكبرى 
25;سوسة;النفيضة;العهد الخاص الارتقاء بالنفيضة;ثانوي;شارع الهادي شاكر النفيضة
25;سوسة;مساكن;المعهد الخاص جوهرة بمساكن;ثانوي;نهج بير مكية مساكن
25;سوسة;سوسة الجوهرة;المعهد الخاص نجوم 14جانفي 2011;ثانوي;نهج محمد العروي حي الجوهرة سوسة
25;سوسة;سوسة الجوهرة;الإعدادية الخاصة النخبة ;ثانوي;شارع محمد العروي حي جوهرة سوسة 
25;سوسة;سوسة الجوهرة;الإعدادية الخاصة العلامة سهلول4;ثانوي;شارع الصادق المقدم سهلول 3 سوسة
25;سوسة;حمام سوسة;المدرسة الإعدادية الخاصة المنشية;ثانوي;sousse
25;سوسة;سوسة الجوهرة;المعهد الخاص أكاديمية النور;ثانوي;نهج حسونة العياشي بوخزر سوسة
25;سوسة;سوسة الجوهرة;المدرسة الإعدادية الخاصة الأمد;ثانوي;شارع الامام البخاري سوسة خزامة الغربية 
25;سوسة;مساكن;المعهد الخاص المعرفة مساكن;ثانوي;نهج بنغازي مساكن
25;سوسة;سوسة الجوهرة;المدرسة الإعدادية الخاصة أبو القاسم الشابي;ثانوي;نهج صفي الدين الحلي – خزامة الغربية، سوسة
25;سوسة;سوسة الجوهرة;المعهد الخاص النخبة 2;ثانوي;نهج قبرص سهلول 1 4054 سوسة
25;سوسة;مساكن;المدرسة الإعدادية الخاصة النجباء;ثانوي;الحي الجديد  عمارة القاضي وراء مقهى النخبة مساكن
25;سوسة;سوسة الجوهرة;إعدادية الخاصة النخبة و المهارات;ثانوي;نهج الدكتور اسكندراني، حي الزهراء سوسة
25;سوسة;سوسة الجوهرة;المدرسة الإعدادية الخاصة المتفوقون;ثانوي;نهج ضفرالله خان الجوهرة سوسة
25;سوسة;سوسة الجوهرة;المدرسة الإعدادية الخاصة الأمير الصغير;ثانوي;نهج المنجي قريرة سهلول 3 سوسة
25;سوسة;سوسة الجوهرة;إعدادية و معهد ليدرز سكول;ثانوي;تقسيم ايمان خزامة الغربية سوسة
25;سوسة;سوسة الجوهرة;المعهد الثانوي الخاص  الأنوار;ثانوي;مقسم عدد 187 الوكالة العقارية للسكنى سهلول 4 
25;سوسة;سوسة الجوهرة;المعهد الخاص الحبيب بورقيبة;ثانوي;شارع جوهرة الساحل خزامة الغربية سوسة 
25;سوسة;مساكن; الإعدادية الخاصة اكاديميية الجيل الجديد;ثانوي;نهج الحبيب الشطي طريق القيروان مساكن
25;سوسة;سوسة الجوهرة;المعهد الثانوي الخاص الأمد;ثانوي;نهج محمد التومي سهلول سوسة 
25;سوسة;سوسة الجوهرة;الإعدادية الخاصة ابن سينا سهلول 1;ثانوي;نهج الصادق المقدم سهلول 1 سوسة
25;سوسة;سوسة الجوهرة;الإعدادية الخاصة ماري كوري;ثانوي;20 ديسمبر 2019
25;سوسة;سوسة الجوهرة;المدرسة الإعدادية الخاصةديكارت;ثانوي;الحي الأولمبي بوحسينة سوسة
25;سوسة;مساكن;المدرسة الإعدادية الخاصة أكاديمية الأنس;ثانوي;نهج بن غازي مساكن 
25;سوسة;سوسة الجوهرة;"المعهد الخاص ""المثابرة"" بسهلول";ثانوي;شارع فلسطين سهلول 2 سوسة
25;سوسة;سوسة الجوهرة;"المدرسة الإعدادية الخاصة ""الصديق ميدل سكول"" بسهلول";ثانوي;نهج قاسم أمين - سهلول 2 - سوسة
25;سوسة;أكودة;"المدرسة الإعدادية الخاصة ""غينيس سكول"" بأكودة";ثانوي;91 شارع بغداد وراء مقهى بن عربية (مفترق حنبعل) أكودة
25;سوسة;مساكن;"المدرسة الإعدادية الخاصة ""ليوناردو دافنتشي"" بمساكن";ثانوي;نهج ياسر عرفات مساكن 
25;سوسة;أكودة;"المدرسة الإعدادية الخاصة "" لاكادي"" بأكودة ";ثانوي;مفترق الهادي نويرة
25;سوسة;سوسة الرياض;المعهد الخاص بريستيني بحي الرياض;ثانوي;حمام معروف القطب التكنولوجي  سوسة
26;نابل;قربة; المعهد الثانوي الخاص الرقي قربة;ثانوي;شارع الطاهر بن عاسور قربة
26;نابل;قرمبالية; المعهد الثانوي الخاص الرجاء قرنبالية;ثانوي;حي زياتين  قرمبالية ص ب 41
26;نابل;الحمامات; المعهد الثانوي الخاص الوفاء الحمامات;ثانوي;نهج ابن سينا
26;نابل;منزل بوزلفة; المعهد الثانوي الخاص نزار منزل بوزلفة;ثانوي;نهج سيدي عبد القادر منزل بوزلفة
26;نابل;سليمان; المعهد الثانوي الخاص ابن خلدون سليمان;ثانوي;نهج غرة جوان  حي غرناطة سليمان
26;نابل;منزل تميم; المعهد الثانوي الخاص تميم منزل تميم;ثانوي;شارع محمد بن رجب منزل تميم
26;نابل;نابل; المعهد الثانوي الخاص الامل نابل;ثانوي;شارع الحبيب الكرمة زنقة عدد 03 نابل 
26;نابل;قليبية; المعهد الثانوي الخاص الفارابي قليبية;ثانوي;شارع علي البلهوان قليبية
26;نابل;نابل; المعهد الثانوي الخاص ابن رشيق نابل;ثانوي;14نهج محمود الماطري نابل 
26;نابل;قرمبالية; المعهد الثانوي الخاص التوفيق قرنبالية;ثانوي;17 نهج المنجي بالي قرمبالية
26;نابل;منزل تميم; المعهد الثانوي الخاص النجاح منزل تميم;ثانوي;شارع الحبيب ثامر منزل تميم
26;نابل;بني خلاد; المعهد الثانوي الخاص ابن خلدون بني خلاد;ثانوي;نهج فرحات حشاد بني خلاد
26;نابل;نابل; المعهد الثانوي الخاص الخوارزمي نابل;ثانوي;نهج الحبيب الكرمة زنقة عدد 1 نابل
26;نابل;قليبية; المعهد الثانوي الخاص ابن رشد قليبية;ثانوي;نهج الزهر حي الزهور قليبية
26;نابل;الهوارية; المعهد الثانوي الخاص الغزالي الهوارية;ثانوي;نهج جمال عبد الناصر الهوارية
26;نابل;دارشعبان;المدرسة الاعدادية المثالية الخاصة;ثانوي;شارع البيئة دار شعبان الفهري
26;نابل;نابل; المعهد الثانوي الخاص الامتياز نابل;ثانوي;نهح سوسة  8000 نابل 
26;نابل;نابل; المعهد الثانوي الخاص النبراس نابل;ثانوي;شارع الحبيب بورقيبة نابل
26;نابل;منزل تميم; المعهد الثانوي الخاص الرائد منزل تميم;ثانوي;نهج حمودة باشا
26;نابل;نابل; المعهد الثانوي الخاص الأفق السابع نابل;ثانوي;15 نهج احمد التليلي نابل
26;نابل;نابل; المعهد الثانوي الخاص قطب التعليم نابل;ثانوي;شارع الهادي خفشة
26;نابل;منزل بوزلفة; المدرسة الاعدادية الخاصة هبة منزل بوزلفة;ثانوي;شارع الحبيب بورقيبة منزل بوزلفة
26;نابل;قرمبالية; المدرسة الاعدادية الخاصة النخبة قرنبالية;ثانوي;حي الرياضة قرمبالية
26;نابل;سليمان;المدرسة الإعدادية الخاصة تيسير سكول;ثانوي;2 نهج مصر سليمان الرياض
26;نابل;سليمان; المدرسة الاعدادية الخاصة أشرف سليمان;ثانوي;شارع 14 جانفي سليمان
26;نابل;منزل بوزلفة;الإعدادية الخاصة الأسوة الحسنة منزل بوزلفة;ثانوي;نهج المنجي سليم طريق تاكلسة
26;نابل;الحمامات;المعهد الخاص العلامة LCLP الحمامات;ثانوي;شاع أبو ظبي الخروبة - الحمامات
26;نابل;قليبية;المدرسة الإعدادية فيكتور هيقو قليبية;ثانوي;شارع الطاهر الحداد
26;نابل;نابل;" المعهد الخاص"" المدرسة الدولية للنخبة ""بنابل";ثانوي;المدرسة الدولية للنخبة - شارع محمد الخامس
26;نابل;قليبية;المدرسة الإعدادية الخاصة بن موسى سكول قليبية;ثانوي;غرة جوان
26;نابل;الحمامات;المدرسة الإعدادية الخاصة الأندلسية أكاديمي ت الحما;ثانوي;شارع الاستقلال بئر بورقبة الحمامات
2;تونس 2;الحرايرية;المعهد الثانوي الخاص موليار سكول;ثانوي;9 نهج 636 زهروني تونس
1;تونس 1;تونس باب بحر;معهد الخاص  بوعبدلي (احداث 2020);ثانوي;23، شارع لوي براي
1;تونس 1;حلق الوادي;الاعدادية الخاصة الجوكندا حدائق قرطاج;ثانوي;البحيرة حدائق قرطاج المرسى
1;تونس 1;المرسى;المدرسة الاعدادية بوعبدلي المرسى;ثانوي;حي جناين الدنيا سيدي داود المرسى
1;تونس 1;الكرم;المعهد الخاص أكاديمية لقمان;ثانوي;نهج افلاطون عدد 44 المنطقة الصناعية خير الدين حلق الوادي
2;تونس 2;الحرايرية;المدرسة الإعدادية الخاصة Gustave Flaubert;ثانوي; 59ZONE INDUSTRIELLE AGBA 
4;منوبة;منوبة;المعهد الثانوي الخاص بيتاغور المبادرة - منوبة;ثانوي;الطريق الوطنية عدد 07 كلم 04 منوبة
4;منوبة;منوبة;المدرسة الاعدادية الخاصة نبراس سكول - منوبة;ثانوي;كلم 7 طريق ماطر-منوبة
5;بن عروس;حمام الأنف;المدرسة الإعدادية الخاصة بي سكول حمام الانف;ثانوي;32 نهج  شارل نيكول حمام الأنف
5;بن عروس;الزهراء;المدرسة الإعدادية الخاصة سان جرمان الزهراء;ثانوي;107 شارع البيئة الزهراء 
5;بن عروس;بومهل البساتين;المدرسة الإعدادية الخاصة القادة بومهل;ثانوي;10 نهج القيروان حي النسيم البساتين بومهل 
7;بنزرت;ماطر;المدرسة الإعدادية عليسة للمتفوقين بماطر;ثانوي;Rue 19 Janvier .Mateur 
7;بنزرت;منزل جميل;المعهد الخاص Fondation les Génies منزل جميل;ثانوي;عين بيطار منزل جميل
7;بنزرت;منزل جميل;المعهد الخاص مفتاح الإنجاز;ثانوي;
9;جندوبة;جندوبة الجنوبية;المدرسة الاعدادية الخاصة ألفونس دي لامارتين;ثانوي;حي النخيل الثالث جندوبة
12;القصرين;القصرين الشمالية;المعهد الخاص EXCEL;ثانوي;شارع محمد علي الحامي حي الخضراء القصرين
12;القصرين;القصرين الشمالية;المعهد الخاص غينيس سكول;ثانوي;حي البساتين قبالة مسجد عائشة
12;القصرين;فريانة;المعهد الخاص بيتاغور;ثانوي;حي الأواش فريانة
14;قفصة;قفصة الجنوبية;المعهد الخاص الخوارزمي;ثانوي;نهج الجلاء المولى قفصة
18;مدنين;مدنين الشمالية;المدرسة الاعدادية تلميذ الغد مدنين;ثانوي;حي النسيم 2 مدنين
18;مدنين;حومة السوق;المدرسة الإعدادية الخاصة عبد الرحمان ابن خلدون;ثانوي;
20;صفاقس 1;صفاقس الغربية;المعهد الخاص النخبة جنيور سكول;ثانوي;طريق منزل شاكر كلم 4.5
20;صفاقس 1;صفاقس الغربية;المعهد الخاص قرطاج;ثانوي;طريق منزل شاكر كلم1 نهج أبو بكر الصّدّيق صفاقس
20;صفاقس 1;صفاقس المدينة;المدرسة الإعدادية الخاصة سيمون دي بوفوار;ثانوي;
20;صفاقس 1;صفاقس المدينة;المعهد الخاص القمة;ثانوي;نهج جمال الدين الافغاني بو دريار 1 صفاقس
23;القيروان;القيروان الشمالية;المعهد الخاص قصر الحمراء;ثانوي;شارع محمد نقرة الصحابي4 القيروان
23;القيروان;القيروان الشمالية;المعهد الخاص ABC SENIOR;ثانوي;شارع البيئة حي المنار
23;القيروان;القيروان الشمالية;المعهد الخاص ابن سينا;ثانوي;شارع الأمم المتحدة ب القيروان
23;القيروان;القيروان الشمالية;المدرسة الاعدادية صدر بعل عليسه;ثانوي;حي اشبيليا طريق تونس
23;القيروان;القيروان الشمالية;المدرسة الإعدادية الخاصة أسد ابن الفرات;ثانوي;تقسيم زنازن خلف كيدز لاند
23;القيروان;القيروان الجنوبية;المعهد الخاص سمارت سكول ;ثانوي;شارع الابيض ابن الاسود طريق حفوز القيروان
23;القيروان;سيدي عمر بوحجلة;المعهد الخاص ابن رشد بو حجلة;ثانوي;شارع فرحات حشاد بوحجلة
24;المنستير;الساحلين;المعهد الخاص لامدا;ثانوي;نهج ساقية سيدي يوسف الساحلين
24;المنستير;بني حسان;المدرسة الإعدادية الخاصة الأمد;ثانوي;ساحة المندرة شارع عبد الرحمان الدهماني
24;المنستير;جمال;المدرسة الإعدادية الخاصة أحمد إدوكاسيون;ثانوي;نهج الكرامة الطريق الحزامية
24;المنستير;قصر هلال;المعهد الخاص ديماسي سكول;ثانوي;نهج الحاج علي صوه طريق صيادة  قصر هلال
25;سوسة;سوسة الجوهرة;المدرسة الاعدادية الخاصة ابن خلدون;ثانوي;
25;سوسة;سوسة الجوهرة;المعهد الخاص المتفوقون الجدد;ثانوي;شارع جلول بن شريفة خزامة الغربية
25;سوسة;سوسة الجوهرة;المدرسة الإعدادية الخاصّة الغزالي ;ثانوي;شارع أبوحامد الغزالي بوحسينة سوسة
25;سوسة;سوسة الرياض;المدرسة الإعدادية الخاصّة الأمد 03  حي الرياض;ثانوي;شارع حاطب ابن ابي بلتعة
25;سوسة;القلعة الصغيرة;المدرسة الإعدادية الخاصة المنارة;ثانوي;14شارع  جانفي 2011  القلعة الصغرى
26;نابل;نابل;المعهد الخاص المثالية;ثانوي;
26;نابل;دارشعبان;المعهد الخاص la nouvelle vision;ثانوي;شارع 29 جانفي 1952 دار شعبان الفهري
26;نابل;دارشعبان;المعهد الخاص كليمانس;ثانوي;شارع السلام دار شعبان الفهري
3;أريانة;أريانة;"المعهد الخاص ""معهد المعارف الدولي للتعليم""";ثانوي;
25;سوسة;الزاوية القصيبة الثريات;المدرسة الإعدادية الخاصة  ألبار كامو ;ثانوي;شارع النخيل زاوية سوسة
25;سوسة;سوسة الجوهرة;المدرسة الإعدادية الخاصة العلم;ثانوي;216 حي بوخزر سوسة 
1;تونس 1;حلق الوادي;المدرسة الاعدادية الخاصة أكاديمية البحيرة بي ضفاف البحيرة2;ثانوي;
1;تونس 1;المرسى;المدرسة الدولية الانجليزية بقمرت;ثانوي;36 نهج الذهب بالمنطقة الصناعية سدي داود
1;تونس 1;حلق الوادي;المعهد الخاص جون ماسي بحلق الود;ثانوي;3 شارع أفلاطون بالمنطقة الصناعية خيردين باشا البحيرة 3 حلق الواد
1;تونس 1;حلق الوادي;المعهد الخاص بيراميد سكول بحلق الود;ثانوي;
1;تونس 1;حلق الوادي;المدرسة الاعدادية الخاصة التكامل بحلق الواد;ثانوي;4 نهج إبن نفيس المنطقة الصناعية خيردين الكرم
2;تونس 2;باردو;المدرسة الإعدادية الخاصة أركان هاي سكول;ثانوي;7 نهج ليبيا باردو 
2;تونس 2;سيدي حسين;المدرسة الإعدادية الخاصة الكنوز اللامعة;ثانوي;118 شارع البيئة سيدي حسين
2;تونس 2;المنزه;المدرسة الاعدادية الخاصة المدرسة الدولية الفرنسية ;ثانوي;3 شارع ابن بسام المنزه 1
3;أريانة;رواد;"المدرسة الاعدادية الخاصة ""كولاج 2 الغزالة """"برواد";ثانوي;03 نهج محمد الاخضر الغضباني حي الغزالة
3;أريانة;أريانة;"المدرسة الاعدادية الخاصة ""Carthage Ennasr"" بالنصر1";ثانوي;17 نهج البانيا النصر1
3;أريانة;حي التضامن;"المعهد الخاص ""التضامن"" بحي التضامن";ثانوي;01 نهج نابولس حي التضامن
5;بن عروس;مرناق;المدرسة الإعدادية الخاصة  أسود مرناق ;ثانوي;طريق شالة  حي المزيان 2 مرناق
5;بن عروس;المروج;المعهد الخاص Excellence Harmonie  المروج 1;ثانوي;نهج تطاوين المروج 1 
5;بن عروس;المحمدية;المدرسة الإعدادية الخاصة الذوادي سكول المحمدية;ثانوي;نهج الزبير ابن العوام حي حشاد المحمدية
5;بن عروس;مقرين;المعهد الخاص المرج الأخضر  مقرين ;ثانوي;4 نهج ابو القاسم الشابي مقرين العليا
5;بن عروس;فوشانة;المدرسة الإعدادية الخاصة ألتاس فوشانة ;ثانوي;نهج ميلانو حي السلام فوشانة
5;بن عروس;مرناق;المدرسة الاعدادية الخاصة أنس بمرناق;ثانوي;شارع فرحات حشاد مرناق  
6;زغوان;الناظور;"المعهد الخاص""الحي الجديد"" بالناظور";ثانوي;شارع البيئة الناظور زغوان
6;زغوان;الزريبة;"المدرسة اعدادية الخاصة ""المفتاح"" بالزريبة";ثانوي;نهج الزهراء حي الوكالة العقارية للسكنى  الزريبة حمام
7;بنزرت;ماطر;معهد الحميدية ماطر;ثانوي;37 نهج موسى بن نصير ماطر 
7;بنزرت;جرزونة;المدرسة الإعدادية الخاصة محمد إعدادي;ثانوي;حي الرجاء 
9;جندوبة;طبرقة;"المدرسة الإعدادية الخاصة ""لاجلوري La Gloire""";ثانوي;حي المرجان طريق تونس طبرقة
10;سليانة;سليانة الشمالية;المعهد الخاص ابن سينا سليانة;ثانوي;حي الرياض 1 سليانة
10;سليانة;سليانة الشمالية;المعهد الخاص ابن أبي الضياف 2 سليانة;ثانوي;حي النور سليانة
12;القصرين;فوسانة;المدرسة الاعدادية الخاصة  دلتا سكول;ثانوي;شارع البيئة حي الانلاقة فوسانة
13;سيدي بوزيد;سيدي بوزيد الغربية;المعهد الخاص الاندلس بسيدي بوزيد;ثانوي;نهج 2مارس1934
14;قفصة;السند;المعهد الخاص مناهل العلم ;ثانوي;حي الزيتونة السند
14;قفصة;قفصة الجنوبية;المعهد الخاص التميز;ثانوي;حي النور قفصة
16;قبلي;الفوار;"المدرسة اعدادبة الخاصة ""محمد بن لسعد"" بالفوار";ثانوي;حي الهدى الفوار قبلي
16;قبلي;دوز الشمالية;"المعهد الخاص ""بن عبد الله "" بدوز";ثانوي;دوز العبادلة
16;قبلي;قبلي الشمالية;"المدرسة اعدادبة الخاصة ""النخبة"" بقبلي";ثانوي;حي التنظيم العائلي طريق قابس قبلي
21;صفاقس 2;ساقية الزيت;م الإعدادية  الخاصة الدرب المدرسي الساطع بالشيحية;ثانوي;شارع الطبلبي كم4 بجانب جامع الحسنى صفاقس
21;صفاقس 2;قرقنة;المعهد الخاص منصور بقرقنة;ثانوي;الكلابين قرقنة صفاقس
21;صفاقس 2;صفاقس الجنوبية;المعهد الخاص المدرسة الدولية الخاصة بصفاقس EIS;ثانوي;CITE EL ONS - KM 11
22;المهدية;المهدية;المدرسة الإعدادية الخاصة ABC SCHOOL بالرجيش;ثانوي;الطريق الوطنية 82 مدخل رجيش 
24;المنستير;الساحلين;المعهد الخاص روايال سكول المنستير;ثانوي;طريق مسجد عيسى المنستير
24;المنستير;المكنين;المدرسة الإعدادية الخاصة فرحات سكول المكنين;ثانوي;طريق منزل فارسي 
24;المنستير;المكنين;المدرسة الإعدادية الخاصة السبيل المشرق المكنين;ثانوي;شارع البيئة
24;المنستير;زرمدين;المدرسة الإعدادية الخاصة PROGRESS زرمدين;ثانوي;حي المنار
25;سوسة;سوسة الرياض;المدرسة الإعدادية والمعهد الخاص الفرنسي الدولي محمد ادريس;ثانوي;القطب التنموي بسوسة
25;سوسة;سوسة المدينة;المدرسة الإعدادية الخاصة Sousse International School;ثانوي;شارع سالم الهريش سوسة جوهرة 
25;سوسة;النفيضة;المدرسة الإعدادية الخاصة النحت;ثانوي;نهج المنجي سليم حي المحيط
25;سوسة;سوسة الجوهرة;المدرسة الإعدادية والمعهد الخاص جون ديوي إنترناشيونال سكول;ثانوي;Lot 125Sahloul4- Sousse
1;تونس 1;المرسى;المعهد الخاص طيبة المرسى;ثانوي;المنطقة الصناعية سيدي داود
26;نابل;منزل تميم;المدرسة الاعدادية الخاصة VAN GOGH;ثانوي;نهج أولمبيا منزل تميم 
25;سوسة;سوسة الجوهرة;المدرسة الإعدادية الخاصة سبارك سكول;ثانوي;بوحيبنة وادي الخروب
1;تونس 1;الخضراء;المعهد الخاص لو بهو هاي سكول الخضراء;ثانوي;9 نهج محمد علي عقيد بال حية الاولمبي
